30	0	29	31	
31	0	30	1	
31	1	0	32	
32	1	31	2	
32	2	1	33	
33	2	32	3	
33	3	2	34	
34	3	33	4	
34	4	3	35	
35	4	34	5	
35	5	4	36	
36	5	35	6	
36	6	5	37	
37	6	36	7	
37	7	6	38	
38	7	37	8	
38	8	7	39	
39	8	38	9	
39	9	8	40	
40	9	39	10	
40	10	9	41	
41	10	40	11	
41	11	10	42	
42	11	41	12	
42	12	11	43	
43	12	42	13	
43	13	12	44	
44	13	43	14	
44	14	13	45	
45	14	44	15	
45	15	14	46	
46	15	45	16	
46	16	15	47	
47	16	46	17	
47	17	16	48	
48	17	47	18	
48	18	17	49	
49	18	48	19	
49	19	18	50	
50	19	49	20	
50	20	19	51	
51	20	50	21	
51	21	20	52	
52	21	51	22	
52	22	21	53	
53	22	52	23	
53	23	22	54	
54	23	53	24	
54	24	23	55	
55	24	54	25	
55	25	24	56	
56	25	55	26	
56	26	25	57	
57	26	56	27	
57	27	26	58	
58	27	57	28	
58	28	27	59	
59	28	58	29	
30	29	59	0	
59	29	28	30	
31	30	61	0	
30	59	60	29	
60	30	59	61	
61	30	60	31	
32	31	62	1	
61	31	30	62	
62	31	61	32	
33	32	63	2	
62	32	31	63	
63	32	62	33	
34	33	64	3	
63	33	32	64	
64	33	63	34	
35	34	65	4	
64	34	33	65	
65	34	64	35	
36	35	66	5	
65	35	34	66	
66	35	65	36	
37	36	67	6	
66	36	35	67	
67	36	66	37	
38	37	68	7	
67	37	36	68	
68	37	67	38	
39	38	69	8	
68	38	37	69	
69	38	68	39	
40	39	70	9	
69	39	38	70	
70	39	69	40	
41	40	71	10	
70	40	39	71	
71	40	70	41	
42	41	72	11	
71	41	40	72	
72	41	71	42	
43	42	73	12	
72	42	41	73	
73	42	72	43	
44	43	74	13	
73	43	42	74	
74	43	73	44	
45	44	75	14	
74	44	43	75	
75	44	74	45	
46	45	76	15	
75	45	44	76	
76	45	75	46	
47	46	77	16	
76	46	45	77	
77	46	76	47	
48	47	78	17	
77	47	46	78	
78	47	77	48	
49	48	79	18	
78	48	47	79	
79	48	78	49	
50	49	80	19	
79	49	48	80	
80	49	79	50	
51	50	81	20	
80	50	49	81	
81	50	80	51	
52	51	82	21	
81	51	50	82	
82	51	81	52	
53	52	83	22	
82	52	51	83	
83	52	82	53	
54	53	84	23	
83	53	52	84	
84	53	83	54	
55	54	85	24	
84	54	53	85	
85	54	84	55	
56	55	86	25	
85	55	54	86	
86	55	85	56	
57	56	87	26	
86	56	55	87	
87	56	86	57	
58	57	88	27	
87	57	56	88	
88	57	87	58	
59	58	89	28	
88	58	57	89	
89	58	88	59	
60	59	89	30	
89	59	58	60	
61	60	91	30	
60	89	90	59	
90	60	89	91	
91	60	90	61	
62	61	92	31	
91	61	60	92	
92	61	91	62	
63	62	93	32	
92	62	61	93	
93	62	92	63	
64	63	94	33	
93	63	62	94	
94	63	93	64	
65	64	95	34	
94	64	63	95	
95	64	94	65	
66	65	96	35	
95	65	64	96	
96	65	95	66	
67	66	97	36	
96	66	65	97	
97	66	96	67	
68	67	98	37	
97	67	66	98	
98	67	97	68	
69	68	99	38	
98	68	67	99	
99	68	98	69	
70	69	100	39	
99	69	68	100	
100	69	99	70	
71	70	101	40	
100	70	69	101	
101	70	100	71	
72	71	102	41	
101	71	70	102	
102	71	101	72	
73	72	103	42	
102	72	71	103	
103	72	102	73	
74	73	104	43	
103	73	72	104	
104	73	103	74	
75	74	105	44	
104	74	73	105	
105	74	104	75	
76	75	106	45	
105	75	74	106	
106	75	105	76	
77	76	107	46	
106	76	75	107	
107	76	106	77	
78	77	108	47	
107	77	76	108	
108	77	107	78	
79	78	109	48	
108	78	77	109	
109	78	108	79	
80	79	110	49	
109	79	78	110	
110	79	109	80	
81	80	111	50	
110	80	79	111	
111	80	110	81	
82	81	112	51	
111	81	80	112	
112	81	111	82	
83	82	113	52	
112	82	81	113	
113	82	112	83	
84	83	114	53	
113	83	82	114	
114	83	113	84	
85	84	115	54	
114	84	83	115	
115	84	114	85	
86	85	116	55	
115	85	84	116	
116	85	115	86	
87	86	117	56	
116	86	85	117	
117	86	116	87	
88	87	118	57	
117	87	86	118	
118	87	117	88	
89	88	119	58	
118	88	87	119	
119	88	118	89	
90	89	119	60	
119	89	88	90	
91	90	121	60	
90	119	120	89	
120	90	119	121	
121	90	120	91	
92	91	122	61	
121	91	90	122	
122	91	121	92	
93	92	123	62	
122	92	91	123	
123	92	122	93	
94	93	124	63	
123	93	92	124	
124	93	123	94	
95	94	125	64	
124	94	93	125	
125	94	124	95	
96	95	126	65	
125	95	94	126	
126	95	125	96	
97	96	127	66	
126	96	95	127	
127	96	126	97	
98	97	128	67	
127	97	96	128	
128	97	127	98	
99	98	129	68	
128	98	97	129	
129	98	128	99	
100	99	130	69	
129	99	98	130	
130	99	129	100	
101	100	131	70	
130	100	99	131	
131	100	130	101	
102	101	132	71	
131	101	100	132	
132	101	131	102	
103	102	133	72	
132	102	101	133	
133	102	132	103	
104	103	134	73	
133	103	102	134	
134	103	133	104	
105	104	135	74	
134	104	103	135	
135	104	134	105	
106	105	136	75	
135	105	104	136	
136	105	135	106	
107	106	137	76	
136	106	105	137	
137	106	136	107	
108	107	138	77	
137	107	106	138	
138	107	137	108	
109	108	139	78	
138	108	107	139	
139	108	138	109	
110	109	140	79	
139	109	108	140	
140	109	139	110	
111	110	141	80	
140	110	109	141	
141	110	140	111	
112	111	142	81	
141	111	110	142	
142	111	141	112	
113	112	143	82	
142	112	111	143	
143	112	142	113	
114	113	144	83	
143	113	112	144	
144	113	143	114	
115	114	145	84	
144	114	113	145	
145	114	144	115	
116	115	146	85	
145	115	114	146	
146	115	145	116	
117	116	147	86	
146	116	115	147	
147	116	146	117	
118	117	148	87	
147	117	116	148	
148	117	147	118	
119	118	149	88	
148	118	117	149	
149	118	148	119	
120	119	149	90	
149	119	118	120	
121	120	151	90	
120	149	150	119	
150	120	149	151	
151	120	150	121	
122	121	152	91	
151	121	120	152	
152	121	151	122	
123	122	153	92	
152	122	121	153	
153	122	152	123	
124	123	154	93	
153	123	122	154	
154	123	153	124	
125	124	155	94	
154	124	123	155	
155	124	154	125	
126	125	156	95	
155	125	124	156	
156	125	155	126	
127	126	157	96	
156	126	125	157	
157	126	156	127	
128	127	158	97	
157	127	126	158	
158	127	157	128	
129	128	159	98	
158	128	127	159	
159	128	158	129	
130	129	160	99	
159	129	128	160	
160	129	159	130	
131	130	161	100	
160	130	129	161	
161	130	160	131	
132	131	162	101	
161	131	130	162	
162	131	161	132	
133	132	163	102	
162	132	131	163	
163	132	162	133	
134	133	164	103	
163	133	132	164	
164	133	163	134	
135	134	165	104	
164	134	133	165	
165	134	164	135	
136	135	166	105	
165	135	134	166	
166	135	165	136	
137	136	167	106	
166	136	135	167	
167	136	166	137	
138	137	168	107	
167	137	136	168	
168	137	167	138	
139	138	169	108	
168	138	137	169	
169	138	168	139	
140	139	170	109	
169	139	138	170	
170	139	169	140	
141	140	171	110	
170	140	139	171	
171	140	170	141	
142	141	172	111	
171	141	140	172	
172	141	171	142	
143	142	173	112	
172	142	141	173	
173	142	172	143	
144	143	174	113	
173	143	142	174	
174	143	173	144	
145	144	175	114	
174	144	143	175	
175	144	174	145	
146	145	176	115	
175	145	144	176	
176	145	175	146	
147	146	177	116	
176	146	145	177	
177	146	176	147	
148	147	178	117	
177	147	146	178	
178	147	177	148	
149	148	179	118	
178	148	147	179	
179	148	178	149	
150	149	179	120	
179	149	148	150	
151	150	181	120	
150	179	180	149	
180	150	179	181	
181	150	180	151	
152	151	182	121	
181	151	150	182	
182	151	181	152	
153	152	183	122	
182	152	151	183	
183	152	182	153	
154	153	184	123	
183	153	152	184	
184	153	183	154	
155	154	185	124	
184	154	153	185	
185	154	184	155	
156	155	186	125	
185	155	154	186	
186	155	185	156	
157	156	187	126	
186	156	155	187	
187	156	186	157	
158	157	188	127	
187	157	156	188	
188	157	187	158	
159	158	189	128	
188	158	157	189	
189	158	188	159	
160	159	190	129	
189	159	158	190	
190	159	189	160	
161	160	191	130	
190	160	159	191	
191	160	190	161	
162	161	192	131	
191	161	160	192	
192	161	191	162	
163	162	193	132	
192	162	161	193	
193	162	192	163	
164	163	194	133	
193	163	162	194	
194	163	193	164	
165	164	195	134	
194	164	163	195	
195	164	194	165	
166	165	196	135	
195	165	164	196	
196	165	195	166	
167	166	197	136	
196	166	165	197	
197	166	196	167	
168	167	198	137	
197	167	166	198	
198	167	197	168	
169	168	199	138	
198	168	167	199	
199	168	198	169	
170	169	200	139	
199	169	168	200	
200	169	199	170	
171	170	201	140	
200	170	169	201	
201	170	200	171	
172	171	202	141	
201	171	170	202	
202	171	201	172	
173	172	203	142	
202	172	171	203	
203	172	202	173	
174	173	204	143	
203	173	172	204	
204	173	203	174	
175	174	205	144	
204	174	173	205	
205	174	204	175	
176	175	206	145	
205	175	174	206	
206	175	205	176	
177	176	207	146	
206	176	175	207	
207	176	206	177	
178	177	208	147	
207	177	176	208	
208	177	207	178	
179	178	209	148	
208	178	177	209	
209	178	208	179	
180	179	209	150	
209	179	178	180	
181	180	211	150	
180	209	210	179	
210	180	209	211	
211	180	210	181	
182	181	212	151	
211	181	180	212	
212	181	211	182	
183	182	213	152	
212	182	181	213	
213	182	212	183	
184	183	214	153	
213	183	182	214	
214	183	213	184	
185	184	215	154	
214	184	183	215	
215	184	214	185	
186	185	216	155	
215	185	184	216	
216	185	215	186	
187	186	217	156	
216	186	185	217	
217	186	216	187	
188	187	218	157	
217	187	186	218	
218	187	217	188	
189	188	219	158	
218	188	187	219	
219	188	218	189	
190	189	220	159	
219	189	188	220	
220	189	219	190	
191	190	221	160	
220	190	189	221	
221	190	220	191	
192	191	222	161	
221	191	190	222	
222	191	221	192	
193	192	223	162	
222	192	191	223	
223	192	222	193	
194	193	224	163	
223	193	192	224	
224	193	223	194	
195	194	225	164	
224	194	193	225	
225	194	224	195	
196	195	226	165	
225	195	194	226	
226	195	225	196	
197	196	227	166	
226	196	195	227	
227	196	226	197	
198	197	228	167	
227	197	196	228	
228	197	227	198	
199	198	229	168	
228	198	197	229	
229	198	228	199	
200	199	230	169	
229	199	198	230	
230	199	229	200	
201	200	231	170	
230	200	199	231	
231	200	230	201	
202	201	232	171	
231	201	200	232	
232	201	231	202	
203	202	233	172	
232	202	201	233	
233	202	232	203	
204	203	234	173	
233	203	202	234	
234	203	233	204	
205	204	235	174	
234	204	203	235	
235	204	234	205	
206	205	236	175	
235	205	204	236	
236	205	235	206	
207	206	237	176	
236	206	205	237	
237	206	236	207	
208	207	238	177	
237	207	206	238	
238	207	237	208	
209	208	239	178	
238	208	207	239	
239	208	238	209	
210	209	239	180	
239	209	208	210	
211	210	241	180	
210	239	240	209	
240	210	239	241	
241	210	240	211	
212	211	242	181	
241	211	210	242	
242	211	241	212	
213	212	243	182	
242	212	211	243	
243	212	242	213	
214	213	244	183	
243	213	212	244	
244	213	243	214	
215	214	245	184	
244	214	213	245	
245	214	244	215	
216	215	246	185	
245	215	214	246	
246	215	245	216	
217	216	247	186	
246	216	215	247	
247	216	246	217	
218	217	248	187	
247	217	216	248	
248	217	247	218	
219	218	249	188	
248	218	217	249	
249	218	248	219	
220	219	250	189	
249	219	218	250	
250	219	249	220	
221	220	251	190	
250	220	219	251	
251	220	250	221	
222	221	252	191	
251	221	220	252	
252	221	251	222	
223	222	253	192	
252	222	221	253	
253	222	252	223	
224	223	254	193	
253	223	222	254	
254	223	253	224	
225	224	255	194	
254	224	223	255	
255	224	254	225	
226	225	256	195	
255	225	224	256	
256	225	255	226	
227	226	257	196	
256	226	225	257	
257	226	256	227	
228	227	258	197	
257	227	226	258	
258	227	257	228	
229	228	259	198	
258	228	227	259	
259	228	258	229	
230	229	260	199	
259	229	228	260	
260	229	259	230	
231	230	261	200	
260	230	229	261	
261	230	260	231	
232	231	262	201	
261	231	230	262	
262	231	261	232	
233	232	263	202	
262	232	231	263	
263	232	262	233	
234	233	264	203	
263	233	232	264	
264	233	263	234	
235	234	265	204	
264	234	233	265	
265	234	264	235	
236	235	266	205	
265	235	234	266	
266	235	265	236	
237	236	267	206	
266	236	235	267	
267	236	266	237	
238	237	268	207	
267	237	236	268	
268	237	267	238	
239	238	269	208	
268	238	237	269	
269	238	268	239	
240	239	269	210	
269	239	238	240	
241	240	271	210	
240	269	270	239	
270	240	269	271	
271	240	270	241	
242	241	272	211	
271	241	240	272	
272	241	271	242	
243	242	273	212	
272	242	241	273	
273	242	272	243	
244	243	274	213	
273	243	242	274	
274	243	273	244	
245	244	275	214	
274	244	243	275	
275	244	274	245	
246	245	276	215	
275	245	244	276	
276	245	275	246	
247	246	277	216	
276	246	245	277	
277	246	276	247	
248	247	278	217	
277	247	246	278	
278	247	277	248	
249	248	279	218	
278	248	247	279	
279	248	278	249	
250	249	280	219	
279	249	248	280	
280	249	279	250	
251	250	281	220	
280	250	249	281	
281	250	280	251	
252	251	282	221	
281	251	250	282	
282	251	281	252	
253	252	283	222	
282	252	251	283	
283	252	282	253	
254	253	284	223	
283	253	252	284	
284	253	283	254	
255	254	285	224	
284	254	253	285	
285	254	284	255	
256	255	286	225	
285	255	254	286	
286	255	285	256	
257	256	287	226	
286	256	255	287	
287	256	286	257	
258	257	288	227	
287	257	256	288	
288	257	287	258	
259	258	289	228	
288	258	257	289	
289	258	288	259	
260	259	290	229	
289	259	258	290	
290	259	289	260	
261	260	291	230	
290	260	259	291	
291	260	290	261	
262	261	292	231	
291	261	260	292	
292	261	291	262	
263	262	293	232	
292	262	261	293	
293	262	292	263	
264	263	294	233	
293	263	262	294	
294	263	293	264	
265	264	295	234	
294	264	263	295	
295	264	294	265	
266	265	296	235	
295	265	264	296	
296	265	295	266	
267	266	297	236	
296	266	265	297	
297	266	296	267	
268	267	298	237	
297	267	266	298	
298	267	297	268	
269	268	299	238	
298	268	267	299	
299	268	298	269	
270	269	299	240	
299	269	268	270	
271	270	301	240	
270	299	300	269	
300	270	299	301	
301	270	300	271	
272	271	302	241	
301	271	270	302	
302	271	301	272	
273	272	303	242	
302	272	271	303	
303	272	302	273	
274	273	304	243	
303	273	272	304	
304	273	303	274	
275	274	305	244	
304	274	273	305	
305	274	304	275	
276	275	306	245	
305	275	274	306	
306	275	305	276	
277	276	307	246	
306	276	275	307	
307	276	306	277	
278	277	308	247	
307	277	276	308	
308	277	307	278	
279	278	309	248	
308	278	277	309	
309	278	308	279	
280	279	310	249	
309	279	278	310	
310	279	309	280	
281	280	311	250	
310	280	279	311	
311	280	310	281	
282	281	312	251	
311	281	280	312	
312	281	311	282	
283	282	313	252	
312	282	281	313	
313	282	312	283	
284	283	314	253	
313	283	282	314	
314	283	313	284	
285	284	315	254	
314	284	283	315	
315	284	314	285	
286	285	316	255	
315	285	284	316	
316	285	315	286	
287	286	317	256	
316	286	285	317	
317	286	316	287	
288	287	318	257	
317	287	286	318	
318	287	317	288	
289	288	319	258	
318	288	287	319	
319	288	318	289	
290	289	320	259	
319	289	288	320	
320	289	319	290	
291	290	321	260	
320	290	289	321	
321	290	320	291	
292	291	322	261	
321	291	290	322	
322	291	321	292	
293	292	323	262	
322	292	291	323	
323	292	322	293	
294	293	324	263	
323	293	292	324	
324	293	323	294	
295	294	325	264	
324	294	293	325	
325	294	324	295	
296	295	326	265	
325	295	294	326	
326	295	325	296	
297	296	327	266	
326	296	295	327	
327	296	326	297	
298	297	328	267	
327	297	296	328	
328	297	327	298	
299	298	329	268	
328	298	297	329	
329	298	328	299	
300	299	329	270	
329	299	298	300	
301	300	331	270	
300	329	330	299	
330	300	329	331	
331	300	330	301	
302	301	332	271	
331	301	300	332	
332	301	331	302	
303	302	333	272	
332	302	301	333	
333	302	332	303	
304	303	334	273	
333	303	302	334	
334	303	333	304	
305	304	335	274	
334	304	303	335	
335	304	334	305	
306	305	336	275	
335	305	304	336	
336	305	335	306	
307	306	337	276	
336	306	305	337	
337	306	336	307	
308	307	338	277	
337	307	306	338	
338	307	337	308	
309	308	339	278	
338	308	307	339	
339	308	338	309	
310	309	340	279	
339	309	308	340	
340	309	339	310	
311	310	341	280	
340	310	309	341	
341	310	340	311	
312	311	342	281	
341	311	310	342	
342	311	341	312	
313	312	343	282	
342	312	311	343	
343	312	342	313	
314	313	344	283	
343	313	312	344	
344	313	343	314	
315	314	345	284	
344	314	313	345	
345	314	344	315	
316	315	346	285	
345	315	314	346	
346	315	345	316	
317	316	347	286	
346	316	315	347	
347	316	346	317	
318	317	348	287	
347	317	316	348	
348	317	347	318	
319	318	349	288	
348	318	317	349	
349	318	348	319	
320	319	350	289	
349	319	318	350	
350	319	349	320	
321	320	351	290	
350	320	319	351	
351	320	350	321	
322	321	352	291	
351	321	320	352	
352	321	351	322	
323	322	353	292	
352	322	321	353	
353	322	352	323	
324	323	354	293	
353	323	322	354	
354	323	353	324	
325	324	355	294	
354	324	323	355	
355	324	354	325	
326	325	356	295	
355	325	324	356	
356	325	355	326	
327	326	357	296	
356	326	325	357	
357	326	356	327	
328	327	358	297	
357	327	326	358	
358	327	357	328	
329	328	359	298	
358	328	327	359	
359	328	358	329	
330	329	359	300	
359	329	328	330	
331	330	361	300	
330	359	360	329	
360	330	359	361	
361	330	360	331	
332	331	362	301	
361	331	330	362	
362	331	361	332	
333	332	363	302	
362	332	331	363	
363	332	362	333	
334	333	364	303	
363	333	332	364	
364	333	363	334	
335	334	365	304	
364	334	333	365	
365	334	364	335	
336	335	366	305	
365	335	334	366	
366	335	365	336	
337	336	367	306	
366	336	335	367	
367	336	366	337	
338	337	368	307	
367	337	336	368	
368	337	367	338	
339	338	369	308	
368	338	337	369	
369	338	368	339	
340	339	370	309	
369	339	338	370	
370	339	369	340	
341	340	371	310	
370	340	339	371	
371	340	370	341	
342	341	372	311	
371	341	340	372	
372	341	371	342	
343	342	373	312	
372	342	341	373	
373	342	372	343	
344	343	374	313	
373	343	342	374	
374	343	373	344	
345	344	375	314	
374	344	343	375	
375	344	374	345	
346	345	376	315	
375	345	344	376	
376	345	375	346	
347	346	377	316	
376	346	345	377	
377	346	376	347	
348	347	378	317	
377	347	346	378	
378	347	377	348	
349	348	379	318	
378	348	347	379	
379	348	378	349	
350	349	380	319	
379	349	348	380	
380	349	379	350	
351	350	381	320	
380	350	349	381	
381	350	380	351	
352	351	382	321	
381	351	350	382	
382	351	381	352	
353	352	383	322	
382	352	351	383	
383	352	382	353	
354	353	384	323	
383	353	352	384	
384	353	383	354	
355	354	385	324	
384	354	353	385	
385	354	384	355	
356	355	386	325	
385	355	354	386	
386	355	385	356	
357	356	387	326	
386	356	355	387	
387	356	386	357	
358	357	388	327	
387	357	356	388	
388	357	387	358	
359	358	389	328	
388	358	357	389	
389	358	388	359	
360	359	389	330	
389	359	358	360	
361	360	391	330	
360	389	390	359	
390	360	389	391	
391	360	390	361	
362	361	392	331	
391	361	360	392	
392	361	391	362	
363	362	393	332	
392	362	361	393	
393	362	392	363	
364	363	394	333	
393	363	362	394	
394	363	393	364	
365	364	395	334	
394	364	363	395	
395	364	394	365	
366	365	396	335	
395	365	364	396	
396	365	395	366	
367	366	397	336	
396	366	365	397	
397	366	396	367	
368	367	398	337	
397	367	366	398	
398	367	397	368	
369	368	399	338	
398	368	367	399	
399	368	398	369	
370	369	400	339	
399	369	368	400	
400	369	399	370	
371	370	401	340	
400	370	369	401	
401	370	400	371	
372	371	402	341	
401	371	370	402	
402	371	401	372	
373	372	403	342	
402	372	371	403	
403	372	402	373	
374	373	404	343	
403	373	372	404	
404	373	403	374	
375	374	405	344	
404	374	373	405	
405	374	404	375	
376	375	406	345	
405	375	374	406	
406	375	405	376	
377	376	407	346	
406	376	375	407	
407	376	406	377	
378	377	408	347	
407	377	376	408	
408	377	407	378	
379	378	409	348	
408	378	377	409	
409	378	408	379	
380	379	410	349	
409	379	378	410	
410	379	409	380	
381	380	411	350	
410	380	379	411	
411	380	410	381	
382	381	412	351	
411	381	380	412	
412	381	411	382	
383	382	413	352	
412	382	381	413	
413	382	412	383	
384	383	414	353	
413	383	382	414	
414	383	413	384	
385	384	415	354	
414	384	383	415	
415	384	414	385	
386	385	416	355	
415	385	384	416	
416	385	415	386	
387	386	417	356	
416	386	385	417	
417	386	416	387	
388	387	418	357	
417	387	386	418	
418	387	417	388	
389	388	419	358	
418	388	387	419	
419	388	418	389	
390	389	419	360	
419	389	388	390	
391	390	421	360	
390	419	420	389	
420	390	419	421	
421	390	420	391	
392	391	422	361	
421	391	390	422	
422	391	421	392	
393	392	423	362	
422	392	391	423	
423	392	422	393	
394	393	424	363	
423	393	392	424	
424	393	423	394	
395	394	425	364	
424	394	393	425	
425	394	424	395	
396	395	426	365	
425	395	394	426	
426	395	425	396	
397	396	427	366	
426	396	395	427	
427	396	426	397	
398	397	428	367	
427	397	396	428	
428	397	427	398	
399	398	429	368	
428	398	397	429	
429	398	428	399	
400	399	430	369	
429	399	398	430	
430	399	429	400	
401	400	431	370	
430	400	399	431	
431	400	430	401	
402	401	432	371	
431	401	400	432	
432	401	431	402	
403	402	433	372	
432	402	401	433	
433	402	432	403	
404	403	434	373	
433	403	402	434	
434	403	433	404	
405	404	435	374	
434	404	403	435	
435	404	434	405	
406	405	436	375	
435	405	404	436	
436	405	435	406	
407	406	437	376	
436	406	405	437	
437	406	436	407	
408	407	438	377	
437	407	406	438	
438	407	437	408	
409	408	439	378	
438	408	407	439	
439	408	438	409	
410	409	440	379	
439	409	408	440	
440	409	439	410	
411	410	441	380	
440	410	409	441	
441	410	440	411	
412	411	442	381	
441	411	410	442	
442	411	441	412	
413	412	443	382	
442	412	411	443	
443	412	442	413	
414	413	444	383	
443	413	412	444	
444	413	443	414	
415	414	445	384	
444	414	413	445	
445	414	444	415	
416	415	446	385	
445	415	414	446	
446	415	445	416	
417	416	447	386	
446	416	415	447	
447	416	446	417	
418	417	448	387	
447	417	416	448	
448	417	447	418	
419	418	449	388	
448	418	417	449	
449	418	448	419	
420	419	449	390	
449	419	418	420	
421	420	451	390	
420	449	450	419	
450	420	449	451	
451	420	450	421	
422	421	452	391	
451	421	420	452	
452	421	451	422	
423	422	453	392	
452	422	421	453	
453	422	452	423	
424	423	454	393	
453	423	422	454	
454	423	453	424	
425	424	455	394	
454	424	423	455	
455	424	454	425	
426	425	456	395	
455	425	424	456	
456	425	455	426	
427	426	457	396	
456	426	425	457	
457	426	456	427	
428	427	458	397	
457	427	426	458	
458	427	457	428	
429	428	459	398	
458	428	427	459	
459	428	458	429	
430	429	460	399	
459	429	428	460	
460	429	459	430	
431	430	461	400	
460	430	429	461	
461	430	460	431	
432	431	462	401	
461	431	430	462	
462	431	461	432	
433	432	463	402	
462	432	431	463	
463	432	462	433	
434	433	464	403	
463	433	432	464	
464	433	463	434	
435	434	465	404	
464	434	433	465	
465	434	464	435	
436	435	466	405	
465	435	434	466	
466	435	465	436	
437	436	467	406	
466	436	435	467	
467	436	466	437	
438	437	468	407	
467	437	436	468	
468	437	467	438	
439	438	469	408	
468	438	437	469	
469	438	468	439	
440	439	470	409	
469	439	438	470	
470	439	469	440	
441	440	471	410	
470	440	439	471	
471	440	470	441	
442	441	472	411	
471	441	440	472	
472	441	471	442	
443	442	473	412	
472	442	441	473	
473	442	472	443	
444	443	474	413	
473	443	442	474	
474	443	473	444	
445	444	475	414	
474	444	443	475	
475	444	474	445	
446	445	476	415	
475	445	444	476	
476	445	475	446	
447	446	477	416	
476	446	445	477	
477	446	476	447	
448	447	478	417	
477	447	446	478	
478	447	477	448	
449	448	479	418	
478	448	447	479	
479	448	478	449	
450	449	479	420	
479	449	448	450	
451	450	481	420	
450	479	480	449	
480	450	479	481	
481	450	480	451	
452	451	482	421	
481	451	450	482	
482	451	481	452	
453	452	483	422	
482	452	451	483	
483	452	482	453	
454	453	484	423	
483	453	452	484	
484	453	483	454	
455	454	485	424	
484	454	453	485	
485	454	484	455	
456	455	486	425	
485	455	454	486	
486	455	485	456	
457	456	487	426	
486	456	455	487	
487	456	486	457	
458	457	488	427	
487	457	456	488	
488	457	487	458	
459	458	489	428	
488	458	457	489	
489	458	488	459	
460	459	490	429	
489	459	458	490	
490	459	489	460	
461	460	491	430	
490	460	459	491	
491	460	490	461	
462	461	492	431	
491	461	460	492	
492	461	491	462	
463	462	493	432	
492	462	461	493	
493	462	492	463	
464	463	494	433	
493	463	462	494	
494	463	493	464	
465	464	495	434	
494	464	463	495	
495	464	494	465	
466	465	496	435	
495	465	464	496	
496	465	495	466	
467	466	497	436	
496	466	465	497	
497	466	496	467	
468	467	498	437	
497	467	466	498	
498	467	497	468	
469	468	499	438	
498	468	467	499	
499	468	498	469	
470	469	500	439	
499	469	468	500	
500	469	499	470	
471	470	501	440	
500	470	469	501	
501	470	500	471	
472	471	502	441	
501	471	470	502	
502	471	501	472	
473	472	503	442	
502	472	471	503	
503	472	502	473	
474	473	504	443	
503	473	472	504	
504	473	503	474	
475	474	505	444	
504	474	473	505	
505	474	504	475	
476	475	506	445	
505	475	474	506	
506	475	505	476	
477	476	507	446	
506	476	475	507	
507	476	506	477	
478	477	508	447	
507	477	476	508	
508	477	507	478	
479	478	509	448	
508	478	477	509	
509	478	508	479	
480	479	509	450	
509	479	478	480	
481	480	511	450	
480	509	510	479	
510	480	509	511	
511	480	510	481	
482	481	512	451	
511	481	480	512	
512	481	511	482	
483	482	513	452	
512	482	481	513	
513	482	512	483	
484	483	514	453	
513	483	482	514	
514	483	513	484	
485	484	515	454	
514	484	483	515	
515	484	514	485	
486	485	516	455	
515	485	484	516	
516	485	515	486	
487	486	517	456	
516	486	485	517	
517	486	516	487	
488	487	518	457	
517	487	486	518	
518	487	517	488	
489	488	519	458	
518	488	487	519	
519	488	518	489	
490	489	520	459	
519	489	488	520	
520	489	519	490	
491	490	521	460	
520	490	489	521	
521	490	520	491	
492	491	522	461	
521	491	490	522	
522	491	521	492	
493	492	523	462	
522	492	491	523	
523	492	522	493	
494	493	524	463	
523	493	492	524	
524	493	523	494	
495	494	525	464	
524	494	493	525	
525	494	524	495	
496	495	526	465	
525	495	494	526	
526	495	525	496	
497	496	527	466	
526	496	495	527	
527	496	526	497	
498	497	528	467	
527	497	496	528	
528	497	527	498	
499	498	529	468	
528	498	497	529	
529	498	528	499	
500	499	530	469	
529	499	498	530	
530	499	529	500	
501	500	531	470	
530	500	499	531	
531	500	530	501	
502	501	532	471	
531	501	500	532	
532	501	531	502	
503	502	533	472	
532	502	501	533	
533	502	532	503	
504	503	534	473	
533	503	502	534	
534	503	533	504	
505	504	535	474	
534	504	503	535	
535	504	534	505	
506	505	536	475	
535	505	504	536	
536	505	535	506	
507	506	537	476	
536	506	505	537	
537	506	536	507	
508	507	538	477	
537	507	506	538	
538	507	537	508	
509	508	539	478	
538	508	507	539	
539	508	538	509	
510	509	539	480	
539	509	508	510	
511	510	541	480	
510	539	540	509	
540	510	539	541	
541	510	540	511	
512	511	542	481	
541	511	510	542	
542	511	541	512	
513	512	543	482	
542	512	511	543	
543	512	542	513	
514	513	544	483	
543	513	512	544	
544	513	543	514	
515	514	545	484	
544	514	513	545	
545	514	544	515	
516	515	546	485	
545	515	514	546	
546	515	545	516	
517	516	547	486	
546	516	515	547	
547	516	546	517	
518	517	548	487	
547	517	516	548	
548	517	547	518	
519	518	549	488	
548	518	517	549	
549	518	548	519	
520	519	550	489	
549	519	518	550	
550	519	549	520	
521	520	551	490	
550	520	519	551	
551	520	550	521	
522	521	552	491	
551	521	520	552	
552	521	551	522	
523	522	553	492	
552	522	521	553	
553	522	552	523	
524	523	554	493	
553	523	522	554	
554	523	553	524	
525	524	555	494	
554	524	523	555	
555	524	554	525	
526	525	556	495	
555	525	524	556	
556	525	555	526	
527	526	557	496	
556	526	525	557	
557	526	556	527	
528	527	558	497	
557	527	526	558	
558	527	557	528	
529	528	559	498	
558	528	527	559	
559	528	558	529	
530	529	560	499	
559	529	528	560	
560	529	559	530	
531	530	561	500	
560	530	529	561	
561	530	560	531	
532	531	562	501	
561	531	530	562	
562	531	561	532	
533	532	563	502	
562	532	531	563	
563	532	562	533	
534	533	564	503	
563	533	532	564	
564	533	563	534	
535	534	565	504	
564	534	533	565	
565	534	564	535	
536	535	566	505	
565	535	534	566	
566	535	565	536	
537	536	567	506	
566	536	535	567	
567	536	566	537	
538	537	568	507	
567	537	536	568	
568	537	567	538	
539	538	569	508	
568	538	537	569	
569	538	568	539	
540	539	569	510	
569	539	538	540	
541	540	571	510	
540	569	570	539	
570	540	569	571	
571	540	570	541	
542	541	572	511	
571	541	540	572	
572	541	571	542	
543	542	573	512	
572	542	541	573	
573	542	572	543	
544	543	574	513	
573	543	542	574	
574	543	573	544	
545	544	575	514	
574	544	543	575	
575	544	574	545	
546	545	576	515	
575	545	544	576	
576	545	575	546	
547	546	577	516	
576	546	545	577	
577	546	576	547	
548	547	578	517	
577	547	546	578	
578	547	577	548	
549	548	579	518	
578	548	547	579	
579	548	578	549	
550	549	580	519	
579	549	548	580	
580	549	579	550	
551	550	581	520	
580	550	549	581	
581	550	580	551	
552	551	582	521	
581	551	550	582	
582	551	581	552	
553	552	583	522	
582	552	551	583	
583	552	582	553	
554	553	584	523	
583	553	552	584	
584	553	583	554	
555	554	585	524	
584	554	553	585	
585	554	584	555	
556	555	586	525	
585	555	554	586	
586	555	585	556	
557	556	587	526	
586	556	555	587	
587	556	586	557	
558	557	588	527	
587	557	556	588	
588	557	587	558	
559	558	589	528	
588	558	557	589	
589	558	588	559	
560	559	590	529	
589	559	558	590	
590	559	589	560	
561	560	591	530	
590	560	559	591	
591	560	590	561	
562	561	592	531	
591	561	560	592	
592	561	591	562	
563	562	593	532	
592	562	561	593	
593	562	592	563	
564	563	594	533	
593	563	562	594	
594	563	593	564	
565	564	595	534	
594	564	563	595	
595	564	594	565	
566	565	596	535	
595	565	564	596	
596	565	595	566	
567	566	597	536	
596	566	565	597	
597	566	596	567	
568	567	598	537	
597	567	566	598	
598	567	597	568	
569	568	599	538	
598	568	567	599	
599	568	598	569	
570	569	599	540	
599	569	568	570	
571	570	601	540	
570	599	600	569	
600	570	599	601	
601	570	600	571	
572	571	602	541	
601	571	570	602	
602	571	601	572	
573	572	603	542	
602	572	571	603	
603	572	602	573	
574	573	604	543	
603	573	572	604	
604	573	603	574	
575	574	605	544	
604	574	573	605	
605	574	604	575	
576	575	606	545	
605	575	574	606	
606	575	605	576	
577	576	607	546	
606	576	575	607	
607	576	606	577	
578	577	608	547	
607	577	576	608	
608	577	607	578	
579	578	609	548	
608	578	577	609	
609	578	608	579	
580	579	610	549	
609	579	578	610	
610	579	609	580	
581	580	611	550	
610	580	579	611	
611	580	610	581	
582	581	612	551	
611	581	580	612	
612	581	611	582	
583	582	613	552	
612	582	581	613	
613	582	612	583	
584	583	614	553	
613	583	582	614	
614	583	613	584	
585	584	615	554	
614	584	583	615	
615	584	614	585	
586	585	616	555	
615	585	584	616	
616	585	615	586	
587	586	617	556	
616	586	585	617	
617	586	616	587	
588	587	618	557	
617	587	586	618	
618	587	617	588	
589	588	619	558	
618	588	587	619	
619	588	618	589	
590	589	620	559	
619	589	588	620	
620	589	619	590	
591	590	621	560	
620	590	589	621	
621	590	620	591	
592	591	622	561	
621	591	590	622	
622	591	621	592	
593	592	623	562	
622	592	591	623	
623	592	622	593	
594	593	624	563	
623	593	592	624	
624	593	623	594	
595	594	625	564	
624	594	593	625	
625	594	624	595	
596	595	626	565	
625	595	594	626	
626	595	625	596	
597	596	627	566	
626	596	595	627	
627	596	626	597	
598	597	628	567	
627	597	596	628	
628	597	627	598	
599	598	629	568	
628	598	597	629	
629	598	628	599	
600	599	629	570	
629	599	598	600	
601	600	631	570	
600	629	630	599	
630	600	629	631	
631	600	630	601	
602	601	632	571	
631	601	600	632	
632	601	631	602	
603	602	633	572	
632	602	601	633	
633	602	632	603	
604	603	634	573	
633	603	602	634	
634	603	633	604	
605	604	635	574	
634	604	603	635	
635	604	634	605	
606	605	636	575	
635	605	604	636	
636	605	635	606	
607	606	637	576	
636	606	605	637	
637	606	636	607	
608	607	638	577	
637	607	606	638	
638	607	637	608	
609	608	639	578	
638	608	607	639	
639	608	638	609	
610	609	640	579	
639	609	608	640	
640	609	639	610	
611	610	641	580	
640	610	609	641	
641	610	640	611	
612	611	642	581	
641	611	610	642	
642	611	641	612	
613	612	643	582	
642	612	611	643	
643	612	642	613	
614	613	644	583	
643	613	612	644	
644	613	643	614	
615	614	645	584	
644	614	613	645	
645	614	644	615	
616	615	646	585	
645	615	614	646	
646	615	645	616	
617	616	647	586	
646	616	615	647	
647	616	646	617	
618	617	648	587	
647	617	616	648	
648	617	647	618	
619	618	649	588	
648	618	617	649	
649	618	648	619	
620	619	650	589	
649	619	618	650	
650	619	649	620	
621	620	651	590	
650	620	619	651	
651	620	650	621	
622	621	652	591	
651	621	620	652	
652	621	651	622	
623	622	653	592	
652	622	621	653	
653	622	652	623	
624	623	654	593	
653	623	622	654	
654	623	653	624	
625	624	655	594	
654	624	623	655	
655	624	654	625	
626	625	656	595	
655	625	624	656	
656	625	655	626	
627	626	657	596	
656	626	625	657	
657	626	656	627	
628	627	658	597	
657	627	626	658	
658	627	657	628	
629	628	659	598	
658	628	627	659	
659	628	658	629	
630	629	659	600	
659	629	628	630	
631	630	661	600	
630	659	660	629	
660	630	659	661	
661	630	660	631	
632	631	662	601	
661	631	630	662	
662	631	661	632	
633	632	663	602	
662	632	631	663	
663	632	662	633	
634	633	664	603	
663	633	632	664	
664	633	663	634	
635	634	665	604	
664	634	633	665	
665	634	664	635	
636	635	666	605	
665	635	634	666	
666	635	665	636	
637	636	667	606	
666	636	635	667	
667	636	666	637	
638	637	668	607	
667	637	636	668	
668	637	667	638	
639	638	669	608	
668	638	637	669	
669	638	668	639	
640	639	670	609	
669	639	638	670	
670	639	669	640	
641	640	671	610	
670	640	639	671	
671	640	670	641	
642	641	672	611	
671	641	640	672	
672	641	671	642	
643	642	673	612	
672	642	641	673	
673	642	672	643	
644	643	674	613	
673	643	642	674	
674	643	673	644	
645	644	675	614	
674	644	643	675	
675	644	674	645	
646	645	676	615	
675	645	644	676	
676	645	675	646	
647	646	677	616	
676	646	645	677	
677	646	676	647	
648	647	678	617	
677	647	646	678	
678	647	677	648	
649	648	679	618	
678	648	647	679	
679	648	678	649	
650	649	680	619	
679	649	648	680	
680	649	679	650	
651	650	681	620	
680	650	649	681	
681	650	680	651	
652	651	682	621	
681	651	650	682	
682	651	681	652	
653	652	683	622	
682	652	651	683	
683	652	682	653	
654	653	684	623	
683	653	652	684	
684	653	683	654	
655	654	685	624	
684	654	653	685	
685	654	684	655	
656	655	686	625	
685	655	654	686	
686	655	685	656	
657	656	687	626	
686	656	655	687	
687	656	686	657	
658	657	688	627	
687	657	656	688	
688	657	687	658	
659	658	689	628	
688	658	657	689	
689	658	688	659	
660	659	689	630	
689	659	658	660	
661	660	691	630	
660	689	690	659	
690	660	689	691	
691	660	690	661	
662	661	692	631	
691	661	660	692	
692	661	691	662	
663	662	693	632	
692	662	661	693	
693	662	692	663	
664	663	694	633	
693	663	662	694	
694	663	693	664	
665	664	695	634	
694	664	663	695	
695	664	694	665	
666	665	696	635	
695	665	664	696	
696	665	695	666	
667	666	697	636	
696	666	665	697	
697	666	696	667	
668	667	698	637	
697	667	666	698	
698	667	697	668	
669	668	699	638	
698	668	667	699	
699	668	698	669	
670	669	700	639	
699	669	668	700	
700	669	699	670	
671	670	701	640	
700	670	669	701	
701	670	700	671	
672	671	702	641	
701	671	670	702	
702	671	701	672	
673	672	703	642	
702	672	671	703	
703	672	702	673	
674	673	704	643	
703	673	672	704	
704	673	703	674	
675	674	705	644	
704	674	673	705	
705	674	704	675	
676	675	706	645	
705	675	674	706	
706	675	705	676	
677	676	707	646	
706	676	675	707	
707	676	706	677	
678	677	708	647	
707	677	676	708	
708	677	707	678	
679	678	709	648	
708	678	677	709	
709	678	708	679	
680	679	710	649	
709	679	678	710	
710	679	709	680	
681	680	711	650	
710	680	679	711	
711	680	710	681	
682	681	712	651	
711	681	680	712	
712	681	711	682	
683	682	713	652	
712	682	681	713	
713	682	712	683	
684	683	714	653	
713	683	682	714	
714	683	713	684	
685	684	715	654	
714	684	683	715	
715	684	714	685	
686	685	716	655	
715	685	684	716	
716	685	715	686	
687	686	717	656	
716	686	685	717	
717	686	716	687	
688	687	718	657	
717	687	686	718	
718	687	717	688	
689	688	719	658	
718	688	687	719	
719	688	718	689	
690	689	719	660	
719	689	688	690	
691	690	721	660	
690	719	720	689	
720	690	719	721	
721	690	720	691	
692	691	722	661	
721	691	690	722	
722	691	721	692	
693	692	723	662	
722	692	691	723	
723	692	722	693	
694	693	724	663	
723	693	692	724	
724	693	723	694	
695	694	725	664	
724	694	693	725	
725	694	724	695	
696	695	726	665	
725	695	694	726	
726	695	725	696	
697	696	727	666	
726	696	695	727	
727	696	726	697	
698	697	728	667	
727	697	696	728	
728	697	727	698	
699	698	729	668	
728	698	697	729	
729	698	728	699	
700	699	730	669	
729	699	698	730	
730	699	729	700	
701	700	731	670	
730	700	699	731	
731	700	730	701	
702	701	732	671	
731	701	700	732	
732	701	731	702	
703	702	733	672	
732	702	701	733	
733	702	732	703	
704	703	734	673	
733	703	702	734	
734	703	733	704	
705	704	735	674	
734	704	703	735	
735	704	734	705	
706	705	736	675	
735	705	704	736	
736	705	735	706	
707	706	737	676	
736	706	705	737	
737	706	736	707	
708	707	738	677	
737	707	706	738	
738	707	737	708	
709	708	739	678	
738	708	707	739	
739	708	738	709	
710	709	740	679	
739	709	708	740	
740	709	739	710	
711	710	741	680	
740	710	709	741	
741	710	740	711	
712	711	742	681	
741	711	710	742	
742	711	741	712	
713	712	743	682	
742	712	711	743	
743	712	742	713	
714	713	744	683	
743	713	712	744	
744	713	743	714	
715	714	745	684	
744	714	713	745	
745	714	744	715	
716	715	746	685	
745	715	714	746	
746	715	745	716	
717	716	747	686	
746	716	715	747	
747	716	746	717	
718	717	748	687	
747	717	716	748	
748	717	747	718	
719	718	749	688	
748	718	717	749	
749	718	748	719	
720	719	749	690	
749	719	718	720	
721	720	751	690	
720	749	750	719	
750	720	749	751	
751	720	750	721	
722	721	752	691	
751	721	720	752	
752	721	751	722	
723	722	753	692	
752	722	721	753	
753	722	752	723	
724	723	754	693	
753	723	722	754	
754	723	753	724	
725	724	755	694	
754	724	723	755	
755	724	754	725	
726	725	756	695	
755	725	724	756	
756	725	755	726	
727	726	757	696	
756	726	725	757	
757	726	756	727	
728	727	758	697	
757	727	726	758	
758	727	757	728	
729	728	759	698	
758	728	727	759	
759	728	758	729	
730	729	760	699	
759	729	728	760	
760	729	759	730	
731	730	761	700	
760	730	729	761	
761	730	760	731	
732	731	762	701	
761	731	730	762	
762	731	761	732	
733	732	763	702	
762	732	731	763	
763	732	762	733	
734	733	764	703	
763	733	732	764	
764	733	763	734	
735	734	765	704	
764	734	733	765	
765	734	764	735	
736	735	766	705	
765	735	734	766	
766	735	765	736	
737	736	767	706	
766	736	735	767	
767	736	766	737	
738	737	768	707	
767	737	736	768	
768	737	767	738	
739	738	769	708	
768	738	737	769	
769	738	768	739	
740	739	770	709	
769	739	738	770	
770	739	769	740	
741	740	771	710	
770	740	739	771	
771	740	770	741	
742	741	772	711	
771	741	740	772	
772	741	771	742	
743	742	773	712	
772	742	741	773	
773	742	772	743	
744	743	774	713	
773	743	742	774	
774	743	773	744	
745	744	775	714	
774	744	743	775	
775	744	774	745	
746	745	776	715	
775	745	744	776	
776	745	775	746	
747	746	777	716	
776	746	745	777	
777	746	776	747	
748	747	778	717	
777	747	746	778	
778	747	777	748	
749	748	779	718	
778	748	747	779	
779	748	778	749	
750	749	779	720	
779	749	748	750	
751	750	781	720	
750	779	780	749	
780	750	779	781	
781	750	780	751	
752	751	782	721	
781	751	750	782	
782	751	781	752	
753	752	783	722	
782	752	751	783	
783	752	782	753	
754	753	784	723	
783	753	752	784	
784	753	783	754	
755	754	785	724	
784	754	753	785	
785	754	784	755	
756	755	786	725	
785	755	754	786	
786	755	785	756	
757	756	787	726	
786	756	755	787	
787	756	786	757	
758	757	788	727	
787	757	756	788	
788	757	787	758	
759	758	789	728	
788	758	757	789	
789	758	788	759	
760	759	790	729	
789	759	758	790	
790	759	789	760	
761	760	791	730	
790	760	759	791	
791	760	790	761	
762	761	792	731	
791	761	760	792	
792	761	791	762	
763	762	793	732	
792	762	761	793	
793	762	792	763	
764	763	794	733	
793	763	762	794	
794	763	793	764	
765	764	795	734	
794	764	763	795	
795	764	794	765	
766	765	796	735	
795	765	764	796	
796	765	795	766	
767	766	797	736	
796	766	765	797	
797	766	796	767	
768	767	798	737	
797	767	766	798	
798	767	797	768	
769	768	799	738	
798	768	767	799	
799	768	798	769	
770	769	800	739	
799	769	768	800	
800	769	799	770	
771	770	801	740	
800	770	769	801	
801	770	800	771	
772	771	802	741	
801	771	770	802	
802	771	801	772	
773	772	803	742	
802	772	771	803	
803	772	802	773	
774	773	804	743	
803	773	772	804	
804	773	803	774	
775	774	805	744	
804	774	773	805	
805	774	804	775	
776	775	806	745	
805	775	774	806	
806	775	805	776	
777	776	807	746	
806	776	775	807	
807	776	806	777	
778	777	808	747	
807	777	776	808	
808	777	807	778	
779	778	809	748	
808	778	777	809	
809	778	808	779	
780	779	809	750	
809	779	778	780	
781	780	811	750	
780	809	810	779	
810	780	809	811	
811	780	810	781	
782	781	812	751	
811	781	780	812	
812	781	811	782	
783	782	813	752	
812	782	781	813	
813	782	812	783	
784	783	814	753	
813	783	782	814	
814	783	813	784	
785	784	815	754	
814	784	783	815	
815	784	814	785	
786	785	816	755	
815	785	784	816	
816	785	815	786	
787	786	817	756	
816	786	785	817	
817	786	816	787	
788	787	818	757	
817	787	786	818	
818	787	817	788	
789	788	819	758	
818	788	787	819	
819	788	818	789	
790	789	820	759	
819	789	788	820	
820	789	819	790	
791	790	821	760	
820	790	789	821	
821	790	820	791	
792	791	822	761	
821	791	790	822	
822	791	821	792	
793	792	823	762	
822	792	791	823	
823	792	822	793	
794	793	824	763	
823	793	792	824	
824	793	823	794	
795	794	825	764	
824	794	793	825	
825	794	824	795	
796	795	826	765	
825	795	794	826	
826	795	825	796	
797	796	827	766	
826	796	795	827	
827	796	826	797	
798	797	828	767	
827	797	796	828	
828	797	827	798	
799	798	829	768	
828	798	797	829	
829	798	828	799	
800	799	830	769	
829	799	798	830	
830	799	829	800	
801	800	831	770	
830	800	799	831	
831	800	830	801	
802	801	832	771	
831	801	800	832	
832	801	831	802	
803	802	833	772	
832	802	801	833	
833	802	832	803	
804	803	834	773	
833	803	802	834	
834	803	833	804	
805	804	835	774	
834	804	803	835	
835	804	834	805	
806	805	836	775	
835	805	804	836	
836	805	835	806	
807	806	837	776	
836	806	805	837	
837	806	836	807	
808	807	838	777	
837	807	806	838	
838	807	837	808	
809	808	839	778	
838	808	807	839	
839	808	838	809	
810	809	839	780	
839	809	808	810	
811	810	841	780	
810	839	840	809	
840	810	839	841	
841	810	840	811	
812	811	842	781	
841	811	810	842	
842	811	841	812	
813	812	843	782	
842	812	811	843	
843	812	842	813	
814	813	844	783	
843	813	812	844	
844	813	843	814	
815	814	845	784	
844	814	813	845	
845	814	844	815	
816	815	846	785	
845	815	814	846	
846	815	845	816	
817	816	847	786	
846	816	815	847	
847	816	846	817	
818	817	848	787	
847	817	816	848	
848	817	847	818	
819	818	849	788	
848	818	817	849	
849	818	848	819	
820	819	850	789	
849	819	818	850	
850	819	849	820	
821	820	851	790	
850	820	819	851	
851	820	850	821	
822	821	852	791	
851	821	820	852	
852	821	851	822	
823	822	853	792	
852	822	821	853	
853	822	852	823	
824	823	854	793	
853	823	822	854	
854	823	853	824	
825	824	855	794	
854	824	823	855	
855	824	854	825	
826	825	856	795	
855	825	824	856	
856	825	855	826	
827	826	857	796	
856	826	825	857	
857	826	856	827	
828	827	858	797	
857	827	826	858	
858	827	857	828	
829	828	859	798	
858	828	827	859	
859	828	858	829	
830	829	860	799	
859	829	828	860	
860	829	859	830	
831	830	861	800	
860	830	829	861	
861	830	860	831	
832	831	862	801	
861	831	830	862	
862	831	861	832	
833	832	863	802	
862	832	831	863	
863	832	862	833	
834	833	864	803	
863	833	832	864	
864	833	863	834	
835	834	865	804	
864	834	833	865	
865	834	864	835	
836	835	866	805	
865	835	834	866	
866	835	865	836	
837	836	867	806	
866	836	835	867	
867	836	866	837	
838	837	868	807	
867	837	836	868	
868	837	867	838	
839	838	869	808	
868	838	837	869	
869	838	868	839	
840	839	869	810	
869	839	838	840	
841	840	871	810	
840	869	870	839	
870	840	869	871	
871	840	870	841	
842	841	872	811	
871	841	840	872	
872	841	871	842	
843	842	873	812	
872	842	841	873	
873	842	872	843	
844	843	874	813	
873	843	842	874	
874	843	873	844	
845	844	875	814	
874	844	843	875	
875	844	874	845	
846	845	876	815	
875	845	844	876	
876	845	875	846	
847	846	877	816	
876	846	845	877	
877	846	876	847	
848	847	878	817	
877	847	846	878	
878	847	877	848	
849	848	879	818	
878	848	847	879	
879	848	878	849	
850	849	880	819	
879	849	848	880	
880	849	879	850	
851	850	881	820	
880	850	849	881	
881	850	880	851	
852	851	882	821	
881	851	850	882	
882	851	881	852	
853	852	883	822	
882	852	851	883	
883	852	882	853	
854	853	884	823	
883	853	852	884	
884	853	883	854	
855	854	885	824	
884	854	853	885	
885	854	884	855	
856	855	886	825	
885	855	854	886	
886	855	885	856	
857	856	887	826	
886	856	855	887	
887	856	886	857	
858	857	888	827	
887	857	856	888	
888	857	887	858	
859	858	889	828	
888	858	857	889	
889	858	888	859	
860	859	890	829	
889	859	858	890	
890	859	889	860	
861	860	891	830	
890	860	859	891	
891	860	890	861	
862	861	892	831	
891	861	860	892	
892	861	891	862	
863	862	893	832	
892	862	861	893	
893	862	892	863	
864	863	894	833	
893	863	862	894	
894	863	893	864	
865	864	895	834	
894	864	863	895	
895	864	894	865	
866	865	896	835	
895	865	864	896	
896	865	895	866	
867	866	897	836	
896	866	865	897	
897	866	896	867	
868	867	898	837	
897	867	866	898	
898	867	897	868	
869	868	899	838	
898	868	867	899	
899	868	898	869	
870	869	899	840	
899	869	868	870	
871	870	901	840	
870	899	900	869	
900	870	899	901	
901	870	900	871	
872	871	902	841	
901	871	870	902	
902	871	901	872	
873	872	903	842	
902	872	871	903	
903	872	902	873	
874	873	904	843	
903	873	872	904	
904	873	903	874	
875	874	905	844	
904	874	873	905	
905	874	904	875	
876	875	906	845	
905	875	874	906	
906	875	905	876	
877	876	907	846	
906	876	875	907	
907	876	906	877	
878	877	908	847	
907	877	876	908	
908	877	907	878	
879	878	909	848	
908	878	877	909	
909	878	908	879	
880	879	910	849	
909	879	878	910	
910	879	909	880	
881	880	911	850	
910	880	879	911	
911	880	910	881	
882	881	912	851	
911	881	880	912	
912	881	911	882	
883	882	913	852	
912	882	881	913	
913	882	912	883	
884	883	914	853	
913	883	882	914	
914	883	913	884	
885	884	915	854	
914	884	883	915	
915	884	914	885	
886	885	916	855	
915	885	884	916	
916	885	915	886	
887	886	917	856	
916	886	885	917	
917	886	916	887	
888	887	918	857	
917	887	886	918	
918	887	917	888	
889	888	919	858	
918	888	887	919	
919	888	918	889	
890	889	920	859	
919	889	888	920	
920	889	919	890	
891	890	921	860	
920	890	889	921	
921	890	920	891	
892	891	922	861	
921	891	890	922	
922	891	921	892	
893	892	923	862	
922	892	891	923	
923	892	922	893	
894	893	924	863	
923	893	892	924	
924	893	923	894	
895	894	925	864	
924	894	893	925	
925	894	924	895	
896	895	926	865	
925	895	894	926	
926	895	925	896	
897	896	927	866	
926	896	895	927	
927	896	926	897	
898	897	928	867	
927	897	896	928	
928	897	927	898	
899	898	929	868	
928	898	897	929	
929	898	928	899	
900	899	929	870	
929	899	898	900	
901	900	931	870	
900	929	930	899	
930	900	929	931	
931	900	930	901	
902	901	932	871	
931	901	900	932	
932	901	931	902	
903	902	933	872	
932	902	901	933	
933	902	932	903	
904	903	934	873	
933	903	902	934	
934	903	933	904	
905	904	935	874	
934	904	903	935	
935	904	934	905	
906	905	936	875	
935	905	904	936	
936	905	935	906	
907	906	937	876	
936	906	905	937	
937	906	936	907	
908	907	938	877	
937	907	906	938	
938	907	937	908	
909	908	939	878	
938	908	907	939	
939	908	938	909	
910	909	940	879	
939	909	908	940	
940	909	939	910	
911	910	941	880	
940	910	909	941	
941	910	940	911	
912	911	942	881	
941	911	910	942	
942	911	941	912	
913	912	943	882	
942	912	911	943	
943	912	942	913	
914	913	944	883	
943	913	912	944	
944	913	943	914	
915	914	945	884	
944	914	913	945	
945	914	944	915	
916	915	946	885	
945	915	914	946	
946	915	945	916	
917	916	947	886	
946	916	915	947	
947	916	946	917	
918	917	948	887	
947	917	916	948	
948	917	947	918	
919	918	949	888	
948	918	917	949	
949	918	948	919	
920	919	950	889	
949	919	918	950	
950	919	949	920	
921	920	951	890	
950	920	919	951	
951	920	950	921	
922	921	952	891	
951	921	920	952	
952	921	951	922	
923	922	953	892	
952	922	921	953	
953	922	952	923	
924	923	954	893	
953	923	922	954	
954	923	953	924	
925	924	955	894	
954	924	923	955	
955	924	954	925	
926	925	956	895	
955	925	924	956	
956	925	955	926	
927	926	957	896	
956	926	925	957	
957	926	956	927	
928	927	958	897	
957	927	926	958	
958	927	957	928	
929	928	959	898	
958	928	927	959	
959	928	958	929	
930	929	959	900	
959	929	928	930	
931	930	961	900	
930	959	960	929	
960	930	959	961	
961	930	960	931	
932	931	962	901	
961	931	930	962	
962	931	961	932	
933	932	963	902	
962	932	931	963	
963	932	962	933	
934	933	964	903	
963	933	932	964	
964	933	963	934	
935	934	965	904	
964	934	933	965	
965	934	964	935	
936	935	966	905	
965	935	934	966	
966	935	965	936	
937	936	967	906	
966	936	935	967	
967	936	966	937	
938	937	968	907	
967	937	936	968	
968	937	967	938	
939	938	969	908	
968	938	937	969	
969	938	968	939	
940	939	970	909	
969	939	938	970	
970	939	969	940	
941	940	971	910	
970	940	939	971	
971	940	970	941	
942	941	972	911	
971	941	940	972	
972	941	971	942	
943	942	973	912	
972	942	941	973	
973	942	972	943	
944	943	974	913	
973	943	942	974	
974	943	973	944	
945	944	975	914	
974	944	943	975	
975	944	974	945	
946	945	976	915	
975	945	944	976	
976	945	975	946	
947	946	977	916	
976	946	945	977	
977	946	976	947	
948	947	978	917	
977	947	946	978	
978	947	977	948	
949	948	979	918	
978	948	947	979	
979	948	978	949	
950	949	980	919	
979	949	948	980	
980	949	979	950	
951	950	981	920	
980	950	949	981	
981	950	980	951	
952	951	982	921	
981	951	950	982	
982	951	981	952	
953	952	983	922	
982	952	951	983	
983	952	982	953	
954	953	984	923	
983	953	952	984	
984	953	983	954	
955	954	985	924	
984	954	953	985	
985	954	984	955	
956	955	986	925	
985	955	954	986	
986	955	985	956	
957	956	987	926	
986	956	955	987	
987	956	986	957	
958	957	988	927	
987	957	956	988	
988	957	987	958	
959	958	989	928	
988	958	957	989	
989	958	988	959	
960	959	989	930	
989	959	958	960	
961	960	991	930	
960	989	990	959	
990	960	989	991	
991	960	990	961	
962	961	992	931	
991	961	960	992	
992	961	991	962	
963	962	993	932	
992	962	961	993	
993	962	992	963	
964	963	994	933	
993	963	962	994	
994	963	993	964	
965	964	995	934	
994	964	963	995	
995	964	994	965	
966	965	996	935	
995	965	964	996	
996	965	995	966	
967	966	997	936	
996	966	965	997	
997	966	996	967	
968	967	998	937	
997	967	966	998	
998	967	997	968	
969	968	999	938	
998	968	967	999	
999	968	998	969	
970	969	1000	939	
999	969	968	1000	
1000	969	999	970	
971	970	1001	940	
1000	970	969	1001	
1001	970	1000	971	
972	971	1002	941	
1001	971	970	1002	
1002	971	1001	972	
973	972	1003	942	
1002	972	971	1003	
1003	972	1002	973	
974	973	1004	943	
1003	973	972	1004	
1004	973	1003	974	
975	974	1005	944	
1004	974	973	1005	
1005	974	1004	975	
976	975	1006	945	
1005	975	974	1006	
1006	975	1005	976	
977	976	1007	946	
1006	976	975	1007	
1007	976	1006	977	
978	977	1008	947	
1007	977	976	1008	
1008	977	1007	978	
979	978	1009	948	
1008	978	977	1009	
1009	978	1008	979	
980	979	1010	949	
1009	979	978	1010	
1010	979	1009	980	
981	980	1011	950	
1010	980	979	1011	
1011	980	1010	981	
982	981	1012	951	
1011	981	980	1012	
1012	981	1011	982	
983	982	1013	952	
1012	982	981	1013	
1013	982	1012	983	
984	983	1014	953	
1013	983	982	1014	
1014	983	1013	984	
985	984	1015	954	
1014	984	983	1015	
1015	984	1014	985	
986	985	1016	955	
1015	985	984	1016	
1016	985	1015	986	
987	986	1017	956	
1016	986	985	1017	
1017	986	1016	987	
988	987	1018	957	
1017	987	986	1018	
1018	987	1017	988	
989	988	1019	958	
1018	988	987	1019	
1019	988	1018	989	
990	989	1019	960	
1019	989	988	990	
991	990	1021	960	
990	1019	1020	989	
1020	990	1019	1021	
1021	990	1020	991	
992	991	1022	961	
1021	991	990	1022	
1022	991	1021	992	
993	992	1023	962	
1022	992	991	1023	
1023	992	1022	993	
994	993	1024	963	
1023	993	992	1024	
1024	993	1023	994	
995	994	1025	964	
1024	994	993	1025	
1025	994	1024	995	
996	995	1026	965	
1025	995	994	1026	
1026	995	1025	996	
997	996	1027	966	
1026	996	995	1027	
1027	996	1026	997	
998	997	1028	967	
1027	997	996	1028	
1028	997	1027	998	
999	998	1029	968	
1028	998	997	1029	
1029	998	1028	999	
1000	999	1030	969	
1029	999	998	1030	
1030	999	1029	1000	
1001	1000	1031	970	
1030	1000	999	1031	
1031	1000	1030	1001	
1002	1001	1032	971	
1031	1001	1000	1032	
1032	1001	1031	1002	
1003	1002	1033	972	
1032	1002	1001	1033	
1033	1002	1032	1003	
1004	1003	1034	973	
1033	1003	1002	1034	
1034	1003	1033	1004	
1005	1004	1035	974	
1034	1004	1003	1035	
1035	1004	1034	1005	
1006	1005	1036	975	
1035	1005	1004	1036	
1036	1005	1035	1006	
1007	1006	1037	976	
1036	1006	1005	1037	
1037	1006	1036	1007	
1008	1007	1038	977	
1037	1007	1006	1038	
1038	1007	1037	1008	
1009	1008	1039	978	
1038	1008	1007	1039	
1039	1008	1038	1009	
1010	1009	1040	979	
1039	1009	1008	1040	
1040	1009	1039	1010	
1011	1010	1041	980	
1040	1010	1009	1041	
1041	1010	1040	1011	
1012	1011	1042	981	
1041	1011	1010	1042	
1042	1011	1041	1012	
1013	1012	1043	982	
1042	1012	1011	1043	
1043	1012	1042	1013	
1014	1013	1044	983	
1043	1013	1012	1044	
1044	1013	1043	1014	
1015	1014	1045	984	
1044	1014	1013	1045	
1045	1014	1044	1015	
1016	1015	1046	985	
1045	1015	1014	1046	
1046	1015	1045	1016	
1017	1016	1047	986	
1046	1016	1015	1047	
1047	1016	1046	1017	
1018	1017	1048	987	
1047	1017	1016	1048	
1048	1017	1047	1018	
1019	1018	1049	988	
1048	1018	1017	1049	
1049	1018	1048	1019	
1020	1019	1049	990	
1049	1019	1018	1020	
1021	1020	1051	990	
1020	1049	1050	1019	
1050	1020	1049	1051	
1051	1020	1050	1021	
1022	1021	1052	991	
1051	1021	1020	1052	
1052	1021	1051	1022	
1023	1022	1053	992	
1052	1022	1021	1053	
1053	1022	1052	1023	
1024	1023	1054	993	
1053	1023	1022	1054	
1054	1023	1053	1024	
1025	1024	1055	994	
1054	1024	1023	1055	
1055	1024	1054	1025	
1026	1025	1056	995	
1055	1025	1024	1056	
1056	1025	1055	1026	
1027	1026	1057	996	
1056	1026	1025	1057	
1057	1026	1056	1027	
1028	1027	1058	997	
1057	1027	1026	1058	
1058	1027	1057	1028	
1029	1028	1059	998	
1058	1028	1027	1059	
1059	1028	1058	1029	
1030	1029	1060	999	
1059	1029	1028	1060	
1060	1029	1059	1030	
1031	1030	1061	1000	
1060	1030	1029	1061	
1061	1030	1060	1031	
1032	1031	1062	1001	
1061	1031	1030	1062	
1062	1031	1061	1032	
1033	1032	1063	1002	
1062	1032	1031	1063	
1063	1032	1062	1033	
1034	1033	1064	1003	
1063	1033	1032	1064	
1064	1033	1063	1034	
1035	1034	1065	1004	
1064	1034	1033	1065	
1065	1034	1064	1035	
1036	1035	1066	1005	
1065	1035	1034	1066	
1066	1035	1065	1036	
1037	1036	1067	1006	
1066	1036	1035	1067	
1067	1036	1066	1037	
1038	1037	1068	1007	
1067	1037	1036	1068	
1068	1037	1067	1038	
1039	1038	1069	1008	
1068	1038	1037	1069	
1069	1038	1068	1039	
1040	1039	1070	1009	
1069	1039	1038	1070	
1070	1039	1069	1040	
1041	1040	1071	1010	
1070	1040	1039	1071	
1071	1040	1070	1041	
1042	1041	1072	1011	
1071	1041	1040	1072	
1072	1041	1071	1042	
1043	1042	1073	1012	
1072	1042	1041	1073	
1073	1042	1072	1043	
1044	1043	1074	1013	
1073	1043	1042	1074	
1074	1043	1073	1044	
1045	1044	1075	1014	
1074	1044	1043	1075	
1075	1044	1074	1045	
1046	1045	1076	1015	
1075	1045	1044	1076	
1076	1045	1075	1046	
1047	1046	1077	1016	
1076	1046	1045	1077	
1077	1046	1076	1047	
1048	1047	1078	1017	
1077	1047	1046	1078	
1078	1047	1077	1048	
1049	1048	1079	1018	
1078	1048	1047	1079	
1079	1048	1078	1049	
1050	1049	1079	1020	
1079	1049	1048	1050	
1051	1050	1081	1020	
1050	1079	1080	1049	
1080	1050	1079	1081	
1081	1050	1080	1051	
1052	1051	1082	1021	
1081	1051	1050	1082	
1082	1051	1081	1052	
1053	1052	1083	1022	
1082	1052	1051	1083	
1083	1052	1082	1053	
1054	1053	1084	1023	
1083	1053	1052	1084	
1084	1053	1083	1054	
1055	1054	1085	1024	
1084	1054	1053	1085	
1085	1054	1084	1055	
1056	1055	1086	1025	
1085	1055	1054	1086	
1086	1055	1085	1056	
1057	1056	1087	1026	
1086	1056	1055	1087	
1087	1056	1086	1057	
1058	1057	1088	1027	
1087	1057	1056	1088	
1088	1057	1087	1058	
1059	1058	1089	1028	
1088	1058	1057	1089	
1089	1058	1088	1059	
1060	1059	1090	1029	
1089	1059	1058	1090	
1090	1059	1089	1060	
1061	1060	1091	1030	
1090	1060	1059	1091	
1091	1060	1090	1061	
1062	1061	1092	1031	
1091	1061	1060	1092	
1092	1061	1091	1062	
1063	1062	1093	1032	
1092	1062	1061	1093	
1093	1062	1092	1063	
1064	1063	1094	1033	
1093	1063	1062	1094	
1094	1063	1093	1064	
1065	1064	1095	1034	
1094	1064	1063	1095	
1095	1064	1094	1065	
1066	1065	1096	1035	
1095	1065	1064	1096	
1096	1065	1095	1066	
1067	1066	1097	1036	
1096	1066	1065	1097	
1097	1066	1096	1067	
1068	1067	1098	1037	
1097	1067	1066	1098	
1098	1067	1097	1068	
1069	1068	1099	1038	
1098	1068	1067	1099	
1099	1068	1098	1069	
1070	1069	1100	1039	
1099	1069	1068	1100	
1100	1069	1099	1070	
1071	1070	1101	1040	
1100	1070	1069	1101	
1101	1070	1100	1071	
1072	1071	1102	1041	
1101	1071	1070	1102	
1102	1071	1101	1072	
1073	1072	1103	1042	
1102	1072	1071	1103	
1103	1072	1102	1073	
1074	1073	1104	1043	
1103	1073	1072	1104	
1104	1073	1103	1074	
1075	1074	1105	1044	
1104	1074	1073	1105	
1105	1074	1104	1075	
1076	1075	1106	1045	
1105	1075	1074	1106	
1106	1075	1105	1076	
1077	1076	1107	1046	
1106	1076	1075	1107	
1107	1076	1106	1077	
1078	1077	1108	1047	
1107	1077	1076	1108	
1108	1077	1107	1078	
1079	1078	1109	1048	
1108	1078	1077	1109	
1109	1078	1108	1079	
1080	1079	1109	1050	
1109	1079	1078	1080	
1081	1080	1111	1050	
1080	1109	1110	1079	
1110	1080	1109	1111	
1111	1080	1110	1081	
1082	1081	1112	1051	
1111	1081	1080	1112	
1112	1081	1111	1082	
1083	1082	1113	1052	
1112	1082	1081	1113	
1113	1082	1112	1083	
1084	1083	1114	1053	
1113	1083	1082	1114	
1114	1083	1113	1084	
1085	1084	1115	1054	
1114	1084	1083	1115	
1115	1084	1114	1085	
1086	1085	1116	1055	
1115	1085	1084	1116	
1116	1085	1115	1086	
1087	1086	1117	1056	
1116	1086	1085	1117	
1117	1086	1116	1087	
1088	1087	1118	1057	
1117	1087	1086	1118	
1118	1087	1117	1088	
1089	1088	1119	1058	
1118	1088	1087	1119	
1119	1088	1118	1089	
1090	1089	1120	1059	
1119	1089	1088	1120	
1120	1089	1119	1090	
1091	1090	1121	1060	
1120	1090	1089	1121	
1121	1090	1120	1091	
1092	1091	1122	1061	
1121	1091	1090	1122	
1122	1091	1121	1092	
1093	1092	1123	1062	
1122	1092	1091	1123	
1123	1092	1122	1093	
1094	1093	1124	1063	
1123	1093	1092	1124	
1124	1093	1123	1094	
1095	1094	1125	1064	
1124	1094	1093	1125	
1125	1094	1124	1095	
1096	1095	1126	1065	
1125	1095	1094	1126	
1126	1095	1125	1096	
1097	1096	1127	1066	
1126	1096	1095	1127	
1127	1096	1126	1097	
1098	1097	1128	1067	
1127	1097	1096	1128	
1128	1097	1127	1098	
1099	1098	1129	1068	
1128	1098	1097	1129	
1129	1098	1128	1099	
1100	1099	1130	1069	
1129	1099	1098	1130	
1130	1099	1129	1100	
1101	1100	1131	1070	
1130	1100	1099	1131	
1131	1100	1130	1101	
1102	1101	1132	1071	
1131	1101	1100	1132	
1132	1101	1131	1102	
1103	1102	1133	1072	
1132	1102	1101	1133	
1133	1102	1132	1103	
1104	1103	1134	1073	
1133	1103	1102	1134	
1134	1103	1133	1104	
1105	1104	1135	1074	
1134	1104	1103	1135	
1135	1104	1134	1105	
1106	1105	1136	1075	
1135	1105	1104	1136	
1136	1105	1135	1106	
1107	1106	1137	1076	
1136	1106	1105	1137	
1137	1106	1136	1107	
1108	1107	1138	1077	
1137	1107	1106	1138	
1138	1107	1137	1108	
1109	1108	1139	1078	
1138	1108	1107	1139	
1139	1108	1138	1109	
1110	1109	1139	1080	
1139	1109	1108	1110	
1111	1110	1141	1080	
1110	1139	1140	1109	
1140	1110	1139	1141	
1141	1110	1140	1111	
1112	1111	1142	1081	
1141	1111	1110	1142	
1142	1111	1141	1112	
1113	1112	1143	1082	
1142	1112	1111	1143	
1143	1112	1142	1113	
1114	1113	1144	1083	
1143	1113	1112	1144	
1144	1113	1143	1114	
1115	1114	1145	1084	
1144	1114	1113	1145	
1145	1114	1144	1115	
1116	1115	1146	1085	
1145	1115	1114	1146	
1146	1115	1145	1116	
1117	1116	1147	1086	
1146	1116	1115	1147	
1147	1116	1146	1117	
1118	1117	1148	1087	
1147	1117	1116	1148	
1148	1117	1147	1118	
1119	1118	1149	1088	
1148	1118	1117	1149	
1149	1118	1148	1119	
1120	1119	1150	1089	
1149	1119	1118	1150	
1150	1119	1149	1120	
1121	1120	1151	1090	
1150	1120	1119	1151	
1151	1120	1150	1121	
1122	1121	1152	1091	
1151	1121	1120	1152	
1152	1121	1151	1122	
1123	1122	1153	1092	
1152	1122	1121	1153	
1153	1122	1152	1123	
1124	1123	1154	1093	
1153	1123	1122	1154	
1154	1123	1153	1124	
1125	1124	1155	1094	
1154	1124	1123	1155	
1155	1124	1154	1125	
1126	1125	1156	1095	
1155	1125	1124	1156	
1156	1125	1155	1126	
1127	1126	1157	1096	
1156	1126	1125	1157	
1157	1126	1156	1127	
1128	1127	1158	1097	
1157	1127	1126	1158	
1158	1127	1157	1128	
1129	1128	1159	1098	
1158	1128	1127	1159	
1159	1128	1158	1129	
1130	1129	1160	1099	
1159	1129	1128	1160	
1160	1129	1159	1130	
1131	1130	1161	1100	
1160	1130	1129	1161	
1161	1130	1160	1131	
1132	1131	1162	1101	
1161	1131	1130	1162	
1162	1131	1161	1132	
1133	1132	1163	1102	
1162	1132	1131	1163	
1163	1132	1162	1133	
1134	1133	1164	1103	
1163	1133	1132	1164	
1164	1133	1163	1134	
1135	1134	1165	1104	
1164	1134	1133	1165	
1165	1134	1164	1135	
1136	1135	1166	1105	
1165	1135	1134	1166	
1166	1135	1165	1136	
1137	1136	1167	1106	
1166	1136	1135	1167	
1167	1136	1166	1137	
1138	1137	1168	1107	
1167	1137	1136	1168	
1168	1137	1167	1138	
1139	1138	1169	1108	
1168	1138	1137	1169	
1169	1138	1168	1139	
1140	1139	1169	1110	
1169	1139	1138	1140	
1141	1140	1171	1110	
1140	1169	1170	1139	
1170	1140	1169	1171	
1171	1140	1170	1141	
1142	1141	1172	1111	
1171	1141	1140	1172	
1172	1141	1171	1142	
1143	1142	1173	1112	
1172	1142	1141	1173	
1173	1142	1172	1143	
1144	1143	1174	1113	
1173	1143	1142	1174	
1174	1143	1173	1144	
1145	1144	1175	1114	
1174	1144	1143	1175	
1175	1144	1174	1145	
1146	1145	1176	1115	
1175	1145	1144	1176	
1176	1145	1175	1146	
1147	1146	1177	1116	
1176	1146	1145	1177	
1177	1146	1176	1147	
1148	1147	1178	1117	
1177	1147	1146	1178	
1178	1147	1177	1148	
1149	1148	1179	1118	
1178	1148	1147	1179	
1179	1148	1178	1149	
1150	1149	1180	1119	
1179	1149	1148	1180	
1180	1149	1179	1150	
1151	1150	1181	1120	
1180	1150	1149	1181	
1181	1150	1180	1151	
1152	1151	1182	1121	
1181	1151	1150	1182	
1182	1151	1181	1152	
1153	1152	1183	1122	
1182	1152	1151	1183	
1183	1152	1182	1153	
1154	1153	1184	1123	
1183	1153	1152	1184	
1184	1153	1183	1154	
1155	1154	1185	1124	
1184	1154	1153	1185	
1185	1154	1184	1155	
1156	1155	1186	1125	
1185	1155	1154	1186	
1186	1155	1185	1156	
1157	1156	1187	1126	
1186	1156	1155	1187	
1187	1156	1186	1157	
1158	1157	1188	1127	
1187	1157	1156	1188	
1188	1157	1187	1158	
1159	1158	1189	1128	
1188	1158	1157	1189	
1189	1158	1188	1159	
1160	1159	1190	1129	
1189	1159	1158	1190	
1190	1159	1189	1160	
1161	1160	1191	1130	
1190	1160	1159	1191	
1191	1160	1190	1161	
1162	1161	1192	1131	
1191	1161	1160	1192	
1192	1161	1191	1162	
1163	1162	1193	1132	
1192	1162	1161	1193	
1193	1162	1192	1163	
1164	1163	1194	1133	
1193	1163	1162	1194	
1194	1163	1193	1164	
1165	1164	1195	1134	
1194	1164	1163	1195	
1195	1164	1194	1165	
1166	1165	1196	1135	
1195	1165	1164	1196	
1196	1165	1195	1166	
1167	1166	1197	1136	
1196	1166	1165	1197	
1197	1166	1196	1167	
1168	1167	1198	1137	
1197	1167	1166	1198	
1198	1167	1197	1168	
1169	1168	1199	1138	
1198	1168	1167	1199	
1199	1168	1198	1169	
1170	1169	1199	1140	
1199	1169	1168	1170	
1171	1170	1201	1140	
1170	1199	1200	1169	
1200	1170	1199	1201	
1201	1170	1200	1171	
1172	1171	1202	1141	
1201	1171	1170	1202	
1202	1171	1201	1172	
1173	1172	1203	1142	
1202	1172	1171	1203	
1203	1172	1202	1173	
1174	1173	1204	1143	
1203	1173	1172	1204	
1204	1173	1203	1174	
1175	1174	1205	1144	
1204	1174	1173	1205	
1205	1174	1204	1175	
1176	1175	1206	1145	
1205	1175	1174	1206	
1206	1175	1205	1176	
1177	1176	1207	1146	
1206	1176	1175	1207	
1207	1176	1206	1177	
1178	1177	1208	1147	
1207	1177	1176	1208	
1208	1177	1207	1178	
1179	1178	1209	1148	
1208	1178	1177	1209	
1209	1178	1208	1179	
1180	1179	1210	1149	
1209	1179	1178	1210	
1210	1179	1209	1180	
1181	1180	1211	1150	
1210	1180	1179	1211	
1211	1180	1210	1181	
1182	1181	1212	1151	
1211	1181	1180	1212	
1212	1181	1211	1182	
1183	1182	1213	1152	
1212	1182	1181	1213	
1213	1182	1212	1183	
1184	1183	1214	1153	
1213	1183	1182	1214	
1214	1183	1213	1184	
1185	1184	1215	1154	
1214	1184	1183	1215	
1215	1184	1214	1185	
1186	1185	1216	1155	
1215	1185	1184	1216	
1216	1185	1215	1186	
1187	1186	1217	1156	
1216	1186	1185	1217	
1217	1186	1216	1187	
1188	1187	1218	1157	
1217	1187	1186	1218	
1218	1187	1217	1188	
1189	1188	1219	1158	
1218	1188	1187	1219	
1219	1188	1218	1189	
1190	1189	1220	1159	
1219	1189	1188	1220	
1220	1189	1219	1190	
1191	1190	1221	1160	
1220	1190	1189	1221	
1221	1190	1220	1191	
1192	1191	1222	1161	
1221	1191	1190	1222	
1222	1191	1221	1192	
1193	1192	1223	1162	
1222	1192	1191	1223	
1223	1192	1222	1193	
1194	1193	1224	1163	
1223	1193	1192	1224	
1224	1193	1223	1194	
1195	1194	1225	1164	
1224	1194	1193	1225	
1225	1194	1224	1195	
1196	1195	1226	1165	
1225	1195	1194	1226	
1226	1195	1225	1196	
1197	1196	1227	1166	
1226	1196	1195	1227	
1227	1196	1226	1197	
1198	1197	1228	1167	
1227	1197	1196	1228	
1228	1197	1227	1198	
1199	1198	1229	1168	
1228	1198	1197	1229	
1229	1198	1228	1199	
1200	1199	1229	1170	
1229	1199	1198	1200	
1201	1200	1231	1170	
1200	1229	1230	1199	
1230	1200	1229	1231	
1231	1200	1230	1201	
1202	1201	1232	1171	
1231	1201	1200	1232	
1232	1201	1231	1202	
1203	1202	1233	1172	
1232	1202	1201	1233	
1233	1202	1232	1203	
1204	1203	1234	1173	
1233	1203	1202	1234	
1234	1203	1233	1204	
1205	1204	1235	1174	
1234	1204	1203	1235	
1235	1204	1234	1205	
1206	1205	1236	1175	
1235	1205	1204	1236	
1236	1205	1235	1206	
1207	1206	1237	1176	
1236	1206	1205	1237	
1237	1206	1236	1207	
1208	1207	1238	1177	
1237	1207	1206	1238	
1238	1207	1237	1208	
1209	1208	1239	1178	
1238	1208	1207	1239	
1239	1208	1238	1209	
1210	1209	1240	1179	
1239	1209	1208	1240	
1240	1209	1239	1210	
1211	1210	1241	1180	
1240	1210	1209	1241	
1241	1210	1240	1211	
1212	1211	1242	1181	
1241	1211	1210	1242	
1242	1211	1241	1212	
1213	1212	1243	1182	
1242	1212	1211	1243	
1243	1212	1242	1213	
1214	1213	1244	1183	
1243	1213	1212	1244	
1244	1213	1243	1214	
1215	1214	1245	1184	
1244	1214	1213	1245	
1245	1214	1244	1215	
1216	1215	1246	1185	
1245	1215	1214	1246	
1246	1215	1245	1216	
1217	1216	1247	1186	
1246	1216	1215	1247	
1247	1216	1246	1217	
1218	1217	1248	1187	
1247	1217	1216	1248	
1248	1217	1247	1218	
1219	1218	1249	1188	
1248	1218	1217	1249	
1249	1218	1248	1219	
1220	1219	1250	1189	
1249	1219	1218	1250	
1250	1219	1249	1220	
1221	1220	1251	1190	
1250	1220	1219	1251	
1251	1220	1250	1221	
1222	1221	1252	1191	
1251	1221	1220	1252	
1252	1221	1251	1222	
1223	1222	1253	1192	
1252	1222	1221	1253	
1253	1222	1252	1223	
1224	1223	1254	1193	
1253	1223	1222	1254	
1254	1223	1253	1224	
1225	1224	1255	1194	
1254	1224	1223	1255	
1255	1224	1254	1225	
1226	1225	1256	1195	
1255	1225	1224	1256	
1256	1225	1255	1226	
1227	1226	1257	1196	
1256	1226	1225	1257	
1257	1226	1256	1227	
1228	1227	1258	1197	
1257	1227	1226	1258	
1258	1227	1257	1228	
1229	1228	1259	1198	
1258	1228	1227	1259	
1259	1228	1258	1229	
1230	1229	1259	1200	
1259	1229	1228	1230	
1231	1230	1261	1200	
1230	1259	1260	1229	
1260	1230	1259	1261	
1261	1230	1260	1231	
1232	1231	1262	1201	
1261	1231	1230	1262	
1262	1231	1261	1232	
1233	1232	1263	1202	
1262	1232	1231	1263	
1263	1232	1262	1233	
1234	1233	1264	1203	
1263	1233	1232	1264	
1264	1233	1263	1234	
1235	1234	1265	1204	
1264	1234	1233	1265	
1265	1234	1264	1235	
1236	1235	1266	1205	
1265	1235	1234	1266	
1266	1235	1265	1236	
1237	1236	1267	1206	
1266	1236	1235	1267	
1267	1236	1266	1237	
1238	1237	1268	1207	
1267	1237	1236	1268	
1268	1237	1267	1238	
1239	1238	1269	1208	
1268	1238	1237	1269	
1269	1238	1268	1239	
1240	1239	1270	1209	
1269	1239	1238	1270	
1270	1239	1269	1240	
1241	1240	1271	1210	
1270	1240	1239	1271	
1271	1240	1270	1241	
1242	1241	1272	1211	
1271	1241	1240	1272	
1272	1241	1271	1242	
1243	1242	1273	1212	
1272	1242	1241	1273	
1273	1242	1272	1243	
1244	1243	1274	1213	
1273	1243	1242	1274	
1274	1243	1273	1244	
1245	1244	1275	1214	
1274	1244	1243	1275	
1275	1244	1274	1245	
1246	1245	1276	1215	
1275	1245	1244	1276	
1276	1245	1275	1246	
1247	1246	1277	1216	
1276	1246	1245	1277	
1277	1246	1276	1247	
1248	1247	1278	1217	
1277	1247	1246	1278	
1278	1247	1277	1248	
1249	1248	1279	1218	
1278	1248	1247	1279	
1279	1248	1278	1249	
1250	1249	1280	1219	
1279	1249	1248	1280	
1280	1249	1279	1250	
1251	1250	1281	1220	
1280	1250	1249	1281	
1281	1250	1280	1251	
1252	1251	1282	1221	
1281	1251	1250	1282	
1282	1251	1281	1252	
1253	1252	1283	1222	
1282	1252	1251	1283	
1283	1252	1282	1253	
1254	1253	1284	1223	
1283	1253	1252	1284	
1284	1253	1283	1254	
1255	1254	1285	1224	
1284	1254	1253	1285	
1285	1254	1284	1255	
1256	1255	1286	1225	
1285	1255	1254	1286	
1286	1255	1285	1256	
1257	1256	1287	1226	
1286	1256	1255	1287	
1287	1256	1286	1257	
1258	1257	1288	1227	
1287	1257	1256	1288	
1288	1257	1287	1258	
1259	1258	1289	1228	
1288	1258	1257	1289	
1289	1258	1288	1259	
1260	1259	1289	1230	
1289	1259	1258	1260	
1261	1260	1291	1230	
1260	1289	1290	1259	
1290	1260	1289	1291	
1291	1260	1290	1261	
1262	1261	1292	1231	
1291	1261	1260	1292	
1292	1261	1291	1262	
1263	1262	1293	1232	
1292	1262	1261	1293	
1293	1262	1292	1263	
1264	1263	1294	1233	
1293	1263	1262	1294	
1294	1263	1293	1264	
1265	1264	1295	1234	
1294	1264	1263	1295	
1295	1264	1294	1265	
1266	1265	1296	1235	
1295	1265	1264	1296	
1296	1265	1295	1266	
1267	1266	1297	1236	
1296	1266	1265	1297	
1297	1266	1296	1267	
1268	1267	1298	1237	
1297	1267	1266	1298	
1298	1267	1297	1268	
1269	1268	1299	1238	
1298	1268	1267	1299	
1299	1268	1298	1269	
1270	1269	1300	1239	
1299	1269	1268	1300	
1300	1269	1299	1270	
1271	1270	1301	1240	
1300	1270	1269	1301	
1301	1270	1300	1271	
1272	1271	1302	1241	
1301	1271	1270	1302	
1302	1271	1301	1272	
1273	1272	1303	1242	
1302	1272	1271	1303	
1303	1272	1302	1273	
1274	1273	1304	1243	
1303	1273	1272	1304	
1304	1273	1303	1274	
1275	1274	1305	1244	
1304	1274	1273	1305	
1305	1274	1304	1275	
1276	1275	1306	1245	
1305	1275	1274	1306	
1306	1275	1305	1276	
1277	1276	1307	1246	
1306	1276	1275	1307	
1307	1276	1306	1277	
1278	1277	1308	1247	
1307	1277	1276	1308	
1308	1277	1307	1278	
1279	1278	1309	1248	
1308	1278	1277	1309	
1309	1278	1308	1279	
1280	1279	1310	1249	
1309	1279	1278	1310	
1310	1279	1309	1280	
1281	1280	1311	1250	
1310	1280	1279	1311	
1311	1280	1310	1281	
1282	1281	1312	1251	
1311	1281	1280	1312	
1312	1281	1311	1282	
1283	1282	1313	1252	
1312	1282	1281	1313	
1313	1282	1312	1283	
1284	1283	1314	1253	
1313	1283	1282	1314	
1314	1283	1313	1284	
1285	1284	1315	1254	
1314	1284	1283	1315	
1315	1284	1314	1285	
1286	1285	1316	1255	
1315	1285	1284	1316	
1316	1285	1315	1286	
1287	1286	1317	1256	
1316	1286	1285	1317	
1317	1286	1316	1287	
1288	1287	1318	1257	
1317	1287	1286	1318	
1318	1287	1317	1288	
1289	1288	1319	1258	
1318	1288	1287	1319	
1319	1288	1318	1289	
1290	1289	1319	1260	
1319	1289	1288	1290	
1291	1290	1321	1260	
1290	1319	1320	1289	
1320	1290	1319	1321	
1321	1290	1320	1291	
1292	1291	1322	1261	
1321	1291	1290	1322	
1322	1291	1321	1292	
1293	1292	1323	1262	
1322	1292	1291	1323	
1323	1292	1322	1293	
1294	1293	1324	1263	
1323	1293	1292	1324	
1324	1293	1323	1294	
1295	1294	1325	1264	
1324	1294	1293	1325	
1325	1294	1324	1295	
1296	1295	1326	1265	
1325	1295	1294	1326	
1326	1295	1325	1296	
1297	1296	1327	1266	
1326	1296	1295	1327	
1327	1296	1326	1297	
1298	1297	1328	1267	
1327	1297	1296	1328	
1328	1297	1327	1298	
1299	1298	1329	1268	
1328	1298	1297	1329	
1329	1298	1328	1299	
1300	1299	1330	1269	
1329	1299	1298	1330	
1330	1299	1329	1300	
1301	1300	1331	1270	
1330	1300	1299	1331	
1331	1300	1330	1301	
1302	1301	1332	1271	
1331	1301	1300	1332	
1332	1301	1331	1302	
1303	1302	1333	1272	
1332	1302	1301	1333	
1333	1302	1332	1303	
1304	1303	1334	1273	
1333	1303	1302	1334	
1334	1303	1333	1304	
1305	1304	1335	1274	
1334	1304	1303	1335	
1335	1304	1334	1305	
1306	1305	1336	1275	
1335	1305	1304	1336	
1336	1305	1335	1306	
1307	1306	1337	1276	
1336	1306	1305	1337	
1337	1306	1336	1307	
1308	1307	1338	1277	
1337	1307	1306	1338	
1338	1307	1337	1308	
1309	1308	1339	1278	
1338	1308	1307	1339	
1339	1308	1338	1309	
1310	1309	1340	1279	
1339	1309	1308	1340	
1340	1309	1339	1310	
1311	1310	1341	1280	
1340	1310	1309	1341	
1341	1310	1340	1311	
1312	1311	1342	1281	
1341	1311	1310	1342	
1342	1311	1341	1312	
1313	1312	1343	1282	
1342	1312	1311	1343	
1343	1312	1342	1313	
1314	1313	1344	1283	
1343	1313	1312	1344	
1344	1313	1343	1314	
1315	1314	1345	1284	
1344	1314	1313	1345	
1345	1314	1344	1315	
1316	1315	1346	1285	
1345	1315	1314	1346	
1346	1315	1345	1316	
1317	1316	1347	1286	
1346	1316	1315	1347	
1347	1316	1346	1317	
1318	1317	1348	1287	
1347	1317	1316	1348	
1348	1317	1347	1318	
1319	1318	1349	1288	
1348	1318	1317	1349	
1349	1318	1348	1319	
1320	1319	1349	1290	
1349	1319	1318	1320	
1321	1320	1351	1290	
1320	1349	1350	1319	
1350	1320	1349	1351	
1351	1320	1350	1321	
1322	1321	1352	1291	
1351	1321	1320	1352	
1352	1321	1351	1322	
1323	1322	1353	1292	
1352	1322	1321	1353	
1353	1322	1352	1323	
1324	1323	1354	1293	
1353	1323	1322	1354	
1354	1323	1353	1324	
1325	1324	1355	1294	
1354	1324	1323	1355	
1355	1324	1354	1325	
1326	1325	1356	1295	
1355	1325	1324	1356	
1356	1325	1355	1326	
1327	1326	1357	1296	
1356	1326	1325	1357	
1357	1326	1356	1327	
1328	1327	1358	1297	
1357	1327	1326	1358	
1358	1327	1357	1328	
1329	1328	1359	1298	
1358	1328	1327	1359	
1359	1328	1358	1329	
1330	1329	1360	1299	
1359	1329	1328	1360	
1360	1329	1359	1330	
1331	1330	1361	1300	
1360	1330	1329	1361	
1361	1330	1360	1331	
1332	1331	1362	1301	
1361	1331	1330	1362	
1362	1331	1361	1332	
1333	1332	1363	1302	
1362	1332	1331	1363	
1363	1332	1362	1333	
1334	1333	1364	1303	
1363	1333	1332	1364	
1364	1333	1363	1334	
1335	1334	1365	1304	
1364	1334	1333	1365	
1365	1334	1364	1335	
1336	1335	1366	1305	
1365	1335	1334	1366	
1366	1335	1365	1336	
1337	1336	1367	1306	
1366	1336	1335	1367	
1367	1336	1366	1337	
1338	1337	1368	1307	
1367	1337	1336	1368	
1368	1337	1367	1338	
1339	1338	1369	1308	
1368	1338	1337	1369	
1369	1338	1368	1339	
1340	1339	1370	1309	
1369	1339	1338	1370	
1370	1339	1369	1340	
1341	1340	1371	1310	
1370	1340	1339	1371	
1371	1340	1370	1341	
1342	1341	1372	1311	
1371	1341	1340	1372	
1372	1341	1371	1342	
1343	1342	1373	1312	
1372	1342	1341	1373	
1373	1342	1372	1343	
1344	1343	1374	1313	
1373	1343	1342	1374	
1374	1343	1373	1344	
1345	1344	1375	1314	
1374	1344	1343	1375	
1375	1344	1374	1345	
1346	1345	1376	1315	
1375	1345	1344	1376	
1376	1345	1375	1346	
1347	1346	1377	1316	
1376	1346	1345	1377	
1377	1346	1376	1347	
1348	1347	1378	1317	
1377	1347	1346	1378	
1378	1347	1377	1348	
1349	1348	1379	1318	
1378	1348	1347	1379	
1379	1348	1378	1349	
1350	1349	1379	1320	
1379	1349	1348	1350	
1351	1350	1381	1320	
1350	1379	1380	1349	
1380	1350	1379	1381	
1381	1350	1380	1351	
1352	1351	1382	1321	
1381	1351	1350	1382	
1382	1351	1381	1352	
1353	1352	1383	1322	
1382	1352	1351	1383	
1383	1352	1382	1353	
1354	1353	1384	1323	
1383	1353	1352	1384	
1384	1353	1383	1354	
1355	1354	1385	1324	
1384	1354	1353	1385	
1385	1354	1384	1355	
1356	1355	1386	1325	
1385	1355	1354	1386	
1386	1355	1385	1356	
1357	1356	1387	1326	
1386	1356	1355	1387	
1387	1356	1386	1357	
1358	1357	1388	1327	
1387	1357	1356	1388	
1388	1357	1387	1358	
1359	1358	1389	1328	
1388	1358	1357	1389	
1389	1358	1388	1359	
1360	1359	1390	1329	
1389	1359	1358	1390	
1390	1359	1389	1360	
1361	1360	1391	1330	
1390	1360	1359	1391	
1391	1360	1390	1361	
1362	1361	1392	1331	
1391	1361	1360	1392	
1392	1361	1391	1362	
1363	1362	1393	1332	
1392	1362	1361	1393	
1393	1362	1392	1363	
1364	1363	1394	1333	
1393	1363	1362	1394	
1394	1363	1393	1364	
1365	1364	1395	1334	
1394	1364	1363	1395	
1395	1364	1394	1365	
1366	1365	1396	1335	
1395	1365	1364	1396	
1396	1365	1395	1366	
1367	1366	1397	1336	
1396	1366	1365	1397	
1397	1366	1396	1367	
1368	1367	1398	1337	
1397	1367	1366	1398	
1398	1367	1397	1368	
1369	1368	1399	1338	
1398	1368	1367	1399	
1399	1368	1398	1369	
1370	1369	1400	1339	
1399	1369	1368	1400	
1400	1369	1399	1370	
1371	1370	1401	1340	
1400	1370	1369	1401	
1401	1370	1400	1371	
1372	1371	1402	1341	
1401	1371	1370	1402	
1402	1371	1401	1372	
1373	1372	1403	1342	
1402	1372	1371	1403	
1403	1372	1402	1373	
1374	1373	1404	1343	
1403	1373	1372	1404	
1404	1373	1403	1374	
1375	1374	1405	1344	
1404	1374	1373	1405	
1405	1374	1404	1375	
1376	1375	1406	1345	
1405	1375	1374	1406	
1406	1375	1405	1376	
1377	1376	1407	1346	
1406	1376	1375	1407	
1407	1376	1406	1377	
1378	1377	1408	1347	
1407	1377	1376	1408	
1408	1377	1407	1378	
1379	1378	1409	1348	
1408	1378	1377	1409	
1409	1378	1408	1379	
1380	1379	1409	1350	
1409	1379	1378	1380	
1381	1380	1411	1350	
1380	1409	1410	1379	
1410	1380	1409	1411	
1411	1380	1410	1381	
1382	1381	1412	1351	
1411	1381	1380	1412	
1412	1381	1411	1382	
1383	1382	1413	1352	
1412	1382	1381	1413	
1413	1382	1412	1383	
1384	1383	1414	1353	
1413	1383	1382	1414	
1414	1383	1413	1384	
1385	1384	1415	1354	
1414	1384	1383	1415	
1415	1384	1414	1385	
1386	1385	1416	1355	
1415	1385	1384	1416	
1416	1385	1415	1386	
1387	1386	1417	1356	
1416	1386	1385	1417	
1417	1386	1416	1387	
1388	1387	1418	1357	
1417	1387	1386	1418	
1418	1387	1417	1388	
1389	1388	1419	1358	
1418	1388	1387	1419	
1419	1388	1418	1389	
1390	1389	1420	1359	
1419	1389	1388	1420	
1420	1389	1419	1390	
1391	1390	1421	1360	
1420	1390	1389	1421	
1421	1390	1420	1391	
1392	1391	1422	1361	
1421	1391	1390	1422	
1422	1391	1421	1392	
1393	1392	1423	1362	
1422	1392	1391	1423	
1423	1392	1422	1393	
1394	1393	1424	1363	
1423	1393	1392	1424	
1424	1393	1423	1394	
1395	1394	1425	1364	
1424	1394	1393	1425	
1425	1394	1424	1395	
1396	1395	1426	1365	
1425	1395	1394	1426	
1426	1395	1425	1396	
1397	1396	1427	1366	
1426	1396	1395	1427	
1427	1396	1426	1397	
1398	1397	1428	1367	
1427	1397	1396	1428	
1428	1397	1427	1398	
1399	1398	1429	1368	
1428	1398	1397	1429	
1429	1398	1428	1399	
1400	1399	1430	1369	
1429	1399	1398	1430	
1430	1399	1429	1400	
1401	1400	1431	1370	
1430	1400	1399	1431	
1431	1400	1430	1401	
1402	1401	1432	1371	
1431	1401	1400	1432	
1432	1401	1431	1402	
1403	1402	1433	1372	
1432	1402	1401	1433	
1433	1402	1432	1403	
1404	1403	1434	1373	
1433	1403	1402	1434	
1434	1403	1433	1404	
1405	1404	1435	1374	
1434	1404	1403	1435	
1435	1404	1434	1405	
1406	1405	1436	1375	
1435	1405	1404	1436	
1436	1405	1435	1406	
1407	1406	1437	1376	
1436	1406	1405	1437	
1437	1406	1436	1407	
1408	1407	1438	1377	
1437	1407	1406	1438	
1438	1407	1437	1408	
1409	1408	1439	1378	
1438	1408	1407	1439	
1439	1408	1438	1409	
1410	1409	1439	1380	
1439	1409	1408	1410	
1411	1410	1441	1380	
1410	1439	1440	1409	
1440	1410	1439	1441	
1441	1410	1440	1411	
1412	1411	1442	1381	
1441	1411	1410	1442	
1442	1411	1441	1412	
1413	1412	1443	1382	
1442	1412	1411	1443	
1443	1412	1442	1413	
1414	1413	1444	1383	
1443	1413	1412	1444	
1444	1413	1443	1414	
1415	1414	1445	1384	
1444	1414	1413	1445	
1445	1414	1444	1415	
1416	1415	1446	1385	
1445	1415	1414	1446	
1446	1415	1445	1416	
1417	1416	1447	1386	
1446	1416	1415	1447	
1447	1416	1446	1417	
1418	1417	1448	1387	
1447	1417	1416	1448	
1448	1417	1447	1418	
1419	1418	1449	1388	
1448	1418	1417	1449	
1449	1418	1448	1419	
1420	1419	1450	1389	
1449	1419	1418	1450	
1450	1419	1449	1420	
1421	1420	1451	1390	
1450	1420	1419	1451	
1451	1420	1450	1421	
1422	1421	1452	1391	
1451	1421	1420	1452	
1452	1421	1451	1422	
1423	1422	1453	1392	
1452	1422	1421	1453	
1453	1422	1452	1423	
1424	1423	1454	1393	
1453	1423	1422	1454	
1454	1423	1453	1424	
1425	1424	1455	1394	
1454	1424	1423	1455	
1455	1424	1454	1425	
1426	1425	1456	1395	
1455	1425	1424	1456	
1456	1425	1455	1426	
1427	1426	1457	1396	
1456	1426	1425	1457	
1457	1426	1456	1427	
1428	1427	1458	1397	
1457	1427	1426	1458	
1458	1427	1457	1428	
1429	1428	1459	1398	
1458	1428	1427	1459	
1459	1428	1458	1429	
1430	1429	1460	1399	
1459	1429	1428	1460	
1460	1429	1459	1430	
1431	1430	1461	1400	
1460	1430	1429	1461	
1461	1430	1460	1431	
1432	1431	1462	1401	
1461	1431	1430	1462	
1462	1431	1461	1432	
1433	1432	1463	1402	
1462	1432	1431	1463	
1463	1432	1462	1433	
1434	1433	1464	1403	
1463	1433	1432	1464	
1464	1433	1463	1434	
1435	1434	1465	1404	
1464	1434	1433	1465	
1465	1434	1464	1435	
1436	1435	1466	1405	
1465	1435	1434	1466	
1466	1435	1465	1436	
1437	1436	1467	1406	
1466	1436	1435	1467	
1467	1436	1466	1437	
1438	1437	1468	1407	
1467	1437	1436	1468	
1468	1437	1467	1438	
1439	1438	1469	1408	
1468	1438	1437	1469	
1469	1438	1468	1439	
1440	1439	1469	1410	
1469	1439	1438	1440	
1441	1440	1471	1410	
1440	1469	1470	1439	
1470	1440	1469	1471	
1471	1440	1470	1441	
1442	1441	1472	1411	
1471	1441	1440	1472	
1472	1441	1471	1442	
1443	1442	1473	1412	
1472	1442	1441	1473	
1473	1442	1472	1443	
1444	1443	1474	1413	
1473	1443	1442	1474	
1474	1443	1473	1444	
1445	1444	1475	1414	
1474	1444	1443	1475	
1475	1444	1474	1445	
1446	1445	1476	1415	
1475	1445	1444	1476	
1476	1445	1475	1446	
1447	1446	1477	1416	
1476	1446	1445	1477	
1477	1446	1476	1447	
1448	1447	1478	1417	
1477	1447	1446	1478	
1478	1447	1477	1448	
1449	1448	1479	1418	
1478	1448	1447	1479	
1479	1448	1478	1449	
1450	1449	1480	1419	
1479	1449	1448	1480	
1480	1449	1479	1450	
1451	1450	1481	1420	
1480	1450	1449	1481	
1481	1450	1480	1451	
1452	1451	1482	1421	
1481	1451	1450	1482	
1482	1451	1481	1452	
1453	1452	1483	1422	
1482	1452	1451	1483	
1483	1452	1482	1453	
1454	1453	1484	1423	
1483	1453	1452	1484	
1484	1453	1483	1454	
1455	1454	1485	1424	
1484	1454	1453	1485	
1485	1454	1484	1455	
1456	1455	1486	1425	
1485	1455	1454	1486	
1486	1455	1485	1456	
1457	1456	1487	1426	
1486	1456	1455	1487	
1487	1456	1486	1457	
1458	1457	1488	1427	
1487	1457	1456	1488	
1488	1457	1487	1458	
1459	1458	1489	1428	
1488	1458	1457	1489	
1489	1458	1488	1459	
1460	1459	1490	1429	
1489	1459	1458	1490	
1490	1459	1489	1460	
1461	1460	1491	1430	
1490	1460	1459	1491	
1491	1460	1490	1461	
1462	1461	1492	1431	
1491	1461	1460	1492	
1492	1461	1491	1462	
1463	1462	1493	1432	
1492	1462	1461	1493	
1493	1462	1492	1463	
1464	1463	1494	1433	
1493	1463	1462	1494	
1494	1463	1493	1464	
1465	1464	1495	1434	
1494	1464	1463	1495	
1495	1464	1494	1465	
1466	1465	1496	1435	
1495	1465	1464	1496	
1496	1465	1495	1466	
1467	1466	1497	1436	
1496	1466	1465	1497	
1497	1466	1496	1467	
1468	1467	1498	1437	
1497	1467	1466	1498	
1498	1467	1497	1468	
1469	1468	1499	1438	
1498	1468	1467	1499	
1499	1468	1498	1469	
1470	1469	1499	1440	
1499	1469	1468	1470	
1471	1470	1501	1440	
1470	1499	1500	1469	
1500	1470	1499	1501	
1501	1470	1500	1471	
1472	1471	1502	1441	
1501	1471	1470	1502	
1502	1471	1501	1472	
1473	1472	1503	1442	
1502	1472	1471	1503	
1503	1472	1502	1473	
1474	1473	1504	1443	
1503	1473	1472	1504	
1504	1473	1503	1474	
1475	1474	1505	1444	
1504	1474	1473	1505	
1505	1474	1504	1475	
1476	1475	1506	1445	
1505	1475	1474	1506	
1506	1475	1505	1476	
1477	1476	1507	1446	
1506	1476	1475	1507	
1507	1476	1506	1477	
1478	1477	1508	1447	
1507	1477	1476	1508	
1508	1477	1507	1478	
1479	1478	1509	1448	
1508	1478	1477	1509	
1509	1478	1508	1479	
1480	1479	1510	1449	
1509	1479	1478	1510	
1510	1479	1509	1480	
1481	1480	1511	1450	
1510	1480	1479	1511	
1511	1480	1510	1481	
1482	1481	1512	1451	
1511	1481	1480	1512	
1512	1481	1511	1482	
1483	1482	1513	1452	
1512	1482	1481	1513	
1513	1482	1512	1483	
1484	1483	1514	1453	
1513	1483	1482	1514	
1514	1483	1513	1484	
1485	1484	1515	1454	
1514	1484	1483	1515	
1515	1484	1514	1485	
1486	1485	1516	1455	
1515	1485	1484	1516	
1516	1485	1515	1486	
1487	1486	1517	1456	
1516	1486	1485	1517	
1517	1486	1516	1487	
1488	1487	1518	1457	
1517	1487	1486	1518	
1518	1487	1517	1488	
1489	1488	1519	1458	
1518	1488	1487	1519	
1519	1488	1518	1489	
1490	1489	1520	1459	
1519	1489	1488	1520	
1520	1489	1519	1490	
1491	1490	1521	1460	
1520	1490	1489	1521	
1521	1490	1520	1491	
1492	1491	1522	1461	
1521	1491	1490	1522	
1522	1491	1521	1492	
1493	1492	1523	1462	
1522	1492	1491	1523	
1523	1492	1522	1493	
1494	1493	1524	1463	
1523	1493	1492	1524	
1524	1493	1523	1494	
1495	1494	1525	1464	
1524	1494	1493	1525	
1525	1494	1524	1495	
1496	1495	1526	1465	
1525	1495	1494	1526	
1526	1495	1525	1496	
1497	1496	1527	1466	
1526	1496	1495	1527	
1527	1496	1526	1497	
1498	1497	1528	1467	
1527	1497	1496	1528	
1528	1497	1527	1498	
1499	1498	1529	1468	
1528	1498	1497	1529	
1529	1498	1528	1499	
1500	1499	1529	1470	
1529	1499	1498	1500	
1501	1500	1531	1470	
1500	1529	1530	1499	
1530	1500	1529	1531	
1531	1500	1530	1501	
1502	1501	1532	1471	
1531	1501	1500	1532	
1532	1501	1531	1502	
1503	1502	1533	1472	
1532	1502	1501	1533	
1533	1502	1532	1503	
1504	1503	1534	1473	
1533	1503	1502	1534	
1534	1503	1533	1504	
1505	1504	1535	1474	
1534	1504	1503	1535	
1535	1504	1534	1505	
1506	1505	1536	1475	
1535	1505	1504	1536	
1536	1505	1535	1506	
1507	1506	1537	1476	
1536	1506	1505	1537	
1537	1506	1536	1507	
1508	1507	1538	1477	
1537	1507	1506	1538	
1538	1507	1537	1508	
1509	1508	1539	1478	
1538	1508	1507	1539	
1539	1508	1538	1509	
1510	1509	1540	1479	
1539	1509	1508	1540	
1540	1509	1539	1510	
1511	1510	1541	1480	
1540	1510	1509	1541	
1541	1510	1540	1511	
1512	1511	1542	1481	
1541	1511	1510	1542	
1542	1511	1541	1512	
1513	1512	1543	1482	
1542	1512	1511	1543	
1543	1512	1542	1513	
1514	1513	1544	1483	
1543	1513	1512	1544	
1544	1513	1543	1514	
1515	1514	1545	1484	
1544	1514	1513	1545	
1545	1514	1544	1515	
1516	1515	1546	1485	
1545	1515	1514	1546	
1546	1515	1545	1516	
1517	1516	1547	1486	
1546	1516	1515	1547	
1547	1516	1546	1517	
1518	1517	1548	1487	
1547	1517	1516	1548	
1548	1517	1547	1518	
1519	1518	1549	1488	
1548	1518	1517	1549	
1549	1518	1548	1519	
1520	1519	1550	1489	
1549	1519	1518	1550	
1550	1519	1549	1520	
1521	1520	1551	1490	
1550	1520	1519	1551	
1551	1520	1550	1521	
1522	1521	1552	1491	
1551	1521	1520	1552	
1552	1521	1551	1522	
1523	1522	1553	1492	
1552	1522	1521	1553	
1553	1522	1552	1523	
1524	1523	1554	1493	
1553	1523	1522	1554	
1554	1523	1553	1524	
1525	1524	1555	1494	
1554	1524	1523	1555	
1555	1524	1554	1525	
1526	1525	1556	1495	
1555	1525	1524	1556	
1556	1525	1555	1526	
1527	1526	1557	1496	
1556	1526	1525	1557	
1557	1526	1556	1527	
1528	1527	1558	1497	
1557	1527	1526	1558	
1558	1527	1557	1528	
1529	1528	1559	1498	
1558	1528	1527	1559	
1559	1528	1558	1529	
1530	1529	1559	1500	
1559	1529	1528	1530	
1531	1530	1561	1500	
1530	1559	1560	1529	
1560	1530	1559	1561	
1561	1530	1560	1531	
1532	1531	1562	1501	
1561	1531	1530	1562	
1562	1531	1561	1532	
1533	1532	1563	1502	
1562	1532	1531	1563	
1563	1532	1562	1533	
1534	1533	1564	1503	
1563	1533	1532	1564	
1564	1533	1563	1534	
1535	1534	1565	1504	
1564	1534	1533	1565	
1565	1534	1564	1535	
1536	1535	1566	1505	
1565	1535	1534	1566	
1566	1535	1565	1536	
1537	1536	1567	1506	
1566	1536	1535	1567	
1567	1536	1566	1537	
1538	1537	1568	1507	
1567	1537	1536	1568	
1568	1537	1567	1538	
1539	1538	1569	1508	
1568	1538	1537	1569	
1569	1538	1568	1539	
1540	1539	1570	1509	
1569	1539	1538	1570	
1570	1539	1569	1540	
1541	1540	1571	1510	
1570	1540	1539	1571	
1571	1540	1570	1541	
1542	1541	1572	1511	
1571	1541	1540	1572	
1572	1541	1571	1542	
1543	1542	1573	1512	
1572	1542	1541	1573	
1573	1542	1572	1543	
1544	1543	1574	1513	
1573	1543	1542	1574	
1574	1543	1573	1544	
1545	1544	1575	1514	
1574	1544	1543	1575	
1575	1544	1574	1545	
1546	1545	1576	1515	
1575	1545	1544	1576	
1576	1545	1575	1546	
1547	1546	1577	1516	
1576	1546	1545	1577	
1577	1546	1576	1547	
1548	1547	1578	1517	
1577	1547	1546	1578	
1578	1547	1577	1548	
1549	1548	1579	1518	
1578	1548	1547	1579	
1579	1548	1578	1549	
1550	1549	1580	1519	
1579	1549	1548	1580	
1580	1549	1579	1550	
1551	1550	1581	1520	
1580	1550	1549	1581	
1581	1550	1580	1551	
1552	1551	1582	1521	
1581	1551	1550	1582	
1582	1551	1581	1552	
1553	1552	1583	1522	
1582	1552	1551	1583	
1583	1552	1582	1553	
1554	1553	1584	1523	
1583	1553	1552	1584	
1584	1553	1583	1554	
1555	1554	1585	1524	
1584	1554	1553	1585	
1585	1554	1584	1555	
1556	1555	1586	1525	
1585	1555	1554	1586	
1586	1555	1585	1556	
1557	1556	1587	1526	
1586	1556	1555	1587	
1587	1556	1586	1557	
1558	1557	1588	1527	
1587	1557	1556	1588	
1588	1557	1587	1558	
1559	1558	1589	1528	
1588	1558	1557	1589	
1589	1558	1588	1559	
1560	1559	1589	1530	
1589	1559	1558	1560	
1561	1560	1591	1530	
1560	1589	1590	1559	
1590	1560	1589	1591	
1591	1560	1590	1561	
1562	1561	1592	1531	
1591	1561	1560	1592	
1592	1561	1591	1562	
1563	1562	1593	1532	
1592	1562	1561	1593	
1593	1562	1592	1563	
1564	1563	1594	1533	
1593	1563	1562	1594	
1594	1563	1593	1564	
1565	1564	1595	1534	
1594	1564	1563	1595	
1595	1564	1594	1565	
1566	1565	1596	1535	
1595	1565	1564	1596	
1596	1565	1595	1566	
1567	1566	1597	1536	
1596	1566	1565	1597	
1597	1566	1596	1567	
1568	1567	1598	1537	
1597	1567	1566	1598	
1598	1567	1597	1568	
1569	1568	1599	1538	
1598	1568	1567	1599	
1599	1568	1598	1569	
1570	1569	1600	1539	
1599	1569	1568	1600	
1600	1569	1599	1570	
1571	1570	1601	1540	
1600	1570	1569	1601	
1601	1570	1600	1571	
1572	1571	1602	1541	
1601	1571	1570	1602	
1602	1571	1601	1572	
1573	1572	1603	1542	
1602	1572	1571	1603	
1603	1572	1602	1573	
1574	1573	1604	1543	
1603	1573	1572	1604	
1604	1573	1603	1574	
1575	1574	1605	1544	
1604	1574	1573	1605	
1605	1574	1604	1575	
1576	1575	1606	1545	
1605	1575	1574	1606	
1606	1575	1605	1576	
1577	1576	1607	1546	
1606	1576	1575	1607	
1607	1576	1606	1577	
1578	1577	1608	1547	
1607	1577	1576	1608	
1608	1577	1607	1578	
1579	1578	1609	1548	
1608	1578	1577	1609	
1609	1578	1608	1579	
1580	1579	1610	1549	
1609	1579	1578	1610	
1610	1579	1609	1580	
1581	1580	1611	1550	
1610	1580	1579	1611	
1611	1580	1610	1581	
1582	1581	1612	1551	
1611	1581	1580	1612	
1612	1581	1611	1582	
1583	1582	1613	1552	
1612	1582	1581	1613	
1613	1582	1612	1583	
1584	1583	1614	1553	
1613	1583	1582	1614	
1614	1583	1613	1584	
1585	1584	1615	1554	
1614	1584	1583	1615	
1615	1584	1614	1585	
1586	1585	1616	1555	
1615	1585	1584	1616	
1616	1585	1615	1586	
1587	1586	1617	1556	
1616	1586	1585	1617	
1617	1586	1616	1587	
1588	1587	1618	1557	
1617	1587	1586	1618	
1618	1587	1617	1588	
1589	1588	1619	1558	
1618	1588	1587	1619	
1619	1588	1618	1589	
1590	1589	1619	1560	
1619	1589	1588	1590	
1591	1590	1621	1560	
1590	1619	1620	1589	
1620	1590	1619	1621	
1621	1590	1620	1591	
1592	1591	1622	1561	
1621	1591	1590	1622	
1622	1591	1621	1592	
1593	1592	1623	1562	
1622	1592	1591	1623	
1623	1592	1622	1593	
1594	1593	1624	1563	
1623	1593	1592	1624	
1624	1593	1623	1594	
1595	1594	1625	1564	
1624	1594	1593	1625	
1625	1594	1624	1595	
1596	1595	1626	1565	
1625	1595	1594	1626	
1626	1595	1625	1596	
1597	1596	1627	1566	
1626	1596	1595	1627	
1627	1596	1626	1597	
1598	1597	1628	1567	
1627	1597	1596	1628	
1628	1597	1627	1598	
1599	1598	1629	1568	
1628	1598	1597	1629	
1629	1598	1628	1599	
1600	1599	1630	1569	
1629	1599	1598	1630	
1630	1599	1629	1600	
1601	1600	1631	1570	
1630	1600	1599	1631	
1631	1600	1630	1601	
1602	1601	1632	1571	
1631	1601	1600	1632	
1632	1601	1631	1602	
1603	1602	1633	1572	
1632	1602	1601	1633	
1633	1602	1632	1603	
1604	1603	1634	1573	
1633	1603	1602	1634	
1634	1603	1633	1604	
1605	1604	1635	1574	
1634	1604	1603	1635	
1635	1604	1634	1605	
1606	1605	1636	1575	
1635	1605	1604	1636	
1636	1605	1635	1606	
1607	1606	1637	1576	
1636	1606	1605	1637	
1637	1606	1636	1607	
1608	1607	1638	1577	
1637	1607	1606	1638	
1638	1607	1637	1608	
1609	1608	1639	1578	
1638	1608	1607	1639	
1639	1608	1638	1609	
1610	1609	1640	1579	
1639	1609	1608	1640	
1640	1609	1639	1610	
1611	1610	1641	1580	
1640	1610	1609	1641	
1641	1610	1640	1611	
1612	1611	1642	1581	
1641	1611	1610	1642	
1642	1611	1641	1612	
1613	1612	1643	1582	
1642	1612	1611	1643	
1643	1612	1642	1613	
1614	1613	1644	1583	
1643	1613	1612	1644	
1644	1613	1643	1614	
1615	1614	1645	1584	
1644	1614	1613	1645	
1645	1614	1644	1615	
1616	1615	1646	1585	
1645	1615	1614	1646	
1646	1615	1645	1616	
1617	1616	1647	1586	
1646	1616	1615	1647	
1647	1616	1646	1617	
1618	1617	1648	1587	
1647	1617	1616	1648	
1648	1617	1647	1618	
1619	1618	1649	1588	
1648	1618	1617	1649	
1649	1618	1648	1619	
1620	1619	1649	1590	
1649	1619	1618	1620	
1621	1620	1651	1590	
1620	1649	1650	1619	
1650	1620	1649	1651	
1651	1620	1650	1621	
1622	1621	1652	1591	
1651	1621	1620	1652	
1652	1621	1651	1622	
1623	1622	1653	1592	
1652	1622	1621	1653	
1653	1622	1652	1623	
1624	1623	1654	1593	
1653	1623	1622	1654	
1654	1623	1653	1624	
1625	1624	1655	1594	
1654	1624	1623	1655	
1655	1624	1654	1625	
1626	1625	1656	1595	
1655	1625	1624	1656	
1656	1625	1655	1626	
1627	1626	1657	1596	
1656	1626	1625	1657	
1657	1626	1656	1627	
1628	1627	1658	1597	
1657	1627	1626	1658	
1658	1627	1657	1628	
1629	1628	1659	1598	
1658	1628	1627	1659	
1659	1628	1658	1629	
1630	1629	1660	1599	
1659	1629	1628	1660	
1660	1629	1659	1630	
1631	1630	1661	1600	
1660	1630	1629	1661	
1661	1630	1660	1631	
1632	1631	1662	1601	
1661	1631	1630	1662	
1662	1631	1661	1632	
1633	1632	1663	1602	
1662	1632	1631	1663	
1663	1632	1662	1633	
1634	1633	1664	1603	
1663	1633	1632	1664	
1664	1633	1663	1634	
1635	1634	1665	1604	
1664	1634	1633	1665	
1665	1634	1664	1635	
1636	1635	1666	1605	
1665	1635	1634	1666	
1666	1635	1665	1636	
1637	1636	1667	1606	
1666	1636	1635	1667	
1667	1636	1666	1637	
1638	1637	1668	1607	
1667	1637	1636	1668	
1668	1637	1667	1638	
1639	1638	1669	1608	
1668	1638	1637	1669	
1669	1638	1668	1639	
1640	1639	1670	1609	
1669	1639	1638	1670	
1670	1639	1669	1640	
1641	1640	1671	1610	
1670	1640	1639	1671	
1671	1640	1670	1641	
1642	1641	1672	1611	
1671	1641	1640	1672	
1672	1641	1671	1642	
1643	1642	1673	1612	
1672	1642	1641	1673	
1673	1642	1672	1643	
1644	1643	1674	1613	
1673	1643	1642	1674	
1674	1643	1673	1644	
1645	1644	1675	1614	
1674	1644	1643	1675	
1675	1644	1674	1645	
1646	1645	1676	1615	
1675	1645	1644	1676	
1676	1645	1675	1646	
1647	1646	1677	1616	
1676	1646	1645	1677	
1677	1646	1676	1647	
1648	1647	1678	1617	
1677	1647	1646	1678	
1678	1647	1677	1648	
1649	1648	1679	1618	
1678	1648	1647	1679	
1679	1648	1678	1649	
1650	1649	1679	1620	
1679	1649	1648	1650	
1651	1650	1681	1620	
1650	1679	1680	1649	
1680	1650	1679	1681	
1681	1650	1680	1651	
1652	1651	1682	1621	
1681	1651	1650	1682	
1682	1651	1681	1652	
1653	1652	1683	1622	
1682	1652	1651	1683	
1683	1652	1682	1653	
1654	1653	1684	1623	
1683	1653	1652	1684	
1684	1653	1683	1654	
1655	1654	1685	1624	
1684	1654	1653	1685	
1685	1654	1684	1655	
1656	1655	1686	1625	
1685	1655	1654	1686	
1686	1655	1685	1656	
1657	1656	1687	1626	
1686	1656	1655	1687	
1687	1656	1686	1657	
1658	1657	1688	1627	
1687	1657	1656	1688	
1688	1657	1687	1658	
1659	1658	1689	1628	
1688	1658	1657	1689	
1689	1658	1688	1659	
1660	1659	1690	1629	
1689	1659	1658	1690	
1690	1659	1689	1660	
1661	1660	1691	1630	
1690	1660	1659	1691	
1691	1660	1690	1661	
1662	1661	1692	1631	
1691	1661	1660	1692	
1692	1661	1691	1662	
1663	1662	1693	1632	
1692	1662	1661	1693	
1693	1662	1692	1663	
1664	1663	1694	1633	
1693	1663	1662	1694	
1694	1663	1693	1664	
1665	1664	1695	1634	
1694	1664	1663	1695	
1695	1664	1694	1665	
1666	1665	1696	1635	
1695	1665	1664	1696	
1696	1665	1695	1666	
1667	1666	1697	1636	
1696	1666	1665	1697	
1697	1666	1696	1667	
1668	1667	1698	1637	
1697	1667	1666	1698	
1698	1667	1697	1668	
1669	1668	1699	1638	
1698	1668	1667	1699	
1699	1668	1698	1669	
1670	1669	1700	1639	
1699	1669	1668	1700	
1700	1669	1699	1670	
1671	1670	1701	1640	
1700	1670	1669	1701	
1701	1670	1700	1671	
1672	1671	1702	1641	
1701	1671	1670	1702	
1702	1671	1701	1672	
1673	1672	1703	1642	
1702	1672	1671	1703	
1703	1672	1702	1673	
1674	1673	1704	1643	
1703	1673	1672	1704	
1704	1673	1703	1674	
1675	1674	1705	1644	
1704	1674	1673	1705	
1705	1674	1704	1675	
1676	1675	1706	1645	
1705	1675	1674	1706	
1706	1675	1705	1676	
1677	1676	1707	1646	
1706	1676	1675	1707	
1707	1676	1706	1677	
1678	1677	1708	1647	
1707	1677	1676	1708	
1708	1677	1707	1678	
1679	1678	1709	1648	
1708	1678	1677	1709	
1709	1678	1708	1679	
1680	1679	1709	1650	
1709	1679	1678	1680	
1681	1680	1711	1650	
1680	1709	1710	1679	
1710	1680	1709	1711	
1711	1680	1710	1681	
1682	1681	1712	1651	
1711	1681	1680	1712	
1712	1681	1711	1682	
1683	1682	1713	1652	
1712	1682	1681	1713	
1713	1682	1712	1683	
1684	1683	1714	1653	
1713	1683	1682	1714	
1714	1683	1713	1684	
1685	1684	1715	1654	
1714	1684	1683	1715	
1715	1684	1714	1685	
1686	1685	1716	1655	
1715	1685	1684	1716	
1716	1685	1715	1686	
1687	1686	1717	1656	
1716	1686	1685	1717	
1717	1686	1716	1687	
1688	1687	1718	1657	
1717	1687	1686	1718	
1718	1687	1717	1688	
1689	1688	1719	1658	
1718	1688	1687	1719	
1719	1688	1718	1689	
1690	1689	1720	1659	
1719	1689	1688	1720	
1720	1689	1719	1690	
1691	1690	1721	1660	
1720	1690	1689	1721	
1721	1690	1720	1691	
1692	1691	1722	1661	
1721	1691	1690	1722	
1722	1691	1721	1692	
1693	1692	1723	1662	
1722	1692	1691	1723	
1723	1692	1722	1693	
1694	1693	1724	1663	
1723	1693	1692	1724	
1724	1693	1723	1694	
1695	1694	1725	1664	
1724	1694	1693	1725	
1725	1694	1724	1695	
1696	1695	1726	1665	
1725	1695	1694	1726	
1726	1695	1725	1696	
1697	1696	1727	1666	
1726	1696	1695	1727	
1727	1696	1726	1697	
1698	1697	1728	1667	
1727	1697	1696	1728	
1728	1697	1727	1698	
1699	1698	1729	1668	
1728	1698	1697	1729	
1729	1698	1728	1699	
1700	1699	1730	1669	
1729	1699	1698	1730	
1730	1699	1729	1700	
1701	1700	1731	1670	
1730	1700	1699	1731	
1731	1700	1730	1701	
1702	1701	1732	1671	
1731	1701	1700	1732	
1732	1701	1731	1702	
1703	1702	1733	1672	
1732	1702	1701	1733	
1733	1702	1732	1703	
1704	1703	1734	1673	
1733	1703	1702	1734	
1734	1703	1733	1704	
1705	1704	1735	1674	
1734	1704	1703	1735	
1735	1704	1734	1705	
1706	1705	1736	1675	
1735	1705	1704	1736	
1736	1705	1735	1706	
1707	1706	1737	1676	
1736	1706	1705	1737	
1737	1706	1736	1707	
1708	1707	1738	1677	
1737	1707	1706	1738	
1738	1707	1737	1708	
1709	1708	1739	1678	
1738	1708	1707	1739	
1739	1708	1738	1709	
1710	1709	1739	1680	
1739	1709	1708	1710	
1711	1710	1741	1680	
1710	1739	1740	1709	
1740	1710	1739	1741	
1741	1710	1740	1711	
1712	1711	1742	1681	
1741	1711	1710	1742	
1742	1711	1741	1712	
1713	1712	1743	1682	
1742	1712	1711	1743	
1743	1712	1742	1713	
1714	1713	1744	1683	
1743	1713	1712	1744	
1744	1713	1743	1714	
1715	1714	1745	1684	
1744	1714	1713	1745	
1745	1714	1744	1715	
1716	1715	1746	1685	
1745	1715	1714	1746	
1746	1715	1745	1716	
1717	1716	1747	1686	
1746	1716	1715	1747	
1747	1716	1746	1717	
1718	1717	1748	1687	
1747	1717	1716	1748	
1748	1717	1747	1718	
1719	1718	1749	1688	
1748	1718	1717	1749	
1749	1718	1748	1719	
1720	1719	1750	1689	
1749	1719	1718	1750	
1750	1719	1749	1720	
1721	1720	1751	1690	
1750	1720	1719	1751	
1751	1720	1750	1721	
1722	1721	1752	1691	
1751	1721	1720	1752	
1752	1721	1751	1722	
1723	1722	1753	1692	
1752	1722	1721	1753	
1753	1722	1752	1723	
1724	1723	1754	1693	
1753	1723	1722	1754	
1754	1723	1753	1724	
1725	1724	1755	1694	
1754	1724	1723	1755	
1755	1724	1754	1725	
1726	1725	1756	1695	
1755	1725	1724	1756	
1756	1725	1755	1726	
1727	1726	1757	1696	
1756	1726	1725	1757	
1757	1726	1756	1727	
1728	1727	1758	1697	
1757	1727	1726	1758	
1758	1727	1757	1728	
1729	1728	1759	1698	
1758	1728	1727	1759	
1759	1728	1758	1729	
1730	1729	1760	1699	
1759	1729	1728	1760	
1760	1729	1759	1730	
1731	1730	1761	1700	
1760	1730	1729	1761	
1761	1730	1760	1731	
1732	1731	1762	1701	
1761	1731	1730	1762	
1762	1731	1761	1732	
1733	1732	1763	1702	
1762	1732	1731	1763	
1763	1732	1762	1733	
1734	1733	1764	1703	
1763	1733	1732	1764	
1764	1733	1763	1734	
1735	1734	1765	1704	
1764	1734	1733	1765	
1765	1734	1764	1735	
1736	1735	1766	1705	
1765	1735	1734	1766	
1766	1735	1765	1736	
1737	1736	1767	1706	
1766	1736	1735	1767	
1767	1736	1766	1737	
1738	1737	1768	1707	
1767	1737	1736	1768	
1768	1737	1767	1738	
1739	1738	1769	1708	
1768	1738	1737	1769	
1769	1738	1768	1739	
1740	1739	1769	1710	
1769	1739	1738	1740	
1741	1740	1771	1710	
1740	1769	1770	1739	
1770	1740	1769	1771	
1771	1740	1770	1741	
1742	1741	1772	1711	
1771	1741	1740	1772	
1772	1741	1771	1742	
1743	1742	1773	1712	
1772	1742	1741	1773	
1773	1742	1772	1743	
1744	1743	1774	1713	
1773	1743	1742	1774	
1774	1743	1773	1744	
1745	1744	1775	1714	
1774	1744	1743	1775	
1775	1744	1774	1745	
1746	1745	1776	1715	
1775	1745	1744	1776	
1776	1745	1775	1746	
1747	1746	1777	1716	
1776	1746	1745	1777	
1777	1746	1776	1747	
1748	1747	1778	1717	
1777	1747	1746	1778	
1778	1747	1777	1748	
1749	1748	1779	1718	
1778	1748	1747	1779	
1779	1748	1778	1749	
1750	1749	1780	1719	
1779	1749	1748	1780	
1780	1749	1779	1750	
1751	1750	1781	1720	
1780	1750	1749	1781	
1781	1750	1780	1751	
1752	1751	1782	1721	
1781	1751	1750	1782	
1782	1751	1781	1752	
1753	1752	1783	1722	
1782	1752	1751	1783	
1783	1752	1782	1753	
1754	1753	1784	1723	
1783	1753	1752	1784	
1784	1753	1783	1754	
1755	1754	1785	1724	
1784	1754	1753	1785	
1785	1754	1784	1755	
1756	1755	1786	1725	
1785	1755	1754	1786	
1786	1755	1785	1756	
1757	1756	1787	1726	
1786	1756	1755	1787	
1787	1756	1786	1757	
1758	1757	1788	1727	
1787	1757	1756	1788	
1788	1757	1787	1758	
1759	1758	1789	1728	
1788	1758	1757	1789	
1789	1758	1788	1759	
1760	1759	1790	1729	
1789	1759	1758	1790	
1790	1759	1789	1760	
1761	1760	1791	1730	
1790	1760	1759	1791	
1791	1760	1790	1761	
1762	1761	1792	1731	
1791	1761	1760	1792	
1792	1761	1791	1762	
1763	1762	1793	1732	
1792	1762	1761	1793	
1793	1762	1792	1763	
1764	1763	1794	1733	
1793	1763	1762	1794	
1794	1763	1793	1764	
1765	1764	1795	1734	
1794	1764	1763	1795	
1795	1764	1794	1765	
1766	1765	1796	1735	
1795	1765	1764	1796	
1796	1765	1795	1766	
1767	1766	1797	1736	
1796	1766	1765	1797	
1797	1766	1796	1767	
1768	1767	1798	1737	
1797	1767	1766	1798	
1798	1767	1797	1768	
1769	1768	1799	1738	
1798	1768	1767	1799	
1799	1768	1798	1769	
1770	1769	1799	1740	
1799	1769	1768	1770	
1771	1770	1801	1740	
1770	1799	1800	1769	
1800	1770	1799	1801	
1801	1770	1800	1771	
1772	1771	1802	1741	
1801	1771	1770	1802	
1802	1771	1801	1772	
1773	1772	1803	1742	
1802	1772	1771	1803	
1803	1772	1802	1773	
1774	1773	1804	1743	
1803	1773	1772	1804	
1804	1773	1803	1774	
1775	1774	1805	1744	
1804	1774	1773	1805	
1805	1774	1804	1775	
1776	1775	1806	1745	
1805	1775	1774	1806	
1806	1775	1805	1776	
1777	1776	1807	1746	
1806	1776	1775	1807	
1807	1776	1806	1777	
1778	1777	1808	1747	
1807	1777	1776	1808	
1808	1777	1807	1778	
1779	1778	1809	1748	
1808	1778	1777	1809	
1809	1778	1808	1779	
1780	1779	1810	1749	
1809	1779	1778	1810	
1810	1779	1809	1780	
1781	1780	1811	1750	
1810	1780	1779	1811	
1811	1780	1810	1781	
1782	1781	1812	1751	
1811	1781	1780	1812	
1812	1781	1811	1782	
1783	1782	1813	1752	
1812	1782	1781	1813	
1813	1782	1812	1783	
1784	1783	1814	1753	
1813	1783	1782	1814	
1814	1783	1813	1784	
1785	1784	1815	1754	
1814	1784	1783	1815	
1815	1784	1814	1785	
1786	1785	1816	1755	
1815	1785	1784	1816	
1816	1785	1815	1786	
1787	1786	1817	1756	
1816	1786	1785	1817	
1817	1786	1816	1787	
1788	1787	1818	1757	
1817	1787	1786	1818	
1818	1787	1817	1788	
1789	1788	1819	1758	
1818	1788	1787	1819	
1819	1788	1818	1789	
1790	1789	1820	1759	
1819	1789	1788	1820	
1820	1789	1819	1790	
1791	1790	1821	1760	
1820	1790	1789	1821	
1821	1790	1820	1791	
1792	1791	1822	1761	
1821	1791	1790	1822	
1822	1791	1821	1792	
1793	1792	1823	1762	
1822	1792	1791	1823	
1823	1792	1822	1793	
1794	1793	1824	1763	
1823	1793	1792	1824	
1824	1793	1823	1794	
1795	1794	1825	1764	
1824	1794	1793	1825	
1825	1794	1824	1795	
1796	1795	1826	1765	
1825	1795	1794	1826	
1826	1795	1825	1796	
1797	1796	1827	1766	
1826	1796	1795	1827	
1827	1796	1826	1797	
1798	1797	1828	1767	
1827	1797	1796	1828	
1828	1797	1827	1798	
1799	1798	1829	1768	
1828	1798	1797	1829	
1829	1798	1828	1799	
1800	1799	1829	1770	
1829	1799	1798	1800	
1801	1800	1831	1770	
1800	1829	1830	1799	
1830	1800	1829	1831	
1831	1800	1830	1801	
1802	1801	1832	1771	
1831	1801	1800	1832	
1832	1801	1831	1802	
1803	1802	1833	1772	
1832	1802	1801	1833	
1833	1802	1832	1803	
1804	1803	1834	1773	
1833	1803	1802	1834	
1834	1803	1833	1804	
1805	1804	1835	1774	
1834	1804	1803	1835	
1835	1804	1834	1805	
1806	1805	1836	1775	
1835	1805	1804	1836	
1836	1805	1835	1806	
1807	1806	1837	1776	
1836	1806	1805	1837	
1837	1806	1836	1807	
1808	1807	1838	1777	
1837	1807	1806	1838	
1838	1807	1837	1808	
1809	1808	1839	1778	
1838	1808	1807	1839	
1839	1808	1838	1809	
1810	1809	1840	1779	
1839	1809	1808	1840	
1840	1809	1839	1810	
1811	1810	1841	1780	
1840	1810	1809	1841	
1841	1810	1840	1811	
1812	1811	1842	1781	
1841	1811	1810	1842	
1842	1811	1841	1812	
1813	1812	1843	1782	
1842	1812	1811	1843	
1843	1812	1842	1813	
1814	1813	1844	1783	
1843	1813	1812	1844	
1844	1813	1843	1814	
1815	1814	1845	1784	
1844	1814	1813	1845	
1845	1814	1844	1815	
1816	1815	1846	1785	
1845	1815	1814	1846	
1846	1815	1845	1816	
1817	1816	1847	1786	
1846	1816	1815	1847	
1847	1816	1846	1817	
1818	1817	1848	1787	
1847	1817	1816	1848	
1848	1817	1847	1818	
1819	1818	1849	1788	
1848	1818	1817	1849	
1849	1818	1848	1819	
1820	1819	1850	1789	
1849	1819	1818	1850	
1850	1819	1849	1820	
1821	1820	1851	1790	
1850	1820	1819	1851	
1851	1820	1850	1821	
1822	1821	1852	1791	
1851	1821	1820	1852	
1852	1821	1851	1822	
1823	1822	1853	1792	
1852	1822	1821	1853	
1853	1822	1852	1823	
1824	1823	1854	1793	
1853	1823	1822	1854	
1854	1823	1853	1824	
1825	1824	1855	1794	
1854	1824	1823	1855	
1855	1824	1854	1825	
1826	1825	1856	1795	
1855	1825	1824	1856	
1856	1825	1855	1826	
1827	1826	1857	1796	
1856	1826	1825	1857	
1857	1826	1856	1827	
1828	1827	1858	1797	
1857	1827	1826	1858	
1858	1827	1857	1828	
1829	1828	1859	1798	
1858	1828	1827	1859	
1859	1828	1858	1829	
1830	1829	1859	1800	
1859	1829	1828	1830	
1831	1830	1861	1800	
1830	1859	1860	1829	
1860	1830	1859	1861	
1861	1830	1860	1831	
1832	1831	1862	1801	
1861	1831	1830	1862	
1862	1831	1861	1832	
1833	1832	1863	1802	
1862	1832	1831	1863	
1863	1832	1862	1833	
1834	1833	1864	1803	
1863	1833	1832	1864	
1864	1833	1863	1834	
1835	1834	1865	1804	
1864	1834	1833	1865	
1865	1834	1864	1835	
1836	1835	1866	1805	
1865	1835	1834	1866	
1866	1835	1865	1836	
1837	1836	1867	1806	
1866	1836	1835	1867	
1867	1836	1866	1837	
1838	1837	1868	1807	
1867	1837	1836	1868	
1868	1837	1867	1838	
1839	1838	1869	1808	
1868	1838	1837	1869	
1869	1838	1868	1839	
1840	1839	1870	1809	
1869	1839	1838	1870	
1870	1839	1869	1840	
1841	1840	1871	1810	
1870	1840	1839	1871	
1871	1840	1870	1841	
1842	1841	1872	1811	
1871	1841	1840	1872	
1872	1841	1871	1842	
1843	1842	1873	1812	
1872	1842	1841	1873	
1873	1842	1872	1843	
1844	1843	1874	1813	
1873	1843	1842	1874	
1874	1843	1873	1844	
1845	1844	1875	1814	
1874	1844	1843	1875	
1875	1844	1874	1845	
1846	1845	1876	1815	
1875	1845	1844	1876	
1876	1845	1875	1846	
1847	1846	1877	1816	
1876	1846	1845	1877	
1877	1846	1876	1847	
1848	1847	1878	1817	
1877	1847	1846	1878	
1878	1847	1877	1848	
1849	1848	1879	1818	
1878	1848	1847	1879	
1879	1848	1878	1849	
1850	1849	1880	1819	
1879	1849	1848	1880	
1880	1849	1879	1850	
1851	1850	1881	1820	
1880	1850	1849	1881	
1881	1850	1880	1851	
1852	1851	1882	1821	
1881	1851	1850	1882	
1882	1851	1881	1852	
1853	1852	1883	1822	
1882	1852	1851	1883	
1883	1852	1882	1853	
1854	1853	1884	1823	
1883	1853	1852	1884	
1884	1853	1883	1854	
1855	1854	1885	1824	
1884	1854	1853	1885	
1885	1854	1884	1855	
1856	1855	1886	1825	
1885	1855	1854	1886	
1886	1855	1885	1856	
1857	1856	1887	1826	
1886	1856	1855	1887	
1887	1856	1886	1857	
1858	1857	1888	1827	
1887	1857	1856	1888	
1888	1857	1887	1858	
1859	1858	1889	1828	
1888	1858	1857	1889	
1889	1858	1888	1859	
1860	1859	1889	1830	
1889	1859	1858	1860	
1861	1860	1891	1830	
1860	1889	1890	1859	
1890	1860	1889	1891	
1891	1860	1890	1861	
1862	1861	1892	1831	
1891	1861	1860	1892	
1892	1861	1891	1862	
1863	1862	1893	1832	
1892	1862	1861	1893	
1893	1862	1892	1863	
1864	1863	1894	1833	
1893	1863	1862	1894	
1894	1863	1893	1864	
1865	1864	1895	1834	
1894	1864	1863	1895	
1895	1864	1894	1865	
1866	1865	1896	1835	
1895	1865	1864	1896	
1896	1865	1895	1866	
1867	1866	1897	1836	
1896	1866	1865	1897	
1897	1866	1896	1867	
1868	1867	1898	1837	
1897	1867	1866	1898	
1898	1867	1897	1868	
1869	1868	1899	1838	
1898	1868	1867	1899	
1899	1868	1898	1869	
1870	1869	1900	1839	
1899	1869	1868	1900	
1900	1869	1899	1870	
1871	1870	1901	1840	
1900	1870	1869	1901	
1901	1870	1900	1871	
1872	1871	1902	1841	
1901	1871	1870	1902	
1902	1871	1901	1872	
1873	1872	1903	1842	
1902	1872	1871	1903	
1903	1872	1902	1873	
1874	1873	1904	1843	
1903	1873	1872	1904	
1904	1873	1903	1874	
1875	1874	1905	1844	
1904	1874	1873	1905	
1905	1874	1904	1875	
1876	1875	1906	1845	
1905	1875	1874	1906	
1906	1875	1905	1876	
1877	1876	1907	1846	
1906	1876	1875	1907	
1907	1876	1906	1877	
1878	1877	1908	1847	
1907	1877	1876	1908	
1908	1877	1907	1878	
1879	1878	1909	1848	
1908	1878	1877	1909	
1909	1878	1908	1879	
1880	1879	1910	1849	
1909	1879	1878	1910	
1910	1879	1909	1880	
1881	1880	1911	1850	
1910	1880	1879	1911	
1911	1880	1910	1881	
1882	1881	1912	1851	
1911	1881	1880	1912	
1912	1881	1911	1882	
1883	1882	1913	1852	
1912	1882	1881	1913	
1913	1882	1912	1883	
1884	1883	1914	1853	
1913	1883	1882	1914	
1914	1883	1913	1884	
1885	1884	1915	1854	
1914	1884	1883	1915	
1915	1884	1914	1885	
1886	1885	1916	1855	
1915	1885	1884	1916	
1916	1885	1915	1886	
1887	1886	1917	1856	
1916	1886	1885	1917	
1917	1886	1916	1887	
1888	1887	1918	1857	
1917	1887	1886	1918	
1918	1887	1917	1888	
1889	1888	1919	1858	
1918	1888	1887	1919	
1919	1888	1918	1889	
1890	1889	1919	1860	
1919	1889	1888	1890	
1891	1890	1921	1860	
1890	1919	1920	1889	
1920	1890	1919	1921	
1921	1890	1920	1891	
1892	1891	1922	1861	
1921	1891	1890	1922	
1922	1891	1921	1892	
1893	1892	1923	1862	
1922	1892	1891	1923	
1923	1892	1922	1893	
1894	1893	1924	1863	
1923	1893	1892	1924	
1924	1893	1923	1894	
1895	1894	1925	1864	
1924	1894	1893	1925	
1925	1894	1924	1895	
1896	1895	1926	1865	
1925	1895	1894	1926	
1926	1895	1925	1896	
1897	1896	1927	1866	
1926	1896	1895	1927	
1927	1896	1926	1897	
1898	1897	1928	1867	
1927	1897	1896	1928	
1928	1897	1927	1898	
1899	1898	1929	1868	
1928	1898	1897	1929	
1929	1898	1928	1899	
1900	1899	1930	1869	
1929	1899	1898	1930	
1930	1899	1929	1900	
1901	1900	1931	1870	
1930	1900	1899	1931	
1931	1900	1930	1901	
1902	1901	1932	1871	
1931	1901	1900	1932	
1932	1901	1931	1902	
1903	1902	1933	1872	
1932	1902	1901	1933	
1933	1902	1932	1903	
1904	1903	1934	1873	
1933	1903	1902	1934	
1934	1903	1933	1904	
1905	1904	1935	1874	
1934	1904	1903	1935	
1935	1904	1934	1905	
1906	1905	1936	1875	
1935	1905	1904	1936	
1936	1905	1935	1906	
1907	1906	1937	1876	
1936	1906	1905	1937	
1937	1906	1936	1907	
1908	1907	1938	1877	
1937	1907	1906	1938	
1938	1907	1937	1908	
1909	1908	1939	1878	
1938	1908	1907	1939	
1939	1908	1938	1909	
1910	1909	1940	1879	
1939	1909	1908	1940	
1940	1909	1939	1910	
1911	1910	1941	1880	
1940	1910	1909	1941	
1941	1910	1940	1911	
1912	1911	1942	1881	
1941	1911	1910	1942	
1942	1911	1941	1912	
1913	1912	1943	1882	
1942	1912	1911	1943	
1943	1912	1942	1913	
1914	1913	1944	1883	
1943	1913	1912	1944	
1944	1913	1943	1914	
1915	1914	1945	1884	
1944	1914	1913	1945	
1945	1914	1944	1915	
1916	1915	1946	1885	
1945	1915	1914	1946	
1946	1915	1945	1916	
1917	1916	1947	1886	
1946	1916	1915	1947	
1947	1916	1946	1917	
1918	1917	1948	1887	
1947	1917	1916	1948	
1948	1917	1947	1918	
1919	1918	1949	1888	
1948	1918	1917	1949	
1949	1918	1948	1919	
1920	1919	1949	1890	
1949	1919	1918	1920	
1921	1920	1951	1890	
1920	1949	1950	1919	
1950	1920	1949	1951	
1951	1920	1950	1921	
1922	1921	1952	1891	
1951	1921	1920	1952	
1952	1921	1951	1922	
1923	1922	1953	1892	
1952	1922	1921	1953	
1953	1922	1952	1923	
1924	1923	1954	1893	
1953	1923	1922	1954	
1954	1923	1953	1924	
1925	1924	1955	1894	
1954	1924	1923	1955	
1955	1924	1954	1925	
1926	1925	1956	1895	
1955	1925	1924	1956	
1956	1925	1955	1926	
1927	1926	1957	1896	
1956	1926	1925	1957	
1957	1926	1956	1927	
1928	1927	1958	1897	
1957	1927	1926	1958	
1958	1927	1957	1928	
1929	1928	1959	1898	
1958	1928	1927	1959	
1959	1928	1958	1929	
1930	1929	1960	1899	
1959	1929	1928	1960	
1960	1929	1959	1930	
1931	1930	1961	1900	
1960	1930	1929	1961	
1961	1930	1960	1931	
1932	1931	1962	1901	
1961	1931	1930	1962	
1962	1931	1961	1932	
1933	1932	1963	1902	
1962	1932	1931	1963	
1963	1932	1962	1933	
1934	1933	1964	1903	
1963	1933	1932	1964	
1964	1933	1963	1934	
1935	1934	1965	1904	
1964	1934	1933	1965	
1965	1934	1964	1935	
1936	1935	1966	1905	
1965	1935	1934	1966	
1966	1935	1965	1936	
1937	1936	1967	1906	
1966	1936	1935	1967	
1967	1936	1966	1937	
1938	1937	1968	1907	
1967	1937	1936	1968	
1968	1937	1967	1938	
1939	1938	1969	1908	
1968	1938	1937	1969	
1969	1938	1968	1939	
1940	1939	1970	1909	
1969	1939	1938	1970	
1970	1939	1969	1940	
1941	1940	1971	1910	
1970	1940	1939	1971	
1971	1940	1970	1941	
1942	1941	1972	1911	
1971	1941	1940	1972	
1972	1941	1971	1942	
1943	1942	1973	1912	
1972	1942	1941	1973	
1973	1942	1972	1943	
1944	1943	1974	1913	
1973	1943	1942	1974	
1974	1943	1973	1944	
1945	1944	1975	1914	
1974	1944	1943	1975	
1975	1944	1974	1945	
1946	1945	1976	1915	
1975	1945	1944	1976	
1976	1945	1975	1946	
1947	1946	1977	1916	
1976	1946	1945	1977	
1977	1946	1976	1947	
1948	1947	1978	1917	
1977	1947	1946	1978	
1978	1947	1977	1948	
1949	1948	1979	1918	
1978	1948	1947	1979	
1979	1948	1978	1949	
1950	1949	1979	1920	
1979	1949	1948	1950	
1951	1950	1981	1920	
1950	1979	1980	1949	
1980	1950	1979	1981	
1981	1950	1980	1951	
1952	1951	1982	1921	
1981	1951	1950	1982	
1982	1951	1981	1952	
1953	1952	1983	1922	
1982	1952	1951	1983	
1983	1952	1982	1953	
1954	1953	1984	1923	
1983	1953	1952	1984	
1984	1953	1983	1954	
1955	1954	1985	1924	
1984	1954	1953	1985	
1985	1954	1984	1955	
1956	1955	1986	1925	
1985	1955	1954	1986	
1986	1955	1985	1956	
1957	1956	1987	1926	
1986	1956	1955	1987	
1987	1956	1986	1957	
1958	1957	1988	1927	
1987	1957	1956	1988	
1988	1957	1987	1958	
1959	1958	1989	1928	
1988	1958	1957	1989	
1989	1958	1988	1959	
1960	1959	1990	1929	
1989	1959	1958	1990	
1990	1959	1989	1960	
1961	1960	1991	1930	
1990	1960	1959	1991	
1991	1960	1990	1961	
1962	1961	1992	1931	
1991	1961	1960	1992	
1992	1961	1991	1962	
1963	1962	1993	1932	
1992	1962	1961	1993	
1993	1962	1992	1963	
1964	1963	1994	1933	
1993	1963	1962	1994	
1994	1963	1993	1964	
1965	1964	1995	1934	
1994	1964	1963	1995	
1995	1964	1994	1965	
1966	1965	1996	1935	
1995	1965	1964	1996	
1996	1965	1995	1966	
1967	1966	1997	1936	
1996	1966	1965	1997	
1997	1966	1996	1967	
1968	1967	1998	1937	
1997	1967	1966	1998	
1998	1967	1997	1968	
1969	1968	1999	1938	
1998	1968	1967	1999	
1999	1968	1998	1969	
1970	1969	2000	1939	
1999	1969	1968	2000	
2000	1969	1999	1970	
1971	1970	2001	1940	
2000	1970	1969	2001	
2001	1970	2000	1971	
1972	1971	2002	1941	
2001	1971	1970	2002	
2002	1971	2001	1972	
1973	1972	2003	1942	
2002	1972	1971	2003	
2003	1972	2002	1973	
1974	1973	2004	1943	
2003	1973	1972	2004	
2004	1973	2003	1974	
1975	1974	2005	1944	
2004	1974	1973	2005	
2005	1974	2004	1975	
1976	1975	2006	1945	
2005	1975	1974	2006	
2006	1975	2005	1976	
1977	1976	2007	1946	
2006	1976	1975	2007	
2007	1976	2006	1977	
1978	1977	2008	1947	
2007	1977	1976	2008	
2008	1977	2007	1978	
1979	1978	2009	1948	
2008	1978	1977	2009	
2009	1978	2008	1979	
1980	1979	2009	1950	
2009	1979	1978	1980	
1981	1980	2011	1950	
1980	2009	2010	1979	
2010	1980	2009	2011	
2011	1980	2010	1981	
1982	1981	2012	1951	
2011	1981	1980	2012	
2012	1981	2011	1982	
1983	1982	2013	1952	
2012	1982	1981	2013	
2013	1982	2012	1983	
1984	1983	2014	1953	
2013	1983	1982	2014	
2014	1983	2013	1984	
1985	1984	2015	1954	
2014	1984	1983	2015	
2015	1984	2014	1985	
1986	1985	2016	1955	
2015	1985	1984	2016	
2016	1985	2015	1986	
1987	1986	2017	1956	
2016	1986	1985	2017	
2017	1986	2016	1987	
1988	1987	2018	1957	
2017	1987	1986	2018	
2018	1987	2017	1988	
1989	1988	2019	1958	
2018	1988	1987	2019	
2019	1988	2018	1989	
1990	1989	2020	1959	
2019	1989	1988	2020	
2020	1989	2019	1990	
1991	1990	2021	1960	
2020	1990	1989	2021	
2021	1990	2020	1991	
1992	1991	2022	1961	
2021	1991	1990	2022	
2022	1991	2021	1992	
1993	1992	2023	1962	
2022	1992	1991	2023	
2023	1992	2022	1993	
1994	1993	2024	1963	
2023	1993	1992	2024	
2024	1993	2023	1994	
1995	1994	2025	1964	
2024	1994	1993	2025	
2025	1994	2024	1995	
1996	1995	2026	1965	
2025	1995	1994	2026	
2026	1995	2025	1996	
1997	1996	2027	1966	
2026	1996	1995	2027	
2027	1996	2026	1997	
1998	1997	2028	1967	
2027	1997	1996	2028	
2028	1997	2027	1998	
1999	1998	2029	1968	
2028	1998	1997	2029	
2029	1998	2028	1999	
2000	1999	2030	1969	
2029	1999	1998	2030	
2030	1999	2029	2000	
2001	2000	2031	1970	
2030	2000	1999	2031	
2031	2000	2030	2001	
2002	2001	2032	1971	
2031	2001	2000	2032	
2032	2001	2031	2002	
2003	2002	2033	1972	
2032	2002	2001	2033	
2033	2002	2032	2003	
2004	2003	2034	1973	
2033	2003	2002	2034	
2034	2003	2033	2004	
2005	2004	2035	1974	
2034	2004	2003	2035	
2035	2004	2034	2005	
2006	2005	2036	1975	
2035	2005	2004	2036	
2036	2005	2035	2006	
2007	2006	2037	1976	
2036	2006	2005	2037	
2037	2006	2036	2007	
2008	2007	2038	1977	
2037	2007	2006	2038	
2038	2007	2037	2008	
2009	2008	2039	1978	
2038	2008	2007	2039	
2039	2008	2038	2009	
2010	2009	2039	1980	
2039	2009	2008	2010	
2011	2010	2041	1980	
2010	2039	2040	2009	
2040	2010	2039	2041	
2041	2010	2040	2011	
2012	2011	2042	1981	
2041	2011	2010	2042	
2042	2011	2041	2012	
2013	2012	2043	1982	
2042	2012	2011	2043	
2043	2012	2042	2013	
2014	2013	2044	1983	
2043	2013	2012	2044	
2044	2013	2043	2014	
2015	2014	2045	1984	
2044	2014	2013	2045	
2045	2014	2044	2015	
2016	2015	2046	1985	
2045	2015	2014	2046	
2046	2015	2045	2016	
2017	2016	2047	1986	
2046	2016	2015	2047	
2047	2016	2046	2017	
2018	2017	2048	1987	
2047	2017	2016	2048	
2048	2017	2047	2018	
2019	2018	2049	1988	
2048	2018	2017	2049	
2049	2018	2048	2019	
2020	2019	2050	1989	
2049	2019	2018	2050	
2050	2019	2049	2020	
2021	2020	2051	1990	
2050	2020	2019	2051	
2051	2020	2050	2021	
2022	2021	2052	1991	
2051	2021	2020	2052	
2052	2021	2051	2022	
2023	2022	2053	1992	
2052	2022	2021	2053	
2053	2022	2052	2023	
2024	2023	2054	1993	
2053	2023	2022	2054	
2054	2023	2053	2024	
2025	2024	2055	1994	
2054	2024	2023	2055	
2055	2024	2054	2025	
2026	2025	2056	1995	
2055	2025	2024	2056	
2056	2025	2055	2026	
2027	2026	2057	1996	
2056	2026	2025	2057	
2057	2026	2056	2027	
2028	2027	2058	1997	
2057	2027	2026	2058	
2058	2027	2057	2028	
2029	2028	2059	1998	
2058	2028	2027	2059	
2059	2028	2058	2029	
2030	2029	2060	1999	
2059	2029	2028	2060	
2060	2029	2059	2030	
2031	2030	2061	2000	
2060	2030	2029	2061	
2061	2030	2060	2031	
2032	2031	2062	2001	
2061	2031	2030	2062	
2062	2031	2061	2032	
2033	2032	2063	2002	
2062	2032	2031	2063	
2063	2032	2062	2033	
2034	2033	2064	2003	
2063	2033	2032	2064	
2064	2033	2063	2034	
2035	2034	2065	2004	
2064	2034	2033	2065	
2065	2034	2064	2035	
2036	2035	2066	2005	
2065	2035	2034	2066	
2066	2035	2065	2036	
2037	2036	2067	2006	
2066	2036	2035	2067	
2067	2036	2066	2037	
2038	2037	2068	2007	
2067	2037	2036	2068	
2068	2037	2067	2038	
2039	2038	2069	2008	
2068	2038	2037	2069	
2069	2038	2068	2039	
2040	2039	2069	2010	
2069	2039	2038	2040	
2041	2040	2071	2010	
2040	2069	2070	2039	
2070	2040	2069	2071	
2071	2040	2070	2041	
2042	2041	2072	2011	
2071	2041	2040	2072	
2072	2041	2071	2042	
2043	2042	2073	2012	
2072	2042	2041	2073	
2073	2042	2072	2043	
2044	2043	2074	2013	
2073	2043	2042	2074	
2074	2043	2073	2044	
2045	2044	2075	2014	
2074	2044	2043	2075	
2075	2044	2074	2045	
2046	2045	2076	2015	
2075	2045	2044	2076	
2076	2045	2075	2046	
2047	2046	2077	2016	
2076	2046	2045	2077	
2077	2046	2076	2047	
2048	2047	2078	2017	
2077	2047	2046	2078	
2078	2047	2077	2048	
2049	2048	2079	2018	
2078	2048	2047	2079	
2079	2048	2078	2049	
2050	2049	2080	2019	
2079	2049	2048	2080	
2080	2049	2079	2050	
2051	2050	2081	2020	
2080	2050	2049	2081	
2081	2050	2080	2051	
2052	2051	2082	2021	
2081	2051	2050	2082	
2082	2051	2081	2052	
2053	2052	2083	2022	
2082	2052	2051	2083	
2083	2052	2082	2053	
2054	2053	2084	2023	
2083	2053	2052	2084	
2084	2053	2083	2054	
2055	2054	2085	2024	
2084	2054	2053	2085	
2085	2054	2084	2055	
2056	2055	2086	2025	
2085	2055	2054	2086	
2086	2055	2085	2056	
2057	2056	2087	2026	
2086	2056	2055	2087	
2087	2056	2086	2057	
2058	2057	2088	2027	
2087	2057	2056	2088	
2088	2057	2087	2058	
2059	2058	2089	2028	
2088	2058	2057	2089	
2089	2058	2088	2059	
2060	2059	2090	2029	
2089	2059	2058	2090	
2090	2059	2089	2060	
2061	2060	2091	2030	
2090	2060	2059	2091	
2091	2060	2090	2061	
2062	2061	2092	2031	
2091	2061	2060	2092	
2092	2061	2091	2062	
2063	2062	2093	2032	
2092	2062	2061	2093	
2093	2062	2092	2063	
2064	2063	2094	2033	
2093	2063	2062	2094	
2094	2063	2093	2064	
2065	2064	2095	2034	
2094	2064	2063	2095	
2095	2064	2094	2065	
2066	2065	2096	2035	
2095	2065	2064	2096	
2096	2065	2095	2066	
2067	2066	2097	2036	
2096	2066	2065	2097	
2097	2066	2096	2067	
2068	2067	2098	2037	
2097	2067	2066	2098	
2098	2067	2097	2068	
2069	2068	2099	2038	
2098	2068	2067	2099	
2099	2068	2098	2069	
2070	2069	2099	2040	
2099	2069	2068	2070	
2071	2070	2101	2040	
2070	2099	2100	2069	
2100	2070	2099	2101	
2101	2070	2100	2071	
2072	2071	2102	2041	
2101	2071	2070	2102	
2102	2071	2101	2072	
2073	2072	2103	2042	
2102	2072	2071	2103	
2103	2072	2102	2073	
2074	2073	2104	2043	
2103	2073	2072	2104	
2104	2073	2103	2074	
2075	2074	2105	2044	
2104	2074	2073	2105	
2105	2074	2104	2075	
2076	2075	2106	2045	
2105	2075	2074	2106	
2106	2075	2105	2076	
2077	2076	2107	2046	
2106	2076	2075	2107	
2107	2076	2106	2077	
2078	2077	2108	2047	
2107	2077	2076	2108	
2108	2077	2107	2078	
2079	2078	2109	2048	
2108	2078	2077	2109	
2109	2078	2108	2079	
2080	2079	2110	2049	
2109	2079	2078	2110	
2110	2079	2109	2080	
2081	2080	2111	2050	
2110	2080	2079	2111	
2111	2080	2110	2081	
2082	2081	2112	2051	
2111	2081	2080	2112	
2112	2081	2111	2082	
2083	2082	2113	2052	
2112	2082	2081	2113	
2113	2082	2112	2083	
2084	2083	2114	2053	
2113	2083	2082	2114	
2114	2083	2113	2084	
2085	2084	2115	2054	
2114	2084	2083	2115	
2115	2084	2114	2085	
2086	2085	2116	2055	
2115	2085	2084	2116	
2116	2085	2115	2086	
2087	2086	2117	2056	
2116	2086	2085	2117	
2117	2086	2116	2087	
2088	2087	2118	2057	
2117	2087	2086	2118	
2118	2087	2117	2088	
2089	2088	2119	2058	
2118	2088	2087	2119	
2119	2088	2118	2089	
2090	2089	2120	2059	
2119	2089	2088	2120	
2120	2089	2119	2090	
2091	2090	2121	2060	
2120	2090	2089	2121	
2121	2090	2120	2091	
2092	2091	2122	2061	
2121	2091	2090	2122	
2122	2091	2121	2092	
2093	2092	2123	2062	
2122	2092	2091	2123	
2123	2092	2122	2093	
2094	2093	2124	2063	
2123	2093	2092	2124	
2124	2093	2123	2094	
2095	2094	2125	2064	
2124	2094	2093	2125	
2125	2094	2124	2095	
2096	2095	2126	2065	
2125	2095	2094	2126	
2126	2095	2125	2096	
2097	2096	2127	2066	
2126	2096	2095	2127	
2127	2096	2126	2097	
2098	2097	2128	2067	
2127	2097	2096	2128	
2128	2097	2127	2098	
2099	2098	2129	2068	
2128	2098	2097	2129	
2129	2098	2128	2099	
2100	2099	2129	2070	
2129	2099	2098	2100	
2101	2100	2131	2070	
2100	2129	2130	2099	
2130	2100	2129	2131	
2131	2100	2130	2101	
2102	2101	2132	2071	
2131	2101	2100	2132	
2132	2101	2131	2102	
2103	2102	2133	2072	
2132	2102	2101	2133	
2133	2102	2132	2103	
2104	2103	2134	2073	
2133	2103	2102	2134	
2134	2103	2133	2104	
2105	2104	2135	2074	
2134	2104	2103	2135	
2135	2104	2134	2105	
2106	2105	2136	2075	
2135	2105	2104	2136	
2136	2105	2135	2106	
2107	2106	2137	2076	
2136	2106	2105	2137	
2137	2106	2136	2107	
2108	2107	2138	2077	
2137	2107	2106	2138	
2138	2107	2137	2108	
2109	2108	2139	2078	
2138	2108	2107	2139	
2139	2108	2138	2109	
2110	2109	2140	2079	
2139	2109	2108	2140	
2140	2109	2139	2110	
2111	2110	2141	2080	
2140	2110	2109	2141	
2141	2110	2140	2111	
2112	2111	2142	2081	
2141	2111	2110	2142	
2142	2111	2141	2112	
2113	2112	2143	2082	
2142	2112	2111	2143	
2143	2112	2142	2113	
2114	2113	2144	2083	
2143	2113	2112	2144	
2144	2113	2143	2114	
2115	2114	2145	2084	
2144	2114	2113	2145	
2145	2114	2144	2115	
2116	2115	2146	2085	
2145	2115	2114	2146	
2146	2115	2145	2116	
2117	2116	2147	2086	
2146	2116	2115	2147	
2147	2116	2146	2117	
2118	2117	2148	2087	
2147	2117	2116	2148	
2148	2117	2147	2118	
2119	2118	2149	2088	
2148	2118	2117	2149	
2149	2118	2148	2119	
2120	2119	2150	2089	
2149	2119	2118	2150	
2150	2119	2149	2120	
2121	2120	2151	2090	
2150	2120	2119	2151	
2151	2120	2150	2121	
2122	2121	2152	2091	
2151	2121	2120	2152	
2152	2121	2151	2122	
2123	2122	2153	2092	
2152	2122	2121	2153	
2153	2122	2152	2123	
2124	2123	2154	2093	
2153	2123	2122	2154	
2154	2123	2153	2124	
2125	2124	2155	2094	
2154	2124	2123	2155	
2155	2124	2154	2125	
2126	2125	2156	2095	
2155	2125	2124	2156	
2156	2125	2155	2126	
2127	2126	2157	2096	
2156	2126	2125	2157	
2157	2126	2156	2127	
2128	2127	2158	2097	
2157	2127	2126	2158	
2158	2127	2157	2128	
2129	2128	2159	2098	
2158	2128	2127	2159	
2159	2128	2158	2129	
2130	2129	2159	2100	
2159	2129	2128	2130	
2131	2130	2161	2100	
2130	2159	2160	2129	
2160	2130	2159	2161	
2161	2130	2160	2131	
2132	2131	2162	2101	
2161	2131	2130	2162	
2162	2131	2161	2132	
2133	2132	2163	2102	
2162	2132	2131	2163	
2163	2132	2162	2133	
2134	2133	2164	2103	
2163	2133	2132	2164	
2164	2133	2163	2134	
2135	2134	2165	2104	
2164	2134	2133	2165	
2165	2134	2164	2135	
2136	2135	2166	2105	
2165	2135	2134	2166	
2166	2135	2165	2136	
2137	2136	2167	2106	
2166	2136	2135	2167	
2167	2136	2166	2137	
2138	2137	2168	2107	
2167	2137	2136	2168	
2168	2137	2167	2138	
2139	2138	2169	2108	
2168	2138	2137	2169	
2169	2138	2168	2139	
2140	2139	2170	2109	
2169	2139	2138	2170	
2170	2139	2169	2140	
2141	2140	2171	2110	
2170	2140	2139	2171	
2171	2140	2170	2141	
2142	2141	2172	2111	
2171	2141	2140	2172	
2172	2141	2171	2142	
2143	2142	2173	2112	
2172	2142	2141	2173	
2173	2142	2172	2143	
2144	2143	2174	2113	
2173	2143	2142	2174	
2174	2143	2173	2144	
2145	2144	2175	2114	
2174	2144	2143	2175	
2175	2144	2174	2145	
2146	2145	2176	2115	
2175	2145	2144	2176	
2176	2145	2175	2146	
2147	2146	2177	2116	
2176	2146	2145	2177	
2177	2146	2176	2147	
2148	2147	2178	2117	
2177	2147	2146	2178	
2178	2147	2177	2148	
2149	2148	2179	2118	
2178	2148	2147	2179	
2179	2148	2178	2149	
2150	2149	2180	2119	
2179	2149	2148	2180	
2180	2149	2179	2150	
2151	2150	2181	2120	
2180	2150	2149	2181	
2181	2150	2180	2151	
2152	2151	2182	2121	
2181	2151	2150	2182	
2182	2151	2181	2152	
2153	2152	2183	2122	
2182	2152	2151	2183	
2183	2152	2182	2153	
2154	2153	2184	2123	
2183	2153	2152	2184	
2184	2153	2183	2154	
2155	2154	2185	2124	
2184	2154	2153	2185	
2185	2154	2184	2155	
2156	2155	2186	2125	
2185	2155	2154	2186	
2186	2155	2185	2156	
2157	2156	2187	2126	
2186	2156	2155	2187	
2187	2156	2186	2157	
2158	2157	2188	2127	
2187	2157	2156	2188	
2188	2157	2187	2158	
2159	2158	2189	2128	
2188	2158	2157	2189	
2189	2158	2188	2159	
2160	2159	2189	2130	
2189	2159	2158	2160	
2161	2160	2191	2130	
2160	2189	2190	2159	
2190	2160	2189	2191	
2191	2160	2190	2161	
2162	2161	2192	2131	
2191	2161	2160	2192	
2192	2161	2191	2162	
2163	2162	2193	2132	
2192	2162	2161	2193	
2193	2162	2192	2163	
2164	2163	2194	2133	
2193	2163	2162	2194	
2194	2163	2193	2164	
2165	2164	2195	2134	
2194	2164	2163	2195	
2195	2164	2194	2165	
2166	2165	2196	2135	
2195	2165	2164	2196	
2196	2165	2195	2166	
2167	2166	2197	2136	
2196	2166	2165	2197	
2197	2166	2196	2167	
2168	2167	2198	2137	
2197	2167	2166	2198	
2198	2167	2197	2168	
2169	2168	2199	2138	
2198	2168	2167	2199	
2199	2168	2198	2169	
2170	2169	2200	2139	
2199	2169	2168	2200	
2200	2169	2199	2170	
2171	2170	2201	2140	
2200	2170	2169	2201	
2201	2170	2200	2171	
2172	2171	2202	2141	
2201	2171	2170	2202	
2202	2171	2201	2172	
2173	2172	2203	2142	
2202	2172	2171	2203	
2203	2172	2202	2173	
2174	2173	2204	2143	
2203	2173	2172	2204	
2204	2173	2203	2174	
2175	2174	2205	2144	
2204	2174	2173	2205	
2205	2174	2204	2175	
2176	2175	2206	2145	
2205	2175	2174	2206	
2206	2175	2205	2176	
2177	2176	2207	2146	
2206	2176	2175	2207	
2207	2176	2206	2177	
2178	2177	2208	2147	
2207	2177	2176	2208	
2208	2177	2207	2178	
2179	2178	2209	2148	
2208	2178	2177	2209	
2209	2178	2208	2179	
2180	2179	2210	2149	
2209	2179	2178	2210	
2210	2179	2209	2180	
2181	2180	2211	2150	
2210	2180	2179	2211	
2211	2180	2210	2181	
2182	2181	2212	2151	
2211	2181	2180	2212	
2212	2181	2211	2182	
2183	2182	2213	2152	
2212	2182	2181	2213	
2213	2182	2212	2183	
2184	2183	2214	2153	
2213	2183	2182	2214	
2214	2183	2213	2184	
2185	2184	2215	2154	
2214	2184	2183	2215	
2215	2184	2214	2185	
2186	2185	2216	2155	
2215	2185	2184	2216	
2216	2185	2215	2186	
2187	2186	2217	2156	
2216	2186	2185	2217	
2217	2186	2216	2187	
2188	2187	2218	2157	
2217	2187	2186	2218	
2218	2187	2217	2188	
2189	2188	2219	2158	
2218	2188	2187	2219	
2219	2188	2218	2189	
2190	2189	2219	2160	
2219	2189	2188	2190	
2191	2190	2221	2160	
2190	2219	2220	2189	
2220	2190	2219	2221	
2221	2190	2220	2191	
2192	2191	2222	2161	
2221	2191	2190	2222	
2222	2191	2221	2192	
2193	2192	2223	2162	
2222	2192	2191	2223	
2223	2192	2222	2193	
2194	2193	2224	2163	
2223	2193	2192	2224	
2224	2193	2223	2194	
2195	2194	2225	2164	
2224	2194	2193	2225	
2225	2194	2224	2195	
2196	2195	2226	2165	
2225	2195	2194	2226	
2226	2195	2225	2196	
2197	2196	2227	2166	
2226	2196	2195	2227	
2227	2196	2226	2197	
2198	2197	2228	2167	
2227	2197	2196	2228	
2228	2197	2227	2198	
2199	2198	2229	2168	
2228	2198	2197	2229	
2229	2198	2228	2199	
2200	2199	2230	2169	
2229	2199	2198	2230	
2230	2199	2229	2200	
2201	2200	2231	2170	
2230	2200	2199	2231	
2231	2200	2230	2201	
2202	2201	2232	2171	
2231	2201	2200	2232	
2232	2201	2231	2202	
2203	2202	2233	2172	
2232	2202	2201	2233	
2233	2202	2232	2203	
2204	2203	2234	2173	
2233	2203	2202	2234	
2234	2203	2233	2204	
2205	2204	2235	2174	
2234	2204	2203	2235	
2235	2204	2234	2205	
2206	2205	2236	2175	
2235	2205	2204	2236	
2236	2205	2235	2206	
2207	2206	2237	2176	
2236	2206	2205	2237	
2237	2206	2236	2207	
2208	2207	2238	2177	
2237	2207	2206	2238	
2238	2207	2237	2208	
2209	2208	2239	2178	
2238	2208	2207	2239	
2239	2208	2238	2209	
2210	2209	2240	2179	
2239	2209	2208	2240	
2240	2209	2239	2210	
2211	2210	2241	2180	
2240	2210	2209	2241	
2241	2210	2240	2211	
2212	2211	2242	2181	
2241	2211	2210	2242	
2242	2211	2241	2212	
2213	2212	2243	2182	
2242	2212	2211	2243	
2243	2212	2242	2213	
2214	2213	2244	2183	
2243	2213	2212	2244	
2244	2213	2243	2214	
2215	2214	2245	2184	
2244	2214	2213	2245	
2245	2214	2244	2215	
2216	2215	2246	2185	
2245	2215	2214	2246	
2246	2215	2245	2216	
2217	2216	2247	2186	
2246	2216	2215	2247	
2247	2216	2246	2217	
2218	2217	2248	2187	
2247	2217	2216	2248	
2248	2217	2247	2218	
2219	2218	2249	2188	
2248	2218	2217	2249	
2249	2218	2248	2219	
2220	2219	2249	2190	
2249	2219	2218	2220	
2221	2220	2251	2190	
2220	2249	2250	2219	
2250	2220	2249	2251	
2251	2220	2250	2221	
2222	2221	2252	2191	
2251	2221	2220	2252	
2252	2221	2251	2222	
2223	2222	2253	2192	
2252	2222	2221	2253	
2253	2222	2252	2223	
2224	2223	2254	2193	
2253	2223	2222	2254	
2254	2223	2253	2224	
2225	2224	2255	2194	
2254	2224	2223	2255	
2255	2224	2254	2225	
2226	2225	2256	2195	
2255	2225	2224	2256	
2256	2225	2255	2226	
2227	2226	2257	2196	
2256	2226	2225	2257	
2257	2226	2256	2227	
2228	2227	2258	2197	
2257	2227	2226	2258	
2258	2227	2257	2228	
2229	2228	2259	2198	
2258	2228	2227	2259	
2259	2228	2258	2229	
2230	2229	2260	2199	
2259	2229	2228	2260	
2260	2229	2259	2230	
2231	2230	2261	2200	
2260	2230	2229	2261	
2261	2230	2260	2231	
2232	2231	2262	2201	
2261	2231	2230	2262	
2262	2231	2261	2232	
2233	2232	2263	2202	
2262	2232	2231	2263	
2263	2232	2262	2233	
2234	2233	2264	2203	
2263	2233	2232	2264	
2264	2233	2263	2234	
2235	2234	2265	2204	
2264	2234	2233	2265	
2265	2234	2264	2235	
2236	2235	2266	2205	
2265	2235	2234	2266	
2266	2235	2265	2236	
2237	2236	2267	2206	
2266	2236	2235	2267	
2267	2236	2266	2237	
2238	2237	2268	2207	
2267	2237	2236	2268	
2268	2237	2267	2238	
2239	2238	2269	2208	
2268	2238	2237	2269	
2269	2238	2268	2239	
2240	2239	2270	2209	
2269	2239	2238	2270	
2270	2239	2269	2240	
2241	2240	2271	2210	
2270	2240	2239	2271	
2271	2240	2270	2241	
2242	2241	2272	2211	
2271	2241	2240	2272	
2272	2241	2271	2242	
2243	2242	2273	2212	
2272	2242	2241	2273	
2273	2242	2272	2243	
2244	2243	2274	2213	
2273	2243	2242	2274	
2274	2243	2273	2244	
2245	2244	2275	2214	
2274	2244	2243	2275	
2275	2244	2274	2245	
2246	2245	2276	2215	
2275	2245	2244	2276	
2276	2245	2275	2246	
2247	2246	2277	2216	
2276	2246	2245	2277	
2277	2246	2276	2247	
2248	2247	2278	2217	
2277	2247	2246	2278	
2278	2247	2277	2248	
2249	2248	2279	2218	
2278	2248	2247	2279	
2279	2248	2278	2249	
2250	2249	2279	2220	
2279	2249	2248	2250	
2251	2250	2281	2220	
2250	2279	2280	2249	
2280	2250	2279	2281	
2281	2250	2280	2251	
2252	2251	2282	2221	
2281	2251	2250	2282	
2282	2251	2281	2252	
2253	2252	2283	2222	
2282	2252	2251	2283	
2283	2252	2282	2253	
2254	2253	2284	2223	
2283	2253	2252	2284	
2284	2253	2283	2254	
2255	2254	2285	2224	
2284	2254	2253	2285	
2285	2254	2284	2255	
2256	2255	2286	2225	
2285	2255	2254	2286	
2286	2255	2285	2256	
2257	2256	2287	2226	
2286	2256	2255	2287	
2287	2256	2286	2257	
2258	2257	2288	2227	
2287	2257	2256	2288	
2288	2257	2287	2258	
2259	2258	2289	2228	
2288	2258	2257	2289	
2289	2258	2288	2259	
2260	2259	2290	2229	
2289	2259	2258	2290	
2290	2259	2289	2260	
2261	2260	2291	2230	
2290	2260	2259	2291	
2291	2260	2290	2261	
2262	2261	2292	2231	
2291	2261	2260	2292	
2292	2261	2291	2262	
2263	2262	2293	2232	
2292	2262	2261	2293	
2293	2262	2292	2263	
2264	2263	2294	2233	
2293	2263	2262	2294	
2294	2263	2293	2264	
2265	2264	2295	2234	
2294	2264	2263	2295	
2295	2264	2294	2265	
2266	2265	2296	2235	
2295	2265	2264	2296	
2296	2265	2295	2266	
2267	2266	2297	2236	
2296	2266	2265	2297	
2297	2266	2296	2267	
2268	2267	2298	2237	
2297	2267	2266	2298	
2298	2267	2297	2268	
2269	2268	2299	2238	
2298	2268	2267	2299	
2299	2268	2298	2269	
2270	2269	2300	2239	
2299	2269	2268	2300	
2300	2269	2299	2270	
2271	2270	2301	2240	
2300	2270	2269	2301	
2301	2270	2300	2271	
2272	2271	2302	2241	
2301	2271	2270	2302	
2302	2271	2301	2272	
2273	2272	2303	2242	
2302	2272	2271	2303	
2303	2272	2302	2273	
2274	2273	2304	2243	
2303	2273	2272	2304	
2304	2273	2303	2274	
2275	2274	2305	2244	
2304	2274	2273	2305	
2305	2274	2304	2275	
2276	2275	2306	2245	
2305	2275	2274	2306	
2306	2275	2305	2276	
2277	2276	2307	2246	
2306	2276	2275	2307	
2307	2276	2306	2277	
2278	2277	2308	2247	
2307	2277	2276	2308	
2308	2277	2307	2278	
2279	2278	2309	2248	
2308	2278	2277	2309	
2309	2278	2308	2279	
2280	2279	2309	2250	
2309	2279	2278	2280	
2281	2280	2311	2250	
2280	2309	2310	2279	
2310	2280	2309	2311	
2311	2280	2310	2281	
2282	2281	2312	2251	
2311	2281	2280	2312	
2312	2281	2311	2282	
2283	2282	2313	2252	
2312	2282	2281	2313	
2313	2282	2312	2283	
2284	2283	2314	2253	
2313	2283	2282	2314	
2314	2283	2313	2284	
2285	2284	2315	2254	
2314	2284	2283	2315	
2315	2284	2314	2285	
2286	2285	2316	2255	
2315	2285	2284	2316	
2316	2285	2315	2286	
2287	2286	2317	2256	
2316	2286	2285	2317	
2317	2286	2316	2287	
2288	2287	2318	2257	
2317	2287	2286	2318	
2318	2287	2317	2288	
2289	2288	2319	2258	
2318	2288	2287	2319	
2319	2288	2318	2289	
2290	2289	2320	2259	
2319	2289	2288	2320	
2320	2289	2319	2290	
2291	2290	2321	2260	
2320	2290	2289	2321	
2321	2290	2320	2291	
2292	2291	2322	2261	
2321	2291	2290	2322	
2322	2291	2321	2292	
2293	2292	2323	2262	
2322	2292	2291	2323	
2323	2292	2322	2293	
2294	2293	2324	2263	
2323	2293	2292	2324	
2324	2293	2323	2294	
2295	2294	2325	2264	
2324	2294	2293	2325	
2325	2294	2324	2295	
2296	2295	2326	2265	
2325	2295	2294	2326	
2326	2295	2325	2296	
2297	2296	2327	2266	
2326	2296	2295	2327	
2327	2296	2326	2297	
2298	2297	2328	2267	
2327	2297	2296	2328	
2328	2297	2327	2298	
2299	2298	2329	2268	
2328	2298	2297	2329	
2329	2298	2328	2299	
2300	2299	2330	2269	
2329	2299	2298	2330	
2330	2299	2329	2300	
2301	2300	2331	2270	
2330	2300	2299	2331	
2331	2300	2330	2301	
2302	2301	2332	2271	
2331	2301	2300	2332	
2332	2301	2331	2302	
2303	2302	2333	2272	
2332	2302	2301	2333	
2333	2302	2332	2303	
2304	2303	2334	2273	
2333	2303	2302	2334	
2334	2303	2333	2304	
2305	2304	2335	2274	
2334	2304	2303	2335	
2335	2304	2334	2305	
2306	2305	2336	2275	
2335	2305	2304	2336	
2336	2305	2335	2306	
2307	2306	2337	2276	
2336	2306	2305	2337	
2337	2306	2336	2307	
2308	2307	2338	2277	
2337	2307	2306	2338	
2338	2307	2337	2308	
2309	2308	2339	2278	
2338	2308	2307	2339	
2339	2308	2338	2309	
2310	2309	2339	2280	
2339	2309	2308	2310	
2311	2310	2341	2280	
2310	2339	2340	2309	
2340	2310	2339	2341	
2341	2310	2340	2311	
2312	2311	2342	2281	
2341	2311	2310	2342	
2342	2311	2341	2312	
2313	2312	2343	2282	
2342	2312	2311	2343	
2343	2312	2342	2313	
2314	2313	2344	2283	
2343	2313	2312	2344	
2344	2313	2343	2314	
2315	2314	2345	2284	
2344	2314	2313	2345	
2345	2314	2344	2315	
2316	2315	2346	2285	
2345	2315	2314	2346	
2346	2315	2345	2316	
2317	2316	2347	2286	
2346	2316	2315	2347	
2347	2316	2346	2317	
2318	2317	2348	2287	
2347	2317	2316	2348	
2348	2317	2347	2318	
2319	2318	2349	2288	
2348	2318	2317	2349	
2349	2318	2348	2319	
2320	2319	2350	2289	
2349	2319	2318	2350	
2350	2319	2349	2320	
2321	2320	2351	2290	
2350	2320	2319	2351	
2351	2320	2350	2321	
2322	2321	2352	2291	
2351	2321	2320	2352	
2352	2321	2351	2322	
2323	2322	2353	2292	
2352	2322	2321	2353	
2353	2322	2352	2323	
2324	2323	2354	2293	
2353	2323	2322	2354	
2354	2323	2353	2324	
2325	2324	2355	2294	
2354	2324	2323	2355	
2355	2324	2354	2325	
2326	2325	2356	2295	
2355	2325	2324	2356	
2356	2325	2355	2326	
2327	2326	2357	2296	
2356	2326	2325	2357	
2357	2326	2356	2327	
2328	2327	2358	2297	
2357	2327	2326	2358	
2358	2327	2357	2328	
2329	2328	2359	2298	
2358	2328	2327	2359	
2359	2328	2358	2329	
2330	2329	2360	2299	
2359	2329	2328	2360	
2360	2329	2359	2330	
2331	2330	2361	2300	
2360	2330	2329	2361	
2361	2330	2360	2331	
2332	2331	2362	2301	
2361	2331	2330	2362	
2362	2331	2361	2332	
2333	2332	2363	2302	
2362	2332	2331	2363	
2363	2332	2362	2333	
2334	2333	2364	2303	
2363	2333	2332	2364	
2364	2333	2363	2334	
2335	2334	2365	2304	
2364	2334	2333	2365	
2365	2334	2364	2335	
2336	2335	2366	2305	
2365	2335	2334	2366	
2366	2335	2365	2336	
2337	2336	2367	2306	
2366	2336	2335	2367	
2367	2336	2366	2337	
2338	2337	2368	2307	
2367	2337	2336	2368	
2368	2337	2367	2338	
2339	2338	2369	2308	
2368	2338	2337	2369	
2369	2338	2368	2339	
2340	2339	2369	2310	
2369	2339	2338	2340	
2341	2340	2371	2310	
2340	2369	2370	2339	
2370	2340	2369	2371	
2371	2340	2370	2341	
2342	2341	2372	2311	
2371	2341	2340	2372	
2372	2341	2371	2342	
2343	2342	2373	2312	
2372	2342	2341	2373	
2373	2342	2372	2343	
2344	2343	2374	2313	
2373	2343	2342	2374	
2374	2343	2373	2344	
2345	2344	2375	2314	
2374	2344	2343	2375	
2375	2344	2374	2345	
2346	2345	2376	2315	
2375	2345	2344	2376	
2376	2345	2375	2346	
2347	2346	2377	2316	
2376	2346	2345	2377	
2377	2346	2376	2347	
2348	2347	2378	2317	
2377	2347	2346	2378	
2378	2347	2377	2348	
2349	2348	2379	2318	
2378	2348	2347	2379	
2379	2348	2378	2349	
2350	2349	2380	2319	
2379	2349	2348	2380	
2380	2349	2379	2350	
2351	2350	2381	2320	
2380	2350	2349	2381	
2381	2350	2380	2351	
2352	2351	2382	2321	
2381	2351	2350	2382	
2382	2351	2381	2352	
2353	2352	2383	2322	
2382	2352	2351	2383	
2383	2352	2382	2353	
2354	2353	2384	2323	
2383	2353	2352	2384	
2384	2353	2383	2354	
2355	2354	2385	2324	
2384	2354	2353	2385	
2385	2354	2384	2355	
2356	2355	2386	2325	
2385	2355	2354	2386	
2386	2355	2385	2356	
2357	2356	2387	2326	
2386	2356	2355	2387	
2387	2356	2386	2357	
2358	2357	2388	2327	
2387	2357	2356	2388	
2388	2357	2387	2358	
2359	2358	2389	2328	
2388	2358	2357	2389	
2389	2358	2388	2359	
2360	2359	2390	2329	
2389	2359	2358	2390	
2390	2359	2389	2360	
2361	2360	2391	2330	
2390	2360	2359	2391	
2391	2360	2390	2361	
2362	2361	2392	2331	
2391	2361	2360	2392	
2392	2361	2391	2362	
2363	2362	2393	2332	
2392	2362	2361	2393	
2393	2362	2392	2363	
2364	2363	2394	2333	
2393	2363	2362	2394	
2394	2363	2393	2364	
2365	2364	2395	2334	
2394	2364	2363	2395	
2395	2364	2394	2365	
2366	2365	2396	2335	
2395	2365	2364	2396	
2396	2365	2395	2366	
2367	2366	2397	2336	
2396	2366	2365	2397	
2397	2366	2396	2367	
2368	2367	2398	2337	
2397	2367	2366	2398	
2398	2367	2397	2368	
2369	2368	2399	2338	
2398	2368	2367	2399	
2399	2368	2398	2369	
2370	2369	2399	2340	
2399	2369	2368	2370	
2371	2370	2401	2340	
2370	2399	2400	2369	
2400	2370	2399	2401	
2401	2370	2400	2371	
2372	2371	2402	2341	
2401	2371	2370	2402	
2402	2371	2401	2372	
2373	2372	2403	2342	
2402	2372	2371	2403	
2403	2372	2402	2373	
2374	2373	2404	2343	
2403	2373	2372	2404	
2404	2373	2403	2374	
2375	2374	2405	2344	
2404	2374	2373	2405	
2405	2374	2404	2375	
2376	2375	2406	2345	
2405	2375	2374	2406	
2406	2375	2405	2376	
2377	2376	2407	2346	
2406	2376	2375	2407	
2407	2376	2406	2377	
2378	2377	2408	2347	
2407	2377	2376	2408	
2408	2377	2407	2378	
2379	2378	2409	2348	
2408	2378	2377	2409	
2409	2378	2408	2379	
2380	2379	2410	2349	
2409	2379	2378	2410	
2410	2379	2409	2380	
2381	2380	2411	2350	
2410	2380	2379	2411	
2411	2380	2410	2381	
2382	2381	2412	2351	
2411	2381	2380	2412	
2412	2381	2411	2382	
2383	2382	2413	2352	
2412	2382	2381	2413	
2413	2382	2412	2383	
2384	2383	2414	2353	
2413	2383	2382	2414	
2414	2383	2413	2384	
2385	2384	2415	2354	
2414	2384	2383	2415	
2415	2384	2414	2385	
2386	2385	2416	2355	
2415	2385	2384	2416	
2416	2385	2415	2386	
2387	2386	2417	2356	
2416	2386	2385	2417	
2417	2386	2416	2387	
2388	2387	2418	2357	
2417	2387	2386	2418	
2418	2387	2417	2388	
2389	2388	2419	2358	
2418	2388	2387	2419	
2419	2388	2418	2389	
2390	2389	2420	2359	
2419	2389	2388	2420	
2420	2389	2419	2390	
2391	2390	2421	2360	
2420	2390	2389	2421	
2421	2390	2420	2391	
2392	2391	2422	2361	
2421	2391	2390	2422	
2422	2391	2421	2392	
2393	2392	2423	2362	
2422	2392	2391	2423	
2423	2392	2422	2393	
2394	2393	2424	2363	
2423	2393	2392	2424	
2424	2393	2423	2394	
2395	2394	2425	2364	
2424	2394	2393	2425	
2425	2394	2424	2395	
2396	2395	2426	2365	
2425	2395	2394	2426	
2426	2395	2425	2396	
2397	2396	2427	2366	
2426	2396	2395	2427	
2427	2396	2426	2397	
2398	2397	2428	2367	
2427	2397	2396	2428	
2428	2397	2427	2398	
2399	2398	2429	2368	
2428	2398	2397	2429	
2429	2398	2428	2399	
2400	2399	2429	2370	
2429	2399	2398	2400	
2401	2400	2431	2370	
2400	2429	2430	2399	
2430	2400	2429	2431	
2431	2400	2430	2401	
2402	2401	2432	2371	
2431	2401	2400	2432	
2432	2401	2431	2402	
2403	2402	2433	2372	
2432	2402	2401	2433	
2433	2402	2432	2403	
2404	2403	2434	2373	
2433	2403	2402	2434	
2434	2403	2433	2404	
2405	2404	2435	2374	
2434	2404	2403	2435	
2435	2404	2434	2405	
2406	2405	2436	2375	
2435	2405	2404	2436	
2436	2405	2435	2406	
2407	2406	2437	2376	
2436	2406	2405	2437	
2437	2406	2436	2407	
2408	2407	2438	2377	
2437	2407	2406	2438	
2438	2407	2437	2408	
2409	2408	2439	2378	
2438	2408	2407	2439	
2439	2408	2438	2409	
2410	2409	2440	2379	
2439	2409	2408	2440	
2440	2409	2439	2410	
2411	2410	2441	2380	
2440	2410	2409	2441	
2441	2410	2440	2411	
2412	2411	2442	2381	
2441	2411	2410	2442	
2442	2411	2441	2412	
2413	2412	2443	2382	
2442	2412	2411	2443	
2443	2412	2442	2413	
2414	2413	2444	2383	
2443	2413	2412	2444	
2444	2413	2443	2414	
2415	2414	2445	2384	
2444	2414	2413	2445	
2445	2414	2444	2415	
2416	2415	2446	2385	
2445	2415	2414	2446	
2446	2415	2445	2416	
2417	2416	2447	2386	
2446	2416	2415	2447	
2447	2416	2446	2417	
2418	2417	2448	2387	
2447	2417	2416	2448	
2448	2417	2447	2418	
2419	2418	2449	2388	
2448	2418	2417	2449	
2449	2418	2448	2419	
2420	2419	2450	2389	
2449	2419	2418	2450	
2450	2419	2449	2420	
2421	2420	2451	2390	
2450	2420	2419	2451	
2451	2420	2450	2421	
2422	2421	2452	2391	
2451	2421	2420	2452	
2452	2421	2451	2422	
2423	2422	2453	2392	
2452	2422	2421	2453	
2453	2422	2452	2423	
2424	2423	2454	2393	
2453	2423	2422	2454	
2454	2423	2453	2424	
2425	2424	2455	2394	
2454	2424	2423	2455	
2455	2424	2454	2425	
2426	2425	2456	2395	
2455	2425	2424	2456	
2456	2425	2455	2426	
2427	2426	2457	2396	
2456	2426	2425	2457	
2457	2426	2456	2427	
2428	2427	2458	2397	
2457	2427	2426	2458	
2458	2427	2457	2428	
2429	2428	2459	2398	
2458	2428	2427	2459	
2459	2428	2458	2429	
2430	2429	2459	2400	
2459	2429	2428	2430	
2431	2430	2461	2400	
2430	2459	2460	2429	
2460	2430	2459	2461	
2461	2430	2460	2431	
2432	2431	2462	2401	
2461	2431	2430	2462	
2462	2431	2461	2432	
2433	2432	2463	2402	
2462	2432	2431	2463	
2463	2432	2462	2433	
2434	2433	2464	2403	
2463	2433	2432	2464	
2464	2433	2463	2434	
2435	2434	2465	2404	
2464	2434	2433	2465	
2465	2434	2464	2435	
2436	2435	2466	2405	
2465	2435	2434	2466	
2466	2435	2465	2436	
2437	2436	2467	2406	
2466	2436	2435	2467	
2467	2436	2466	2437	
2438	2437	2468	2407	
2467	2437	2436	2468	
2468	2437	2467	2438	
2439	2438	2469	2408	
2468	2438	2437	2469	
2469	2438	2468	2439	
2440	2439	2470	2409	
2469	2439	2438	2470	
2470	2439	2469	2440	
2441	2440	2471	2410	
2470	2440	2439	2471	
2471	2440	2470	2441	
2442	2441	2472	2411	
2471	2441	2440	2472	
2472	2441	2471	2442	
2443	2442	2473	2412	
2472	2442	2441	2473	
2473	2442	2472	2443	
2444	2443	2474	2413	
2473	2443	2442	2474	
2474	2443	2473	2444	
2445	2444	2475	2414	
2474	2444	2443	2475	
2475	2444	2474	2445	
2446	2445	2476	2415	
2475	2445	2444	2476	
2476	2445	2475	2446	
2447	2446	2477	2416	
2476	2446	2445	2477	
2477	2446	2476	2447	
2448	2447	2478	2417	
2477	2447	2446	2478	
2478	2447	2477	2448	
2449	2448	2479	2418	
2478	2448	2447	2479	
2479	2448	2478	2449	
2450	2449	2480	2419	
2479	2449	2448	2480	
2480	2449	2479	2450	
2451	2450	2481	2420	
2480	2450	2449	2481	
2481	2450	2480	2451	
2452	2451	2482	2421	
2481	2451	2450	2482	
2482	2451	2481	2452	
2453	2452	2483	2422	
2482	2452	2451	2483	
2483	2452	2482	2453	
2454	2453	2484	2423	
2483	2453	2452	2484	
2484	2453	2483	2454	
2455	2454	2485	2424	
2484	2454	2453	2485	
2485	2454	2484	2455	
2456	2455	2486	2425	
2485	2455	2454	2486	
2486	2455	2485	2456	
2457	2456	2487	2426	
2486	2456	2455	2487	
2487	2456	2486	2457	
2458	2457	2488	2427	
2487	2457	2456	2488	
2488	2457	2487	2458	
2459	2458	2489	2428	
2488	2458	2457	2489	
2489	2458	2488	2459	
2460	2459	2489	2430	
2489	2459	2458	2460	
2461	2460	2491	2430	
2460	2489	2490	2459	
2490	2460	2489	2491	
2491	2460	2490	2461	
2462	2461	2492	2431	
2491	2461	2460	2492	
2492	2461	2491	2462	
2463	2462	2493	2432	
2492	2462	2461	2493	
2493	2462	2492	2463	
2464	2463	2494	2433	
2493	2463	2462	2494	
2494	2463	2493	2464	
2465	2464	2495	2434	
2494	2464	2463	2495	
2495	2464	2494	2465	
2466	2465	2496	2435	
2495	2465	2464	2496	
2496	2465	2495	2466	
2467	2466	2497	2436	
2496	2466	2465	2497	
2497	2466	2496	2467	
2468	2467	2498	2437	
2497	2467	2466	2498	
2498	2467	2497	2468	
2469	2468	2499	2438	
2498	2468	2467	2499	
2499	2468	2498	2469	
2470	2469	2500	2439	
2499	2469	2468	2500	
2500	2469	2499	2470	
2471	2470	2501	2440	
2500	2470	2469	2501	
2501	2470	2500	2471	
2472	2471	2502	2441	
2501	2471	2470	2502	
2502	2471	2501	2472	
2473	2472	2503	2442	
2502	2472	2471	2503	
2503	2472	2502	2473	
2474	2473	2504	2443	
2503	2473	2472	2504	
2504	2473	2503	2474	
2475	2474	2505	2444	
2504	2474	2473	2505	
2505	2474	2504	2475	
2476	2475	2506	2445	
2505	2475	2474	2506	
2506	2475	2505	2476	
2477	2476	2507	2446	
2506	2476	2475	2507	
2507	2476	2506	2477	
2478	2477	2508	2447	
2507	2477	2476	2508	
2508	2477	2507	2478	
2479	2478	2509	2448	
2508	2478	2477	2509	
2509	2478	2508	2479	
2480	2479	2510	2449	
2509	2479	2478	2510	
2510	2479	2509	2480	
2481	2480	2511	2450	
2510	2480	2479	2511	
2511	2480	2510	2481	
2482	2481	2512	2451	
2511	2481	2480	2512	
2512	2481	2511	2482	
2483	2482	2513	2452	
2512	2482	2481	2513	
2513	2482	2512	2483	
2484	2483	2514	2453	
2513	2483	2482	2514	
2514	2483	2513	2484	
2485	2484	2515	2454	
2514	2484	2483	2515	
2515	2484	2514	2485	
2486	2485	2516	2455	
2515	2485	2484	2516	
2516	2485	2515	2486	
2487	2486	2517	2456	
2516	2486	2485	2517	
2517	2486	2516	2487	
2488	2487	2518	2457	
2517	2487	2486	2518	
2518	2487	2517	2488	
2489	2488	2519	2458	
2518	2488	2487	2519	
2519	2488	2518	2489	
2490	2489	2519	2460	
2519	2489	2488	2490	
2491	2490	2521	2460	
2490	2519	2520	2489	
2520	2490	2519	2521	
2521	2490	2520	2491	
2492	2491	2522	2461	
2521	2491	2490	2522	
2522	2491	2521	2492	
2493	2492	2523	2462	
2522	2492	2491	2523	
2523	2492	2522	2493	
2494	2493	2524	2463	
2523	2493	2492	2524	
2524	2493	2523	2494	
2495	2494	2525	2464	
2524	2494	2493	2525	
2525	2494	2524	2495	
2496	2495	2526	2465	
2525	2495	2494	2526	
2526	2495	2525	2496	
2497	2496	2527	2466	
2526	2496	2495	2527	
2527	2496	2526	2497	
2498	2497	2528	2467	
2527	2497	2496	2528	
2528	2497	2527	2498	
2499	2498	2529	2468	
2528	2498	2497	2529	
2529	2498	2528	2499	
2500	2499	2530	2469	
2529	2499	2498	2530	
2530	2499	2529	2500	
2501	2500	2531	2470	
2530	2500	2499	2531	
2531	2500	2530	2501	
2502	2501	2532	2471	
2531	2501	2500	2532	
2532	2501	2531	2502	
2503	2502	2533	2472	
2532	2502	2501	2533	
2533	2502	2532	2503	
2504	2503	2534	2473	
2533	2503	2502	2534	
2534	2503	2533	2504	
2505	2504	2535	2474	
2534	2504	2503	2535	
2535	2504	2534	2505	
2506	2505	2536	2475	
2535	2505	2504	2536	
2536	2505	2535	2506	
2507	2506	2537	2476	
2536	2506	2505	2537	
2537	2506	2536	2507	
2508	2507	2538	2477	
2537	2507	2506	2538	
2538	2507	2537	2508	
2509	2508	2539	2478	
2538	2508	2507	2539	
2539	2508	2538	2509	
2510	2509	2540	2479	
2539	2509	2508	2540	
2540	2509	2539	2510	
2511	2510	2541	2480	
2540	2510	2509	2541	
2541	2510	2540	2511	
2512	2511	2542	2481	
2541	2511	2510	2542	
2542	2511	2541	2512	
2513	2512	2543	2482	
2542	2512	2511	2543	
2543	2512	2542	2513	
2514	2513	2544	2483	
2543	2513	2512	2544	
2544	2513	2543	2514	
2515	2514	2545	2484	
2544	2514	2513	2545	
2545	2514	2544	2515	
2516	2515	2546	2485	
2545	2515	2514	2546	
2546	2515	2545	2516	
2517	2516	2547	2486	
2546	2516	2515	2547	
2547	2516	2546	2517	
2518	2517	2548	2487	
2547	2517	2516	2548	
2548	2517	2547	2518	
2519	2518	2549	2488	
2548	2518	2517	2549	
2549	2518	2548	2519	
2520	2519	2549	2490	
2549	2519	2518	2520	
2521	2520	2551	2490	
2520	2549	2550	2519	
2550	2520	2549	2551	
2551	2520	2550	2521	
2522	2521	2552	2491	
2551	2521	2520	2552	
2552	2521	2551	2522	
2523	2522	2553	2492	
2552	2522	2521	2553	
2553	2522	2552	2523	
2524	2523	2554	2493	
2553	2523	2522	2554	
2554	2523	2553	2524	
2525	2524	2555	2494	
2554	2524	2523	2555	
2555	2524	2554	2525	
2526	2525	2556	2495	
2555	2525	2524	2556	
2556	2525	2555	2526	
2527	2526	2557	2496	
2556	2526	2525	2557	
2557	2526	2556	2527	
2528	2527	2558	2497	
2557	2527	2526	2558	
2558	2527	2557	2528	
2529	2528	2559	2498	
2558	2528	2527	2559	
2559	2528	2558	2529	
2530	2529	2560	2499	
2559	2529	2528	2560	
2560	2529	2559	2530	
2531	2530	2561	2500	
2560	2530	2529	2561	
2561	2530	2560	2531	
2532	2531	2562	2501	
2561	2531	2530	2562	
2562	2531	2561	2532	
2533	2532	2563	2502	
2562	2532	2531	2563	
2563	2532	2562	2533	
2534	2533	2564	2503	
2563	2533	2532	2564	
2564	2533	2563	2534	
2535	2534	2565	2504	
2564	2534	2533	2565	
2565	2534	2564	2535	
2536	2535	2566	2505	
2565	2535	2534	2566	
2566	2535	2565	2536	
2537	2536	2567	2506	
2566	2536	2535	2567	
2567	2536	2566	2537	
2538	2537	2568	2507	
2567	2537	2536	2568	
2568	2537	2567	2538	
2539	2538	2569	2508	
2568	2538	2537	2569	
2569	2538	2568	2539	
2540	2539	2570	2509	
2569	2539	2538	2570	
2570	2539	2569	2540	
2541	2540	2571	2510	
2570	2540	2539	2571	
2571	2540	2570	2541	
2542	2541	2572	2511	
2571	2541	2540	2572	
2572	2541	2571	2542	
2543	2542	2573	2512	
2572	2542	2541	2573	
2573	2542	2572	2543	
2544	2543	2574	2513	
2573	2543	2542	2574	
2574	2543	2573	2544	
2545	2544	2575	2514	
2574	2544	2543	2575	
2575	2544	2574	2545	
2546	2545	2576	2515	
2575	2545	2544	2576	
2576	2545	2575	2546	
2547	2546	2577	2516	
2576	2546	2545	2577	
2577	2546	2576	2547	
2548	2547	2578	2517	
2577	2547	2546	2578	
2578	2547	2577	2548	
2549	2548	2579	2518	
2578	2548	2547	2579	
2579	2548	2578	2549	
2550	2549	2579	2520	
2579	2549	2548	2550	
2551	2550	2581	2520	
2550	2579	2580	2549	
2580	2550	2579	2581	
2581	2550	2580	2551	
2552	2551	2582	2521	
2581	2551	2550	2582	
2582	2551	2581	2552	
2553	2552	2583	2522	
2582	2552	2551	2583	
2583	2552	2582	2553	
2554	2553	2584	2523	
2583	2553	2552	2584	
2584	2553	2583	2554	
2555	2554	2585	2524	
2584	2554	2553	2585	
2585	2554	2584	2555	
2556	2555	2586	2525	
2585	2555	2554	2586	
2586	2555	2585	2556	
2557	2556	2587	2526	
2586	2556	2555	2587	
2587	2556	2586	2557	
2558	2557	2588	2527	
2587	2557	2556	2588	
2588	2557	2587	2558	
2559	2558	2589	2528	
2588	2558	2557	2589	
2589	2558	2588	2559	
2560	2559	2590	2529	
2589	2559	2558	2590	
2590	2559	2589	2560	
2561	2560	2591	2530	
2590	2560	2559	2591	
2591	2560	2590	2561	
2562	2561	2592	2531	
2591	2561	2560	2592	
2592	2561	2591	2562	
2563	2562	2593	2532	
2592	2562	2561	2593	
2593	2562	2592	2563	
2564	2563	2594	2533	
2593	2563	2562	2594	
2594	2563	2593	2564	
2565	2564	2595	2534	
2594	2564	2563	2595	
2595	2564	2594	2565	
2566	2565	2596	2535	
2595	2565	2564	2596	
2596	2565	2595	2566	
2567	2566	2597	2536	
2596	2566	2565	2597	
2597	2566	2596	2567	
2568	2567	2598	2537	
2597	2567	2566	2598	
2598	2567	2597	2568	
2569	2568	2599	2538	
2598	2568	2567	2599	
2599	2568	2598	2569	
2570	2569	2600	2539	
2599	2569	2568	2600	
2600	2569	2599	2570	
2571	2570	2601	2540	
2600	2570	2569	2601	
2601	2570	2600	2571	
2572	2571	2602	2541	
2601	2571	2570	2602	
2602	2571	2601	2572	
2573	2572	2603	2542	
2602	2572	2571	2603	
2603	2572	2602	2573	
2574	2573	2604	2543	
2603	2573	2572	2604	
2604	2573	2603	2574	
2575	2574	2605	2544	
2604	2574	2573	2605	
2605	2574	2604	2575	
2576	2575	2606	2545	
2605	2575	2574	2606	
2606	2575	2605	2576	
2577	2576	2607	2546	
2606	2576	2575	2607	
2607	2576	2606	2577	
2578	2577	2608	2547	
2607	2577	2576	2608	
2608	2577	2607	2578	
2579	2578	2609	2548	
2608	2578	2577	2609	
2609	2578	2608	2579	
2580	2579	2609	2550	
2609	2579	2578	2580	
2581	2580	2611	2550	
2580	2609	2610	2579	
2610	2580	2609	2611	
2611	2580	2610	2581	
2582	2581	2612	2551	
2611	2581	2580	2612	
2612	2581	2611	2582	
2583	2582	2613	2552	
2612	2582	2581	2613	
2613	2582	2612	2583	
2584	2583	2614	2553	
2613	2583	2582	2614	
2614	2583	2613	2584	
2585	2584	2615	2554	
2614	2584	2583	2615	
2615	2584	2614	2585	
2586	2585	2616	2555	
2615	2585	2584	2616	
2616	2585	2615	2586	
2587	2586	2617	2556	
2616	2586	2585	2617	
2617	2586	2616	2587	
2588	2587	2618	2557	
2617	2587	2586	2618	
2618	2587	2617	2588	
2589	2588	2619	2558	
2618	2588	2587	2619	
2619	2588	2618	2589	
2590	2589	2620	2559	
2619	2589	2588	2620	
2620	2589	2619	2590	
2591	2590	2621	2560	
2620	2590	2589	2621	
2621	2590	2620	2591	
2592	2591	2622	2561	
2621	2591	2590	2622	
2622	2591	2621	2592	
2593	2592	2623	2562	
2622	2592	2591	2623	
2623	2592	2622	2593	
2594	2593	2624	2563	
2623	2593	2592	2624	
2624	2593	2623	2594	
2595	2594	2625	2564	
2624	2594	2593	2625	
2625	2594	2624	2595	
2596	2595	2626	2565	
2625	2595	2594	2626	
2626	2595	2625	2596	
2597	2596	2627	2566	
2626	2596	2595	2627	
2627	2596	2626	2597	
2598	2597	2628	2567	
2627	2597	2596	2628	
2628	2597	2627	2598	
2599	2598	2629	2568	
2628	2598	2597	2629	
2629	2598	2628	2599	
2600	2599	2630	2569	
2629	2599	2598	2630	
2630	2599	2629	2600	
2601	2600	2631	2570	
2630	2600	2599	2631	
2631	2600	2630	2601	
2602	2601	2632	2571	
2631	2601	2600	2632	
2632	2601	2631	2602	
2603	2602	2633	2572	
2632	2602	2601	2633	
2633	2602	2632	2603	
2604	2603	2634	2573	
2633	2603	2602	2634	
2634	2603	2633	2604	
2605	2604	2635	2574	
2634	2604	2603	2635	
2635	2604	2634	2605	
2606	2605	2636	2575	
2635	2605	2604	2636	
2636	2605	2635	2606	
2607	2606	2637	2576	
2636	2606	2605	2637	
2637	2606	2636	2607	
2608	2607	2638	2577	
2637	2607	2606	2638	
2638	2607	2637	2608	
2609	2608	2639	2578	
2638	2608	2607	2639	
2639	2608	2638	2609	
2610	2609	2639	2580	
2639	2609	2608	2610	
2611	2610	2641	2580	
2610	2639	2640	2609	
2640	2610	2639	2641	
2641	2610	2640	2611	
2612	2611	2642	2581	
2641	2611	2610	2642	
2642	2611	2641	2612	
2613	2612	2643	2582	
2642	2612	2611	2643	
2643	2612	2642	2613	
2614	2613	2644	2583	
2643	2613	2612	2644	
2644	2613	2643	2614	
2615	2614	2645	2584	
2644	2614	2613	2645	
2645	2614	2644	2615	
2616	2615	2646	2585	
2645	2615	2614	2646	
2646	2615	2645	2616	
2617	2616	2647	2586	
2646	2616	2615	2647	
2647	2616	2646	2617	
2618	2617	2648	2587	
2647	2617	2616	2648	
2648	2617	2647	2618	
2619	2618	2649	2588	
2648	2618	2617	2649	
2649	2618	2648	2619	
2620	2619	2650	2589	
2649	2619	2618	2650	
2650	2619	2649	2620	
2621	2620	2651	2590	
2650	2620	2619	2651	
2651	2620	2650	2621	
2622	2621	2652	2591	
2651	2621	2620	2652	
2652	2621	2651	2622	
2623	2622	2653	2592	
2652	2622	2621	2653	
2653	2622	2652	2623	
2624	2623	2654	2593	
2653	2623	2622	2654	
2654	2623	2653	2624	
2625	2624	2655	2594	
2654	2624	2623	2655	
2655	2624	2654	2625	
2626	2625	2656	2595	
2655	2625	2624	2656	
2656	2625	2655	2626	
2627	2626	2657	2596	
2656	2626	2625	2657	
2657	2626	2656	2627	
2628	2627	2658	2597	
2657	2627	2626	2658	
2658	2627	2657	2628	
2629	2628	2659	2598	
2658	2628	2627	2659	
2659	2628	2658	2629	
2630	2629	2660	2599	
2659	2629	2628	2660	
2660	2629	2659	2630	
2631	2630	2661	2600	
2660	2630	2629	2661	
2661	2630	2660	2631	
2632	2631	2662	2601	
2661	2631	2630	2662	
2662	2631	2661	2632	
2633	2632	2663	2602	
2662	2632	2631	2663	
2663	2632	2662	2633	
2634	2633	2664	2603	
2663	2633	2632	2664	
2664	2633	2663	2634	
2635	2634	2665	2604	
2664	2634	2633	2665	
2665	2634	2664	2635	
2636	2635	2666	2605	
2665	2635	2634	2666	
2666	2635	2665	2636	
2637	2636	2667	2606	
2666	2636	2635	2667	
2667	2636	2666	2637	
2638	2637	2668	2607	
2667	2637	2636	2668	
2668	2637	2667	2638	
2639	2638	2669	2608	
2668	2638	2637	2669	
2669	2638	2668	2639	
2640	2639	2669	2610	
2669	2639	2638	2640	
2641	2640	2671	2610	
2640	2669	2670	2639	
2670	2640	2669	2671	
2671	2640	2670	2641	
2642	2641	2672	2611	
2671	2641	2640	2672	
2672	2641	2671	2642	
2643	2642	2673	2612	
2672	2642	2641	2673	
2673	2642	2672	2643	
2644	2643	2674	2613	
2673	2643	2642	2674	
2674	2643	2673	2644	
2645	2644	2675	2614	
2674	2644	2643	2675	
2675	2644	2674	2645	
2646	2645	2676	2615	
2675	2645	2644	2676	
2676	2645	2675	2646	
2647	2646	2677	2616	
2676	2646	2645	2677	
2677	2646	2676	2647	
2648	2647	2678	2617	
2677	2647	2646	2678	
2678	2647	2677	2648	
2649	2648	2679	2618	
2678	2648	2647	2679	
2679	2648	2678	2649	
2650	2649	2680	2619	
2679	2649	2648	2680	
2680	2649	2679	2650	
2651	2650	2681	2620	
2680	2650	2649	2681	
2681	2650	2680	2651	
2652	2651	2682	2621	
2681	2651	2650	2682	
2682	2651	2681	2652	
2653	2652	2683	2622	
2682	2652	2651	2683	
2683	2652	2682	2653	
2654	2653	2684	2623	
2683	2653	2652	2684	
2684	2653	2683	2654	
2655	2654	2685	2624	
2684	2654	2653	2685	
2685	2654	2684	2655	
2656	2655	2686	2625	
2685	2655	2654	2686	
2686	2655	2685	2656	
2657	2656	2687	2626	
2686	2656	2655	2687	
2687	2656	2686	2657	
2658	2657	2688	2627	
2687	2657	2656	2688	
2688	2657	2687	2658	
2659	2658	2689	2628	
2688	2658	2657	2689	
2689	2658	2688	2659	
2660	2659	2690	2629	
2689	2659	2658	2690	
2690	2659	2689	2660	
2661	2660	2691	2630	
2690	2660	2659	2691	
2691	2660	2690	2661	
2662	2661	2692	2631	
2691	2661	2660	2692	
2692	2661	2691	2662	
2663	2662	2693	2632	
2692	2662	2661	2693	
2693	2662	2692	2663	
2664	2663	2694	2633	
2693	2663	2662	2694	
2694	2663	2693	2664	
2665	2664	2695	2634	
2694	2664	2663	2695	
2695	2664	2694	2665	
2666	2665	2696	2635	
2695	2665	2664	2696	
2696	2665	2695	2666	
2667	2666	2697	2636	
2696	2666	2665	2697	
2697	2666	2696	2667	
2668	2667	2698	2637	
2697	2667	2666	2698	
2698	2667	2697	2668	
2669	2668	2699	2638	
2698	2668	2667	2699	
2699	2668	2698	2669	
2670	2669	2699	2640	
2699	2669	2668	2670	
2671	2670	2701	2640	
2670	2699	2700	2669	
2700	2670	2699	2701	
2701	2670	2700	2671	
2672	2671	2702	2641	
2701	2671	2670	2702	
2702	2671	2701	2672	
2673	2672	2703	2642	
2702	2672	2671	2703	
2703	2672	2702	2673	
2674	2673	2704	2643	
2703	2673	2672	2704	
2704	2673	2703	2674	
2675	2674	2705	2644	
2704	2674	2673	2705	
2705	2674	2704	2675	
2676	2675	2706	2645	
2705	2675	2674	2706	
2706	2675	2705	2676	
2677	2676	2707	2646	
2706	2676	2675	2707	
2707	2676	2706	2677	
2678	2677	2708	2647	
2707	2677	2676	2708	
2708	2677	2707	2678	
2679	2678	2709	2648	
2708	2678	2677	2709	
2709	2678	2708	2679	
2680	2679	2710	2649	
2709	2679	2678	2710	
2710	2679	2709	2680	
2681	2680	2711	2650	
2710	2680	2679	2711	
2711	2680	2710	2681	
2682	2681	2712	2651	
2711	2681	2680	2712	
2712	2681	2711	2682	
2683	2682	2713	2652	
2712	2682	2681	2713	
2713	2682	2712	2683	
2684	2683	2714	2653	
2713	2683	2682	2714	
2714	2683	2713	2684	
2685	2684	2715	2654	
2714	2684	2683	2715	
2715	2684	2714	2685	
2686	2685	2716	2655	
2715	2685	2684	2716	
2716	2685	2715	2686	
2687	2686	2717	2656	
2716	2686	2685	2717	
2717	2686	2716	2687	
2688	2687	2718	2657	
2717	2687	2686	2718	
2718	2687	2717	2688	
2689	2688	2719	2658	
2718	2688	2687	2719	
2719	2688	2718	2689	
2690	2689	2720	2659	
2719	2689	2688	2720	
2720	2689	2719	2690	
2691	2690	2721	2660	
2720	2690	2689	2721	
2721	2690	2720	2691	
2692	2691	2722	2661	
2721	2691	2690	2722	
2722	2691	2721	2692	
2693	2692	2723	2662	
2722	2692	2691	2723	
2723	2692	2722	2693	
2694	2693	2724	2663	
2723	2693	2692	2724	
2724	2693	2723	2694	
2695	2694	2725	2664	
2724	2694	2693	2725	
2725	2694	2724	2695	
2696	2695	2726	2665	
2725	2695	2694	2726	
2726	2695	2725	2696	
2697	2696	2727	2666	
2726	2696	2695	2727	
2727	2696	2726	2697	
2698	2697	2728	2667	
2727	2697	2696	2728	
2728	2697	2727	2698	
2699	2698	2729	2668	
2728	2698	2697	2729	
2729	2698	2728	2699	
2700	2699	2729	2670	
2729	2699	2698	2700	
2701	2700	2731	2670	
2700	2729	2730	2699	
2730	2700	2729	2731	
2731	2700	2730	2701	
2702	2701	2732	2671	
2731	2701	2700	2732	
2732	2701	2731	2702	
2703	2702	2733	2672	
2732	2702	2701	2733	
2733	2702	2732	2703	
2704	2703	2734	2673	
2733	2703	2702	2734	
2734	2703	2733	2704	
2705	2704	2735	2674	
2734	2704	2703	2735	
2735	2704	2734	2705	
2706	2705	2736	2675	
2735	2705	2704	2736	
2736	2705	2735	2706	
2707	2706	2737	2676	
2736	2706	2705	2737	
2737	2706	2736	2707	
2708	2707	2738	2677	
2737	2707	2706	2738	
2738	2707	2737	2708	
2709	2708	2739	2678	
2738	2708	2707	2739	
2739	2708	2738	2709	
2710	2709	2740	2679	
2739	2709	2708	2740	
2740	2709	2739	2710	
2711	2710	2741	2680	
2740	2710	2709	2741	
2741	2710	2740	2711	
2712	2711	2742	2681	
2741	2711	2710	2742	
2742	2711	2741	2712	
2713	2712	2743	2682	
2742	2712	2711	2743	
2743	2712	2742	2713	
2714	2713	2744	2683	
2743	2713	2712	2744	
2744	2713	2743	2714	
2715	2714	2745	2684	
2744	2714	2713	2745	
2745	2714	2744	2715	
2716	2715	2746	2685	
2745	2715	2714	2746	
2746	2715	2745	2716	
2717	2716	2747	2686	
2746	2716	2715	2747	
2747	2716	2746	2717	
2718	2717	2748	2687	
2747	2717	2716	2748	
2748	2717	2747	2718	
2719	2718	2749	2688	
2748	2718	2717	2749	
2749	2718	2748	2719	
2720	2719	2750	2689	
2749	2719	2718	2750	
2750	2719	2749	2720	
2721	2720	2751	2690	
2750	2720	2719	2751	
2751	2720	2750	2721	
2722	2721	2752	2691	
2751	2721	2720	2752	
2752	2721	2751	2722	
2723	2722	2753	2692	
2752	2722	2721	2753	
2753	2722	2752	2723	
2724	2723	2754	2693	
2753	2723	2722	2754	
2754	2723	2753	2724	
2725	2724	2755	2694	
2754	2724	2723	2755	
2755	2724	2754	2725	
2726	2725	2756	2695	
2755	2725	2724	2756	
2756	2725	2755	2726	
2727	2726	2757	2696	
2756	2726	2725	2757	
2757	2726	2756	2727	
2728	2727	2758	2697	
2757	2727	2726	2758	
2758	2727	2757	2728	
2729	2728	2759	2698	
2758	2728	2727	2759	
2759	2728	2758	2729	
2730	2729	2759	2700	
2759	2729	2728	2730	
2731	2730	2761	2700	
2730	2759	2760	2729	
2760	2730	2759	2761	
2761	2730	2760	2731	
2732	2731	2762	2701	
2761	2731	2730	2762	
2762	2731	2761	2732	
2733	2732	2763	2702	
2762	2732	2731	2763	
2763	2732	2762	2733	
2734	2733	2764	2703	
2763	2733	2732	2764	
2764	2733	2763	2734	
2735	2734	2765	2704	
2764	2734	2733	2765	
2765	2734	2764	2735	
2736	2735	2766	2705	
2765	2735	2734	2766	
2766	2735	2765	2736	
2737	2736	2767	2706	
2766	2736	2735	2767	
2767	2736	2766	2737	
2738	2737	2768	2707	
2767	2737	2736	2768	
2768	2737	2767	2738	
2739	2738	2769	2708	
2768	2738	2737	2769	
2769	2738	2768	2739	
2740	2739	2770	2709	
2769	2739	2738	2770	
2770	2739	2769	2740	
2741	2740	2771	2710	
2770	2740	2739	2771	
2771	2740	2770	2741	
2742	2741	2772	2711	
2771	2741	2740	2772	
2772	2741	2771	2742	
2743	2742	2773	2712	
2772	2742	2741	2773	
2773	2742	2772	2743	
2744	2743	2774	2713	
2773	2743	2742	2774	
2774	2743	2773	2744	
2745	2744	2775	2714	
2774	2744	2743	2775	
2775	2744	2774	2745	
2746	2745	2776	2715	
2775	2745	2744	2776	
2776	2745	2775	2746	
2747	2746	2777	2716	
2776	2746	2745	2777	
2777	2746	2776	2747	
2748	2747	2778	2717	
2777	2747	2746	2778	
2778	2747	2777	2748	
2749	2748	2779	2718	
2778	2748	2747	2779	
2779	2748	2778	2749	
2750	2749	2780	2719	
2779	2749	2748	2780	
2780	2749	2779	2750	
2751	2750	2781	2720	
2780	2750	2749	2781	
2781	2750	2780	2751	
2752	2751	2782	2721	
2781	2751	2750	2782	
2782	2751	2781	2752	
2753	2752	2783	2722	
2782	2752	2751	2783	
2783	2752	2782	2753	
2754	2753	2784	2723	
2783	2753	2752	2784	
2784	2753	2783	2754	
2755	2754	2785	2724	
2784	2754	2753	2785	
2785	2754	2784	2755	
2756	2755	2786	2725	
2785	2755	2754	2786	
2786	2755	2785	2756	
2757	2756	2787	2726	
2786	2756	2755	2787	
2787	2756	2786	2757	
2758	2757	2788	2727	
2787	2757	2756	2788	
2788	2757	2787	2758	
2759	2758	2789	2728	
2788	2758	2757	2789	
2789	2758	2788	2759	
2760	2759	2789	2730	
2789	2759	2758	2760	
2761	2760	2791	2730	
2760	2789	2790	2759	
2790	2760	2789	2791	
2791	2760	2790	2761	
2762	2761	2792	2731	
2791	2761	2760	2792	
2792	2761	2791	2762	
2763	2762	2793	2732	
2792	2762	2761	2793	
2793	2762	2792	2763	
2764	2763	2794	2733	
2793	2763	2762	2794	
2794	2763	2793	2764	
2765	2764	2795	2734	
2794	2764	2763	2795	
2795	2764	2794	2765	
2766	2765	2796	2735	
2795	2765	2764	2796	
2796	2765	2795	2766	
2767	2766	2797	2736	
2796	2766	2765	2797	
2797	2766	2796	2767	
2768	2767	2798	2737	
2797	2767	2766	2798	
2798	2767	2797	2768	
2769	2768	2799	2738	
2798	2768	2767	2799	
2799	2768	2798	2769	
2770	2769	2800	2739	
2799	2769	2768	2800	
2800	2769	2799	2770	
2771	2770	2801	2740	
2800	2770	2769	2801	
2801	2770	2800	2771	
2772	2771	2802	2741	
2801	2771	2770	2802	
2802	2771	2801	2772	
2773	2772	2803	2742	
2802	2772	2771	2803	
2803	2772	2802	2773	
2774	2773	2804	2743	
2803	2773	2772	2804	
2804	2773	2803	2774	
2775	2774	2805	2744	
2804	2774	2773	2805	
2805	2774	2804	2775	
2776	2775	2806	2745	
2805	2775	2774	2806	
2806	2775	2805	2776	
2777	2776	2807	2746	
2806	2776	2775	2807	
2807	2776	2806	2777	
2778	2777	2808	2747	
2807	2777	2776	2808	
2808	2777	2807	2778	
2779	2778	2809	2748	
2808	2778	2777	2809	
2809	2778	2808	2779	
2780	2779	2810	2749	
2809	2779	2778	2810	
2810	2779	2809	2780	
2781	2780	2811	2750	
2810	2780	2779	2811	
2811	2780	2810	2781	
2782	2781	2812	2751	
2811	2781	2780	2812	
2812	2781	2811	2782	
2783	2782	2813	2752	
2812	2782	2781	2813	
2813	2782	2812	2783	
2784	2783	2814	2753	
2813	2783	2782	2814	
2814	2783	2813	2784	
2785	2784	2815	2754	
2814	2784	2783	2815	
2815	2784	2814	2785	
2786	2785	2816	2755	
2815	2785	2784	2816	
2816	2785	2815	2786	
2787	2786	2817	2756	
2816	2786	2785	2817	
2817	2786	2816	2787	
2788	2787	2818	2757	
2817	2787	2786	2818	
2818	2787	2817	2788	
2789	2788	2819	2758	
2818	2788	2787	2819	
2819	2788	2818	2789	
2790	2789	2819	2760	
2819	2789	2788	2790	
2791	2790	2821	2760	
2790	2819	2820	2789	
2820	2790	2819	2821	
2821	2790	2820	2791	
2792	2791	2822	2761	
2821	2791	2790	2822	
2822	2791	2821	2792	
2793	2792	2823	2762	
2822	2792	2791	2823	
2823	2792	2822	2793	
2794	2793	2824	2763	
2823	2793	2792	2824	
2824	2793	2823	2794	
2795	2794	2825	2764	
2824	2794	2793	2825	
2825	2794	2824	2795	
2796	2795	2826	2765	
2825	2795	2794	2826	
2826	2795	2825	2796	
2797	2796	2827	2766	
2826	2796	2795	2827	
2827	2796	2826	2797	
2798	2797	2828	2767	
2827	2797	2796	2828	
2828	2797	2827	2798	
2799	2798	2829	2768	
2828	2798	2797	2829	
2829	2798	2828	2799	
2800	2799	2830	2769	
2829	2799	2798	2830	
2830	2799	2829	2800	
2801	2800	2831	2770	
2830	2800	2799	2831	
2831	2800	2830	2801	
2802	2801	2832	2771	
2831	2801	2800	2832	
2832	2801	2831	2802	
2803	2802	2833	2772	
2832	2802	2801	2833	
2833	2802	2832	2803	
2804	2803	2834	2773	
2833	2803	2802	2834	
2834	2803	2833	2804	
2805	2804	2835	2774	
2834	2804	2803	2835	
2835	2804	2834	2805	
2806	2805	2836	2775	
2835	2805	2804	2836	
2836	2805	2835	2806	
2807	2806	2837	2776	
2836	2806	2805	2837	
2837	2806	2836	2807	
2808	2807	2838	2777	
2837	2807	2806	2838	
2838	2807	2837	2808	
2809	2808	2839	2778	
2838	2808	2807	2839	
2839	2808	2838	2809	
2810	2809	2840	2779	
2839	2809	2808	2840	
2840	2809	2839	2810	
2811	2810	2841	2780	
2840	2810	2809	2841	
2841	2810	2840	2811	
2812	2811	2842	2781	
2841	2811	2810	2842	
2842	2811	2841	2812	
2813	2812	2843	2782	
2842	2812	2811	2843	
2843	2812	2842	2813	
2814	2813	2844	2783	
2843	2813	2812	2844	
2844	2813	2843	2814	
2815	2814	2845	2784	
2844	2814	2813	2845	
2845	2814	2844	2815	
2816	2815	2846	2785	
2845	2815	2814	2846	
2846	2815	2845	2816	
2817	2816	2847	2786	
2846	2816	2815	2847	
2847	2816	2846	2817	
2818	2817	2848	2787	
2847	2817	2816	2848	
2848	2817	2847	2818	
2819	2818	2849	2788	
2848	2818	2817	2849	
2849	2818	2848	2819	
2820	2819	2849	2790	
2849	2819	2818	2820	
2821	2820	2851	2790	
2820	2849	2850	2819	
2850	2820	2849	2851	
2851	2820	2850	2821	
2822	2821	2852	2791	
2851	2821	2820	2852	
2852	2821	2851	2822	
2823	2822	2853	2792	
2852	2822	2821	2853	
2853	2822	2852	2823	
2824	2823	2854	2793	
2853	2823	2822	2854	
2854	2823	2853	2824	
2825	2824	2855	2794	
2854	2824	2823	2855	
2855	2824	2854	2825	
2826	2825	2856	2795	
2855	2825	2824	2856	
2856	2825	2855	2826	
2827	2826	2857	2796	
2856	2826	2825	2857	
2857	2826	2856	2827	
2828	2827	2858	2797	
2857	2827	2826	2858	
2858	2827	2857	2828	
2829	2828	2859	2798	
2858	2828	2827	2859	
2859	2828	2858	2829	
2830	2829	2860	2799	
2859	2829	2828	2860	
2860	2829	2859	2830	
2831	2830	2861	2800	
2860	2830	2829	2861	
2861	2830	2860	2831	
2832	2831	2862	2801	
2861	2831	2830	2862	
2862	2831	2861	2832	
2833	2832	2863	2802	
2862	2832	2831	2863	
2863	2832	2862	2833	
2834	2833	2864	2803	
2863	2833	2832	2864	
2864	2833	2863	2834	
2835	2834	2865	2804	
2864	2834	2833	2865	
2865	2834	2864	2835	
2836	2835	2866	2805	
2865	2835	2834	2866	
2866	2835	2865	2836	
2837	2836	2867	2806	
2866	2836	2835	2867	
2867	2836	2866	2837	
2838	2837	2868	2807	
2867	2837	2836	2868	
2868	2837	2867	2838	
2839	2838	2869	2808	
2868	2838	2837	2869	
2869	2838	2868	2839	
2840	2839	2870	2809	
2869	2839	2838	2870	
2870	2839	2869	2840	
2841	2840	2871	2810	
2870	2840	2839	2871	
2871	2840	2870	2841	
2842	2841	2872	2811	
2871	2841	2840	2872	
2872	2841	2871	2842	
2843	2842	2873	2812	
2872	2842	2841	2873	
2873	2842	2872	2843	
2844	2843	2874	2813	
2873	2843	2842	2874	
2874	2843	2873	2844	
2845	2844	2875	2814	
2874	2844	2843	2875	
2875	2844	2874	2845	
2846	2845	2876	2815	
2875	2845	2844	2876	
2876	2845	2875	2846	
2847	2846	2877	2816	
2876	2846	2845	2877	
2877	2846	2876	2847	
2848	2847	2878	2817	
2877	2847	2846	2878	
2878	2847	2877	2848	
2849	2848	2879	2818	
2878	2848	2847	2879	
2879	2848	2878	2849	
2850	2849	2879	2820	
2879	2849	2848	2850	
2851	2850	2881	2820	
2850	2879	2880	2849	
2880	2850	2879	2881	
2881	2850	2880	2851	
2852	2851	2882	2821	
2881	2851	2850	2882	
2882	2851	2881	2852	
2853	2852	2883	2822	
2882	2852	2851	2883	
2883	2852	2882	2853	
2854	2853	2884	2823	
2883	2853	2852	2884	
2884	2853	2883	2854	
2855	2854	2885	2824	
2884	2854	2853	2885	
2885	2854	2884	2855	
2856	2855	2886	2825	
2885	2855	2854	2886	
2886	2855	2885	2856	
2857	2856	2887	2826	
2886	2856	2855	2887	
2887	2856	2886	2857	
2858	2857	2888	2827	
2887	2857	2856	2888	
2888	2857	2887	2858	
2859	2858	2889	2828	
2888	2858	2857	2889	
2889	2858	2888	2859	
2860	2859	2890	2829	
2889	2859	2858	2890	
2890	2859	2889	2860	
2861	2860	2891	2830	
2890	2860	2859	2891	
2891	2860	2890	2861	
2862	2861	2892	2831	
2891	2861	2860	2892	
2892	2861	2891	2862	
2863	2862	2893	2832	
2892	2862	2861	2893	
2893	2862	2892	2863	
2864	2863	2894	2833	
2893	2863	2862	2894	
2894	2863	2893	2864	
2865	2864	2895	2834	
2894	2864	2863	2895	
2895	2864	2894	2865	
2866	2865	2896	2835	
2895	2865	2864	2896	
2896	2865	2895	2866	
2867	2866	2897	2836	
2896	2866	2865	2897	
2897	2866	2896	2867	
2868	2867	2898	2837	
2897	2867	2866	2898	
2898	2867	2897	2868	
2869	2868	2899	2838	
2898	2868	2867	2899	
2899	2868	2898	2869	
2870	2869	2900	2839	
2899	2869	2868	2900	
2900	2869	2899	2870	
2871	2870	2901	2840	
2900	2870	2869	2901	
2901	2870	2900	2871	
2872	2871	2902	2841	
2901	2871	2870	2902	
2902	2871	2901	2872	
2873	2872	2903	2842	
2902	2872	2871	2903	
2903	2872	2902	2873	
2874	2873	2904	2843	
2903	2873	2872	2904	
2904	2873	2903	2874	
2875	2874	2905	2844	
2904	2874	2873	2905	
2905	2874	2904	2875	
2876	2875	2906	2845	
2905	2875	2874	2906	
2906	2875	2905	2876	
2877	2876	2907	2846	
2906	2876	2875	2907	
2907	2876	2906	2877	
2878	2877	2908	2847	
2907	2877	2876	2908	
2908	2877	2907	2878	
2879	2878	2909	2848	
2908	2878	2877	2909	
2909	2878	2908	2879	
2880	2879	2909	2850	
2909	2879	2878	2880	
2881	2880	2911	2850	
2880	2909	2910	2879	
2910	2880	2909	2911	
2911	2880	2910	2881	
2882	2881	2912	2851	
2911	2881	2880	2912	
2912	2881	2911	2882	
2883	2882	2913	2852	
2912	2882	2881	2913	
2913	2882	2912	2883	
2884	2883	2914	2853	
2913	2883	2882	2914	
2914	2883	2913	2884	
2885	2884	2915	2854	
2914	2884	2883	2915	
2915	2884	2914	2885	
2886	2885	2916	2855	
2915	2885	2884	2916	
2916	2885	2915	2886	
2887	2886	2917	2856	
2916	2886	2885	2917	
2917	2886	2916	2887	
2888	2887	2918	2857	
2917	2887	2886	2918	
2918	2887	2917	2888	
2889	2888	2919	2858	
2918	2888	2887	2919	
2919	2888	2918	2889	
2890	2889	2920	2859	
2919	2889	2888	2920	
2920	2889	2919	2890	
2891	2890	2921	2860	
2920	2890	2889	2921	
2921	2890	2920	2891	
2892	2891	2922	2861	
2921	2891	2890	2922	
2922	2891	2921	2892	
2893	2892	2923	2862	
2922	2892	2891	2923	
2923	2892	2922	2893	
2894	2893	2924	2863	
2923	2893	2892	2924	
2924	2893	2923	2894	
2895	2894	2925	2864	
2924	2894	2893	2925	
2925	2894	2924	2895	
2896	2895	2926	2865	
2925	2895	2894	2926	
2926	2895	2925	2896	
2897	2896	2927	2866	
2926	2896	2895	2927	
2927	2896	2926	2897	
2898	2897	2928	2867	
2927	2897	2896	2928	
2928	2897	2927	2898	
2899	2898	2929	2868	
2928	2898	2897	2929	
2929	2898	2928	2899	
2900	2899	2930	2869	
2929	2899	2898	2930	
2930	2899	2929	2900	
2901	2900	2931	2870	
2930	2900	2899	2931	
2931	2900	2930	2901	
2902	2901	2932	2871	
2931	2901	2900	2932	
2932	2901	2931	2902	
2903	2902	2933	2872	
2932	2902	2901	2933	
2933	2902	2932	2903	
2904	2903	2934	2873	
2933	2903	2902	2934	
2934	2903	2933	2904	
2905	2904	2935	2874	
2934	2904	2903	2935	
2935	2904	2934	2905	
2906	2905	2936	2875	
2935	2905	2904	2936	
2936	2905	2935	2906	
2907	2906	2937	2876	
2936	2906	2905	2937	
2937	2906	2936	2907	
2908	2907	2938	2877	
2937	2907	2906	2938	
2938	2907	2937	2908	
2909	2908	2939	2878	
2938	2908	2907	2939	
2939	2908	2938	2909	
2910	2909	2939	2880	
2939	2909	2908	2910	
2911	2910	2941	2880	
2910	2939	2940	2909	
2940	2910	2939	2941	
2941	2910	2940	2911	
2912	2911	2942	2881	
2941	2911	2910	2942	
2942	2911	2941	2912	
2913	2912	2943	2882	
2942	2912	2911	2943	
2943	2912	2942	2913	
2914	2913	2944	2883	
2943	2913	2912	2944	
2944	2913	2943	2914	
2915	2914	2945	2884	
2944	2914	2913	2945	
2945	2914	2944	2915	
2916	2915	2946	2885	
2945	2915	2914	2946	
2946	2915	2945	2916	
2917	2916	2947	2886	
2946	2916	2915	2947	
2947	2916	2946	2917	
2918	2917	2948	2887	
2947	2917	2916	2948	
2948	2917	2947	2918	
2919	2918	2949	2888	
2948	2918	2917	2949	
2949	2918	2948	2919	
2920	2919	2950	2889	
2949	2919	2918	2950	
2950	2919	2949	2920	
2921	2920	2951	2890	
2950	2920	2919	2951	
2951	2920	2950	2921	
2922	2921	2952	2891	
2951	2921	2920	2952	
2952	2921	2951	2922	
2923	2922	2953	2892	
2952	2922	2921	2953	
2953	2922	2952	2923	
2924	2923	2954	2893	
2953	2923	2922	2954	
2954	2923	2953	2924	
2925	2924	2955	2894	
2954	2924	2923	2955	
2955	2924	2954	2925	
2926	2925	2956	2895	
2955	2925	2924	2956	
2956	2925	2955	2926	
2927	2926	2957	2896	
2956	2926	2925	2957	
2957	2926	2956	2927	
2928	2927	2958	2897	
2957	2927	2926	2958	
2958	2927	2957	2928	
2929	2928	2959	2898	
2958	2928	2927	2959	
2959	2928	2958	2929	
2930	2929	2960	2899	
2959	2929	2928	2960	
2960	2929	2959	2930	
2931	2930	2961	2900	
2960	2930	2929	2961	
2961	2930	2960	2931	
2932	2931	2962	2901	
2961	2931	2930	2962	
2962	2931	2961	2932	
2933	2932	2963	2902	
2962	2932	2931	2963	
2963	2932	2962	2933	
2934	2933	2964	2903	
2963	2933	2932	2964	
2964	2933	2963	2934	
2935	2934	2965	2904	
2964	2934	2933	2965	
2965	2934	2964	2935	
2936	2935	2966	2905	
2965	2935	2934	2966	
2966	2935	2965	2936	
2937	2936	2967	2906	
2966	2936	2935	2967	
2967	2936	2966	2937	
2938	2937	2968	2907	
2967	2937	2936	2968	
2968	2937	2967	2938	
2939	2938	2969	2908	
2968	2938	2937	2969	
2969	2938	2968	2939	
2940	2939	2969	2910	
2969	2939	2938	2940	
2941	2940	2971	2910	
2940	2969	2970	2939	
2970	2940	2969	2971	
2971	2940	2970	2941	
2942	2941	2972	2911	
2971	2941	2940	2972	
2972	2941	2971	2942	
2943	2942	2973	2912	
2972	2942	2941	2973	
2973	2942	2972	2943	
2944	2943	2974	2913	
2973	2943	2942	2974	
2974	2943	2973	2944	
2945	2944	2975	2914	
2974	2944	2943	2975	
2975	2944	2974	2945	
2946	2945	2976	2915	
2975	2945	2944	2976	
2976	2945	2975	2946	
2947	2946	2977	2916	
2976	2946	2945	2977	
2977	2946	2976	2947	
2948	2947	2978	2917	
2977	2947	2946	2978	
2978	2947	2977	2948	
2949	2948	2979	2918	
2978	2948	2947	2979	
2979	2948	2978	2949	
2950	2949	2980	2919	
2979	2949	2948	2980	
2980	2949	2979	2950	
2951	2950	2981	2920	
2980	2950	2949	2981	
2981	2950	2980	2951	
2952	2951	2982	2921	
2981	2951	2950	2982	
2982	2951	2981	2952	
2953	2952	2983	2922	
2982	2952	2951	2983	
2983	2952	2982	2953	
2954	2953	2984	2923	
2983	2953	2952	2984	
2984	2953	2983	2954	
2955	2954	2985	2924	
2984	2954	2953	2985	
2985	2954	2984	2955	
2956	2955	2986	2925	
2985	2955	2954	2986	
2986	2955	2985	2956	
2957	2956	2987	2926	
2986	2956	2955	2987	
2987	2956	2986	2957	
2958	2957	2988	2927	
2987	2957	2956	2988	
2988	2957	2987	2958	
2959	2958	2989	2928	
2988	2958	2957	2989	
2989	2958	2988	2959	
2960	2959	2990	2929	
2989	2959	2958	2990	
2990	2959	2989	2960	
2961	2960	2991	2930	
2990	2960	2959	2991	
2991	2960	2990	2961	
2962	2961	2992	2931	
2991	2961	2960	2992	
2992	2961	2991	2962	
2963	2962	2993	2932	
2992	2962	2961	2993	
2993	2962	2992	2963	
2964	2963	2994	2933	
2993	2963	2962	2994	
2994	2963	2993	2964	
2965	2964	2995	2934	
2994	2964	2963	2995	
2995	2964	2994	2965	
2966	2965	2996	2935	
2995	2965	2964	2996	
2996	2965	2995	2966	
2967	2966	2997	2936	
2996	2966	2965	2997	
2997	2966	2996	2967	
2968	2967	2998	2937	
2997	2967	2966	2998	
2998	2967	2997	2968	
2969	2968	2999	2938	
2998	2968	2967	2999	
2999	2968	2998	2969	
2970	2969	2999	2940	
2999	2969	2968	2970	
2971	2970	3001	2940	
2970	2999	3000	2969	
3000	2970	2999	3001	
3001	2970	3000	2971	
2972	2971	3002	2941	
3001	2971	2970	3002	
3002	2971	3001	2972	
2973	2972	3003	2942	
3002	2972	2971	3003	
3003	2972	3002	2973	
2974	2973	3004	2943	
3003	2973	2972	3004	
3004	2973	3003	2974	
2975	2974	3005	2944	
3004	2974	2973	3005	
3005	2974	3004	2975	
2976	2975	3006	2945	
3005	2975	2974	3006	
3006	2975	3005	2976	
2977	2976	3007	2946	
3006	2976	2975	3007	
3007	2976	3006	2977	
2978	2977	3008	2947	
3007	2977	2976	3008	
3008	2977	3007	2978	
2979	2978	3009	2948	
3008	2978	2977	3009	
3009	2978	3008	2979	
2980	2979	3010	2949	
3009	2979	2978	3010	
3010	2979	3009	2980	
2981	2980	3011	2950	
3010	2980	2979	3011	
3011	2980	3010	2981	
2982	2981	3012	2951	
3011	2981	2980	3012	
3012	2981	3011	2982	
2983	2982	3013	2952	
3012	2982	2981	3013	
3013	2982	3012	2983	
2984	2983	3014	2953	
3013	2983	2982	3014	
3014	2983	3013	2984	
2985	2984	3015	2954	
3014	2984	2983	3015	
3015	2984	3014	2985	
2986	2985	3016	2955	
3015	2985	2984	3016	
3016	2985	3015	2986	
2987	2986	3017	2956	
3016	2986	2985	3017	
3017	2986	3016	2987	
2988	2987	3018	2957	
3017	2987	2986	3018	
3018	2987	3017	2988	
2989	2988	3019	2958	
3018	2988	2987	3019	
3019	2988	3018	2989	
2990	2989	3020	2959	
3019	2989	2988	3020	
3020	2989	3019	2990	
2991	2990	3021	2960	
3020	2990	2989	3021	
3021	2990	3020	2991	
2992	2991	3022	2961	
3021	2991	2990	3022	
3022	2991	3021	2992	
2993	2992	3023	2962	
3022	2992	2991	3023	
3023	2992	3022	2993	
2994	2993	3024	2963	
3023	2993	2992	3024	
3024	2993	3023	2994	
2995	2994	3025	2964	
3024	2994	2993	3025	
3025	2994	3024	2995	
2996	2995	3026	2965	
3025	2995	2994	3026	
3026	2995	3025	2996	
2997	2996	3027	2966	
3026	2996	2995	3027	
3027	2996	3026	2997	
2998	2997	3028	2967	
3027	2997	2996	3028	
3028	2997	3027	2998	
2999	2998	3029	2968	
3028	2998	2997	3029	
3029	2998	3028	2999	
3000	2999	3029	2970	
3029	2999	2998	3000	
3128	3031	3127	-1	
3129	3032	3128	-1	
3130	3033	3129	-1	
3131	3034	3130	-1	
3132	3035	3131	-1	
3044	3037	3030	-1	
3045	3038	3031	-1	
3134	3038	3139	-1	
3133	3038	3140	-1	
3046	3039	3032	-1	
3135	3039	3140	-1	
3134	3039	3141	-1	
3047	3040	3033	-1	
3136	3040	3141	-1	
3135	3040	3142	-1	
3048	3041	3034	-1	
3137	3041	3142	-1	
3136	3041	3143	-1	
3049	3042	3035	-1	
3138	3042	3143	-1	
3137	3042	3144	-1	
3050	3043	3036	-1	
3051	3044	3037	-1	
3052	3045	3038	-1	
3140	3045	3145	-1	
3139	3045	3146	-1	
3053	3046	3039	-1	
3141	3046	3146	-1	
3140	3046	3147	-1	
3054	3047	3040	-1	
3142	3047	3147	-1	
3141	3047	3148	-1	
3055	3048	3041	-1	
3143	3048	3148	-1	
3142	3048	3149	-1	
3056	3049	3042	-1	
3144	3049	3149	-1	
3143	3049	3150	-1	
3057	3050	3043	-1	
3058	3051	3044	-1	
3059	3052	3045	-1	
3146	3052	3151	-1	
3145	3052	3152	-1	
3060	3053	3046	-1	
3147	3053	3152	-1	
3146	3053	3153	-1	
3061	3054	3047	-1	
3148	3054	3153	-1	
3147	3054	3154	-1	
3062	3055	3048	-1	
3149	3055	3154	-1	
3148	3055	3155	-1	
3063	3056	3049	-1	
3150	3056	3155	-1	
3149	3056	3156	-1	
3064	3057	3050	-1	
3065	3058	3051	-1	
3066	3059	3052	-1	
3152	3059	3157	-1	
3151	3059	3158	-1	
3067	3060	3053	-1	
3153	3060	3158	-1	
3152	3060	3159	-1	
3068	3061	3054	-1	
3154	3061	3159	-1	
3153	3061	3160	-1	
3069	3062	3055	-1	
3155	3062	3160	-1	
3154	3062	3161	-1	
3070	3063	3056	-1	
3156	3063	3161	-1	
3155	3063	3162	-1	
3071	3064	3057	-1	
3072	3065	3058	-1	
3073	3066	3059	-1	
3158	3066	3163	-1	
3157	3066	3164	-1	
3074	3067	3060	-1	
3159	3067	3164	-1	
3158	3067	3165	-1	
3075	3068	3061	-1	
3160	3068	3165	-1	
3159	3068	3166	-1	
3076	3069	3062	-1	
3161	3069	3166	-1	
3160	3069	3167	-1	
3077	3070	3063	-1	
3162	3070	3167	-1	
3161	3070	3168	-1	
3078	3071	3064	-1	
3079	3072	3065	-1	
3080	3073	3066	-1	
3164	3073	3169	-1	
3163	3073	3170	-1	
3081	3074	3067	-1	
3165	3074	3170	-1	
3164	3074	3171	-1	
3082	3075	3068	-1	
3166	3075	3171	-1	
3165	3075	3172	-1	
3083	3076	3069	-1	
3167	3076	3172	-1	
3166	3076	3173	-1	
3084	3077	3070	-1	
3168	3077	3173	-1	
3167	3077	3174	-1	
3085	3078	3071	-1	
3086	3079	3072	-1	
3087	3080	3073	-1	
3170	3080	3175	-1	
3169	3080	3176	-1	
3088	3081	3074	-1	
3171	3081	3176	-1	
3170	3081	3177	-1	
3089	3082	3075	-1	
3172	3082	3177	-1	
3171	3082	3178	-1	
3090	3083	3076	-1	
3173	3083	3178	-1	
3172	3083	3179	-1	
3091	3084	3077	-1	
3174	3084	3179	-1	
3173	3084	3180	-1	
3092	3085	3078	-1	
3093	3086	3079	-1	
3094	3087	3080	-1	
3176	3087	3181	-1	
3175	3087	3182	-1	
3095	3088	3081	-1	
3177	3088	3182	-1	
3176	3088	3183	-1	
3096	3089	3082	-1	
3178	3089	3183	-1	
3177	3089	3184	-1	
3097	3090	3083	-1	
3179	3090	3184	-1	
3178	3090	3185	-1	
3098	3091	3084	-1	
3180	3091	3185	-1	
3179	3091	3186	-1	
3099	3092	3085	-1	
3100	3093	3086	-1	
3101	3094	3087	-1	
3182	3094	3187	-1	
3181	3094	3188	-1	
3102	3095	3088	-1	
3183	3095	3188	-1	
3182	3095	3189	-1	
3103	3096	3089	-1	
3184	3096	3189	-1	
3183	3096	3190	-1	
3104	3097	3090	-1	
3185	3097	3190	-1	
3184	3097	3191	-1	
3105	3098	3091	-1	
3186	3098	3191	-1	
3185	3098	3192	-1	
3106	3099	3092	-1	
3107	3100	3093	-1	
3108	3101	3094	-1	
3188	3101	3193	-1	
3187	3101	3194	-1	
3109	3102	3095	-1	
3189	3102	3194	-1	
3188	3102	3195	-1	
3110	3103	3096	-1	
3190	3103	3195	-1	
3189	3103	3196	-1	
3111	3104	3097	-1	
3191	3104	3196	-1	
3190	3104	3197	-1	
3112	3105	3098	-1	
3192	3105	3197	-1	
3191	3105	3198	-1	
3113	3106	3099	-1	
3114	3107	3100	-1	
3115	3108	3101	-1	
3194	3108	3199	-1	
3193	3108	3200	-1	
3116	3109	3102	-1	
3195	3109	3200	-1	
3194	3109	3201	-1	
3117	3110	3103	-1	
3196	3110	3201	-1	
3195	3110	3202	-1	
3118	3111	3104	-1	
3197	3111	3202	-1	
3196	3111	3203	-1	
3119	3112	3105	-1	
3198	3112	3203	-1	
3197	3112	3204	-1	
3120	3113	3106	-1	
3121	3114	3107	-1	
3122	3115	3108	-1	
3200	3115	3205	-1	
3123	3119	3112	-1	
3203	3119	3210	-1	
3124	3120	3113	-1	
3125	3121	3114	-1	
3126	3124	3120	-1	
3031	3127	3030	-1	
3032	3128	3031	-1	
3033	3129	3032	-1	
3034	3130	3033	-1	
3035	3131	3034	-1	
3036	3132	3035	-1	
3139	3133	3127	-1	
3038	3133	3030	-1	
3037	3133	3031	-1	
3140	3134	3128	-1	
3039	3134	3031	-1	
3038	3134	3032	-1	
3141	3135	3129	-1	
3040	3135	3032	-1	
3039	3135	3033	-1	
3142	3136	3130	-1	
3041	3136	3033	-1	
3040	3136	3034	-1	
3143	3137	3131	-1	
3042	3137	3034	-1	
3041	3137	3035	-1	
3144	3138	3132	-1	
3043	3138	3035	-1	
3042	3138	3036	-1	
3145	3139	3133	-1	
3045	3139	3037	-1	
3044	3139	3038	-1	
3146	3140	3134	-1	
3046	3140	3038	-1	
3045	3140	3039	-1	
3147	3141	3135	-1	
3047	3141	3039	-1	
3046	3141	3040	-1	
3148	3142	3136	-1	
3048	3142	3040	-1	
3047	3142	3041	-1	
3149	3143	3137	-1	
3049	3143	3041	-1	
3048	3143	3042	-1	
3150	3144	3138	-1	
3050	3144	3042	-1	
3049	3144	3043	-1	
3151	3145	3139	-1	
3052	3145	3044	-1	
3051	3145	3045	-1	
3152	3146	3140	-1	
3053	3146	3045	-1	
3052	3146	3046	-1	
3153	3147	3141	-1	
3054	3147	3046	-1	
3053	3147	3047	-1	
3154	3148	3142	-1	
3055	3148	3047	-1	
3054	3148	3048	-1	
3155	3149	3143	-1	
3056	3149	3048	-1	
3055	3149	3049	-1	
3156	3150	3144	-1	
3057	3150	3049	-1	
3056	3150	3050	-1	
3157	3151	3145	-1	
3059	3151	3051	-1	
3058	3151	3052	-1	
3158	3152	3146	-1	
3060	3152	3052	-1	
3059	3152	3053	-1	
3159	3153	3147	-1	
3061	3153	3053	-1	
3060	3153	3054	-1	
3160	3154	3148	-1	
3062	3154	3054	-1	
3061	3154	3055	-1	
3161	3155	3149	-1	
3063	3155	3055	-1	
3062	3155	3056	-1	
3162	3156	3150	-1	
3064	3156	3056	-1	
3063	3156	3057	-1	
3163	3157	3151	-1	
3066	3157	3058	-1	
3065	3157	3059	-1	
3164	3158	3152	-1	
3067	3158	3059	-1	
3066	3158	3060	-1	
3165	3159	3153	-1	
3068	3159	3060	-1	
3067	3159	3061	-1	
3166	3160	3154	-1	
3069	3160	3061	-1	
3068	3160	3062	-1	
3167	3161	3155	-1	
3070	3161	3062	-1	
3069	3161	3063	-1	
3168	3162	3156	-1	
3071	3162	3063	-1	
3070	3162	3064	-1	
3169	3163	3157	-1	
3073	3163	3065	-1	
3072	3163	3066	-1	
3170	3164	3158	-1	
3074	3164	3066	-1	
3073	3164	3067	-1	
3171	3165	3159	-1	
3075	3165	3067	-1	
3074	3165	3068	-1	
3172	3166	3160	-1	
3076	3166	3068	-1	
3075	3166	3069	-1	
3173	3167	3161	-1	
3077	3167	3069	-1	
3076	3167	3070	-1	
3174	3168	3162	-1	
3078	3168	3070	-1	
3077	3168	3071	-1	
3175	3169	3163	-1	
3080	3169	3072	-1	
3079	3169	3073	-1	
3176	3170	3164	-1	
3081	3170	3073	-1	
3080	3170	3074	-1	
3177	3171	3165	-1	
3082	3171	3074	-1	
3081	3171	3075	-1	
3178	3172	3166	-1	
3083	3172	3075	-1	
3082	3172	3076	-1	
3179	3173	3167	-1	
3084	3173	3076	-1	
3083	3173	3077	-1	
3180	3174	3168	-1	
3085	3174	3077	-1	
3084	3174	3078	-1	
3181	3175	3169	-1	
3087	3175	3079	-1	
3086	3175	3080	-1	
3182	3176	3170	-1	
3088	3176	3080	-1	
3087	3176	3081	-1	
3183	3177	3171	-1	
3089	3177	3081	-1	
3088	3177	3082	-1	
3184	3178	3172	-1	
3090	3178	3082	-1	
3089	3178	3083	-1	
3185	3179	3173	-1	
3091	3179	3083	-1	
3090	3179	3084	-1	
3186	3180	3174	-1	
3092	3180	3084	-1	
3091	3180	3085	-1	
3187	3181	3175	-1	
3094	3181	3086	-1	
3093	3181	3087	-1	
3188	3182	3176	-1	
3095	3182	3087	-1	
3094	3182	3088	-1	
3189	3183	3177	-1	
3096	3183	3088	-1	
3095	3183	3089	-1	
3190	3184	3178	-1	
3097	3184	3089	-1	
3096	3184	3090	-1	
3191	3185	3179	-1	
3098	3185	3090	-1	
3097	3185	3091	-1	
3192	3186	3180	-1	
3099	3186	3091	-1	
3098	3186	3092	-1	
3193	3187	3181	-1	
3101	3187	3093	-1	
3100	3187	3094	-1	
3194	3188	3182	-1	
3102	3188	3094	-1	
3101	3188	3095	-1	
3195	3189	3183	-1	
3103	3189	3095	-1	
3102	3189	3096	-1	
3196	3190	3184	-1	
3104	3190	3096	-1	
3103	3190	3097	-1	
3197	3191	3185	-1	
3105	3191	3097	-1	
3104	3191	3098	-1	
3198	3192	3186	-1	
3106	3192	3098	-1	
3105	3192	3099	-1	
3199	3193	3187	-1	
3108	3193	3100	-1	
3107	3193	3101	-1	
3200	3194	3188	-1	
3109	3194	3101	-1	
3108	3194	3102	-1	
3201	3195	3189	-1	
3110	3195	3102	-1	
3109	3195	3103	-1	
3202	3196	3190	-1	
3111	3196	3103	-1	
3110	3196	3104	-1	
3203	3197	3191	-1	
3112	3197	3104	-1	
3111	3197	3105	-1	
3204	3198	3192	-1	
3113	3198	3105	-1	
3112	3198	3106	-1	
3205	3199	3193	-1	
3115	3199	3107	-1	
3114	3199	3108	-1	
3206	3200	3194	-1	
3116	3200	3108	-1	
3115	3200	3109	-1	
3207	3201	3195	-1	
3116	3201	3110	-1	
3208	3202	3196	-1	
3118	3202	3110	-1	
3209	3203	3197	-1	
3119	3203	3111	-1	
3118	3203	3112	-1	
3210	3204	3198	-1	
3120	3204	3112	-1	
3119	3204	3113	-1	
3211	3205	3199	-1	
3121	3205	3115	-1	
3212	3210	3204	-1	
3124	3210	3119	-1	
3311	3214	3310	-1	
3312	3215	3311	-1	
3313	3216	3312	-1	
3314	3217	3313	-1	
3315	3218	3314	-1	
3227	3220	3213	-1	
3228	3221	3214	-1	
3317	3221	3322	-1	
3316	3221	3323	-1	
3229	3222	3215	-1	
3318	3222	3323	-1	
3317	3222	3324	-1	
3230	3223	3216	-1	
3319	3223	3324	-1	
3318	3223	3325	-1	
3231	3224	3217	-1	
3320	3224	3325	-1	
3319	3224	3326	-1	
3232	3225	3218	-1	
3321	3225	3326	-1	
3320	3225	3327	-1	
3233	3226	3219	-1	
3234	3227	3220	-1	
3235	3228	3221	-1	
3323	3228	3328	-1	
3322	3228	3329	-1	
3236	3229	3222	-1	
3324	3229	3329	-1	
3323	3229	3330	-1	
3237	3230	3223	-1	
3325	3230	3330	-1	
3324	3230	3331	-1	
3238	3231	3224	-1	
3326	3231	3331	-1	
3325	3231	3332	-1	
3239	3232	3225	-1	
3327	3232	3332	-1	
3326	3232	3333	-1	
3240	3233	3226	-1	
3241	3234	3227	-1	
3242	3235	3228	-1	
3329	3235	3334	-1	
3328	3235	3335	-1	
3243	3236	3229	-1	
3330	3236	3335	-1	
3329	3236	3336	-1	
3244	3237	3230	-1	
3331	3237	3336	-1	
3330	3237	3337	-1	
3245	3238	3231	-1	
3332	3238	3337	-1	
3331	3238	3338	-1	
3246	3239	3232	-1	
3333	3239	3338	-1	
3332	3239	3339	-1	
3247	3240	3233	-1	
3248	3241	3234	-1	
3249	3242	3235	-1	
3335	3242	3340	-1	
3334	3242	3341	-1	
3250	3243	3236	-1	
3336	3243	3341	-1	
3335	3243	3342	-1	
3251	3244	3237	-1	
3337	3244	3342	-1	
3336	3244	3343	-1	
3252	3245	3238	-1	
3338	3245	3343	-1	
3337	3245	3344	-1	
3253	3246	3239	-1	
3339	3246	3344	-1	
3338	3246	3345	-1	
3254	3247	3240	-1	
3255	3248	3241	-1	
3256	3249	3242	-1	
3341	3249	3346	-1	
3340	3249	3347	-1	
3257	3250	3243	-1	
3342	3250	3347	-1	
3341	3250	3348	-1	
3258	3251	3244	-1	
3343	3251	3348	-1	
3342	3251	3349	-1	
3259	3252	3245	-1	
3344	3252	3349	-1	
3343	3252	3350	-1	
3260	3253	3246	-1	
3345	3253	3350	-1	
3344	3253	3351	-1	
3261	3254	3247	-1	
3262	3255	3248	-1	
3263	3256	3249	-1	
3347	3256	3352	-1	
3346	3256	3353	-1	
3264	3257	3250	-1	
3348	3257	3353	-1	
3347	3257	3354	-1	
3265	3258	3251	-1	
3349	3258	3354	-1	
3348	3258	3355	-1	
3266	3259	3252	-1	
3350	3259	3355	-1	
3349	3259	3356	-1	
3267	3260	3253	-1	
3351	3260	3356	-1	
3350	3260	3357	-1	
3268	3261	3254	-1	
3269	3262	3255	-1	
3270	3263	3256	-1	
3353	3263	3358	-1	
3352	3263	3359	-1	
3271	3264	3257	-1	
3354	3264	3359	-1	
3353	3264	3360	-1	
3272	3265	3258	-1	
3355	3265	3360	-1	
3354	3265	3361	-1	
3273	3266	3259	-1	
3356	3266	3361	-1	
3355	3266	3362	-1	
3274	3267	3260	-1	
3357	3267	3362	-1	
3356	3267	3363	-1	
3275	3268	3261	-1	
3276	3269	3262	-1	
3277	3270	3263	-1	
3359	3270	3364	-1	
3358	3270	3365	-1	
3278	3271	3264	-1	
3360	3271	3365	-1	
3359	3271	3366	-1	
3279	3272	3265	-1	
3361	3272	3366	-1	
3360	3272	3367	-1	
3280	3273	3266	-1	
3362	3273	3367	-1	
3361	3273	3368	-1	
3281	3274	3267	-1	
3363	3274	3368	-1	
3362	3274	3369	-1	
3282	3275	3268	-1	
3283	3276	3269	-1	
3284	3277	3270	-1	
3365	3277	3370	-1	
3364	3277	3371	-1	
3285	3278	3271	-1	
3366	3278	3371	-1	
3365	3278	3372	-1	
3286	3279	3272	-1	
3367	3279	3372	-1	
3366	3279	3373	-1	
3287	3280	3273	-1	
3368	3280	3373	-1	
3367	3280	3374	-1	
3288	3281	3274	-1	
3369	3281	3374	-1	
3368	3281	3375	-1	
3289	3282	3275	-1	
3290	3283	3276	-1	
3291	3284	3277	-1	
3371	3284	3376	-1	
3370	3284	3377	-1	
3292	3285	3278	-1	
3372	3285	3377	-1	
3371	3285	3378	-1	
3293	3286	3279	-1	
3373	3286	3378	-1	
3372	3286	3379	-1	
3294	3287	3280	-1	
3374	3287	3379	-1	
3373	3287	3380	-1	
3295	3288	3281	-1	
3375	3288	3380	-1	
3374	3288	3381	-1	
3296	3289	3282	-1	
3297	3290	3283	-1	
3298	3291	3284	-1	
3377	3291	3382	-1	
3376	3291	3383	-1	
3299	3292	3285	-1	
3378	3292	3383	-1	
3377	3292	3384	-1	
3300	3293	3286	-1	
3379	3293	3384	-1	
3378	3293	3385	-1	
3301	3294	3287	-1	
3380	3294	3385	-1	
3379	3294	3386	-1	
3302	3295	3288	-1	
3381	3295	3386	-1	
3380	3295	3387	-1	
3303	3296	3289	-1	
3304	3297	3290	-1	
3305	3298	3291	-1	
3383	3298	3388	-1	
3306	3302	3295	-1	
3386	3302	3393	-1	
3307	3303	3296	-1	
3308	3304	3297	-1	
3309	3307	3303	-1	
3214	3310	3213	-1	
3215	3311	3214	-1	
3216	3312	3215	-1	
3217	3313	3216	-1	
3218	3314	3217	-1	
3219	3315	3218	-1	
3322	3316	3310	-1	
3221	3316	3213	-1	
3220	3316	3214	-1	
3323	3317	3311	-1	
3222	3317	3214	-1	
3221	3317	3215	-1	
3324	3318	3312	-1	
3223	3318	3215	-1	
3222	3318	3216	-1	
3325	3319	3313	-1	
3224	3319	3216	-1	
3223	3319	3217	-1	
3326	3320	3314	-1	
3225	3320	3217	-1	
3224	3320	3218	-1	
3327	3321	3315	-1	
3226	3321	3218	-1	
3225	3321	3219	-1	
3328	3322	3316	-1	
3228	3322	3220	-1	
3227	3322	3221	-1	
3329	3323	3317	-1	
3229	3323	3221	-1	
3228	3323	3222	-1	
3330	3324	3318	-1	
3230	3324	3222	-1	
3229	3324	3223	-1	
3331	3325	3319	-1	
3231	3325	3223	-1	
3230	3325	3224	-1	
3332	3326	3320	-1	
3232	3326	3224	-1	
3231	3326	3225	-1	
3333	3327	3321	-1	
3233	3327	3225	-1	
3232	3327	3226	-1	
3334	3328	3322	-1	
3235	3328	3227	-1	
3234	3328	3228	-1	
3335	3329	3323	-1	
3236	3329	3228	-1	
3235	3329	3229	-1	
3336	3330	3324	-1	
3237	3330	3229	-1	
3236	3330	3230	-1	
3337	3331	3325	-1	
3238	3331	3230	-1	
3237	3331	3231	-1	
3338	3332	3326	-1	
3239	3332	3231	-1	
3238	3332	3232	-1	
3339	3333	3327	-1	
3240	3333	3232	-1	
3239	3333	3233	-1	
3340	3334	3328	-1	
3242	3334	3234	-1	
3241	3334	3235	-1	
3341	3335	3329	-1	
3243	3335	3235	-1	
3242	3335	3236	-1	
3342	3336	3330	-1	
3244	3336	3236	-1	
3243	3336	3237	-1	
3343	3337	3331	-1	
3245	3337	3237	-1	
3244	3337	3238	-1	
3344	3338	3332	-1	
3246	3338	3238	-1	
3245	3338	3239	-1	
3345	3339	3333	-1	
3247	3339	3239	-1	
3246	3339	3240	-1	
3346	3340	3334	-1	
3249	3340	3241	-1	
3248	3340	3242	-1	
3347	3341	3335	-1	
3250	3341	3242	-1	
3249	3341	3243	-1	
3348	3342	3336	-1	
3251	3342	3243	-1	
3250	3342	3244	-1	
3349	3343	3337	-1	
3252	3343	3244	-1	
3251	3343	3245	-1	
3350	3344	3338	-1	
3253	3344	3245	-1	
3252	3344	3246	-1	
3351	3345	3339	-1	
3254	3345	3246	-1	
3253	3345	3247	-1	
3352	3346	3340	-1	
3256	3346	3248	-1	
3255	3346	3249	-1	
3353	3347	3341	-1	
3257	3347	3249	-1	
3256	3347	3250	-1	
3354	3348	3342	-1	
3258	3348	3250	-1	
3257	3348	3251	-1	
3355	3349	3343	-1	
3259	3349	3251	-1	
3258	3349	3252	-1	
3356	3350	3344	-1	
3260	3350	3252	-1	
3259	3350	3253	-1	
3357	3351	3345	-1	
3261	3351	3253	-1	
3260	3351	3254	-1	
3358	3352	3346	-1	
3263	3352	3255	-1	
3262	3352	3256	-1	
3359	3353	3347	-1	
3264	3353	3256	-1	
3263	3353	3257	-1	
3360	3354	3348	-1	
3265	3354	3257	-1	
3264	3354	3258	-1	
3361	3355	3349	-1	
3266	3355	3258	-1	
3265	3355	3259	-1	
3362	3356	3350	-1	
3267	3356	3259	-1	
3266	3356	3260	-1	
3363	3357	3351	-1	
3268	3357	3260	-1	
3267	3357	3261	-1	
3364	3358	3352	-1	
3270	3358	3262	-1	
3269	3358	3263	-1	
3365	3359	3353	-1	
3271	3359	3263	-1	
3270	3359	3264	-1	
3366	3360	3354	-1	
3272	3360	3264	-1	
3271	3360	3265	-1	
3367	3361	3355	-1	
3273	3361	3265	-1	
3272	3361	3266	-1	
3368	3362	3356	-1	
3274	3362	3266	-1	
3273	3362	3267	-1	
3369	3363	3357	-1	
3275	3363	3267	-1	
3274	3363	3268	-1	
3370	3364	3358	-1	
3277	3364	3269	-1	
3276	3364	3270	-1	
3371	3365	3359	-1	
3278	3365	3270	-1	
3277	3365	3271	-1	
3372	3366	3360	-1	
3279	3366	3271	-1	
3278	3366	3272	-1	
3373	3367	3361	-1	
3280	3367	3272	-1	
3279	3367	3273	-1	
3374	3368	3362	-1	
3281	3368	3273	-1	
3280	3368	3274	-1	
3375	3369	3363	-1	
3282	3369	3274	-1	
3281	3369	3275	-1	
3376	3370	3364	-1	
3284	3370	3276	-1	
3283	3370	3277	-1	
3377	3371	3365	-1	
3285	3371	3277	-1	
3284	3371	3278	-1	
3378	3372	3366	-1	
3286	3372	3278	-1	
3285	3372	3279	-1	
3379	3373	3367	-1	
3287	3373	3279	-1	
3286	3373	3280	-1	
3380	3374	3368	-1	
3288	3374	3280	-1	
3287	3374	3281	-1	
3381	3375	3369	-1	
3289	3375	3281	-1	
3288	3375	3282	-1	
3382	3376	3370	-1	
3291	3376	3283	-1	
3290	3376	3284	-1	
3383	3377	3371	-1	
3292	3377	3284	-1	
3291	3377	3285	-1	
3384	3378	3372	-1	
3293	3378	3285	-1	
3292	3378	3286	-1	
3385	3379	3373	-1	
3294	3379	3286	-1	
3293	3379	3287	-1	
3386	3380	3374	-1	
3295	3380	3287	-1	
3294	3380	3288	-1	
3387	3381	3375	-1	
3296	3381	3288	-1	
3295	3381	3289	-1	
3388	3382	3376	-1	
3298	3382	3290	-1	
3297	3382	3291	-1	
3389	3383	3377	-1	
3299	3383	3291	-1	
3298	3383	3292	-1	
3390	3384	3378	-1	
3299	3384	3293	-1	
3391	3385	3379	-1	
3301	3385	3293	-1	
3392	3386	3380	-1	
3302	3386	3294	-1	
3301	3386	3295	-1	
3393	3387	3381	-1	
3303	3387	3295	-1	
3302	3387	3296	-1	
3394	3388	3382	-1	
3304	3388	3298	-1	
3395	3393	3387	-1	
3307	3393	3302	-1	
3494	3397	3493	-1	
3495	3398	3494	-1	
3496	3399	3495	-1	
3497	3400	3496	-1	
3498	3401	3497	-1	
3410	3403	3396	-1	
3411	3404	3397	-1	
3500	3404	3505	-1	
3499	3404	3506	-1	
3412	3405	3398	-1	
3501	3405	3506	-1	
3500	3405	3507	-1	
3413	3406	3399	-1	
3502	3406	3507	-1	
3501	3406	3508	-1	
3414	3407	3400	-1	
3503	3407	3508	-1	
3502	3407	3509	-1	
3415	3408	3401	-1	
3504	3408	3509	-1	
3503	3408	3510	-1	
3416	3409	3402	-1	
3417	3410	3403	-1	
3418	3411	3404	-1	
3506	3411	3511	-1	
3505	3411	3512	-1	
3419	3412	3405	-1	
3507	3412	3512	-1	
3506	3412	3513	-1	
3420	3413	3406	-1	
3508	3413	3513	-1	
3507	3413	3514	-1	
3421	3414	3407	-1	
3509	3414	3514	-1	
3508	3414	3515	-1	
3422	3415	3408	-1	
3510	3415	3515	-1	
3509	3415	3516	-1	
3423	3416	3409	-1	
3424	3417	3410	-1	
3425	3418	3411	-1	
3512	3418	3517	-1	
3511	3418	3518	-1	
3426	3419	3412	-1	
3513	3419	3518	-1	
3512	3419	3519	-1	
3427	3420	3413	-1	
3514	3420	3519	-1	
3513	3420	3520	-1	
3428	3421	3414	-1	
3515	3421	3520	-1	
3514	3421	3521	-1	
3429	3422	3415	-1	
3516	3422	3521	-1	
3515	3422	3522	-1	
3430	3423	3416	-1	
3431	3424	3417	-1	
3432	3425	3418	-1	
3518	3425	3523	-1	
3517	3425	3524	-1	
3433	3426	3419	-1	
3519	3426	3524	-1	
3518	3426	3525	-1	
3434	3427	3420	-1	
3520	3427	3525	-1	
3519	3427	3526	-1	
3435	3428	3421	-1	
3521	3428	3526	-1	
3520	3428	3527	-1	
3436	3429	3422	-1	
3522	3429	3527	-1	
3521	3429	3528	-1	
3437	3430	3423	-1	
3438	3431	3424	-1	
3439	3432	3425	-1	
3524	3432	3529	-1	
3523	3432	3530	-1	
3440	3433	3426	-1	
3525	3433	3530	-1	
3524	3433	3531	-1	
3441	3434	3427	-1	
3526	3434	3531	-1	
3525	3434	3532	-1	
3442	3435	3428	-1	
3527	3435	3532	-1	
3526	3435	3533	-1	
3443	3436	3429	-1	
3528	3436	3533	-1	
3527	3436	3534	-1	
3444	3437	3430	-1	
3445	3438	3431	-1	
3446	3439	3432	-1	
3530	3439	3535	-1	
3529	3439	3536	-1	
3447	3440	3433	-1	
3531	3440	3536	-1	
3530	3440	3537	-1	
3448	3441	3434	-1	
3532	3441	3537	-1	
3531	3441	3538	-1	
3449	3442	3435	-1	
3533	3442	3538	-1	
3532	3442	3539	-1	
3450	3443	3436	-1	
3534	3443	3539	-1	
3533	3443	3540	-1	
3451	3444	3437	-1	
3452	3445	3438	-1	
3453	3446	3439	-1	
3536	3446	3541	-1	
3535	3446	3542	-1	
3454	3447	3440	-1	
3537	3447	3542	-1	
3536	3447	3543	-1	
3455	3448	3441	-1	
3538	3448	3543	-1	
3537	3448	3544	-1	
3456	3449	3442	-1	
3539	3449	3544	-1	
3538	3449	3545	-1	
3457	3450	3443	-1	
3540	3450	3545	-1	
3539	3450	3546	-1	
3458	3451	3444	-1	
3459	3452	3445	-1	
3460	3453	3446	-1	
3542	3453	3547	-1	
3541	3453	3548	-1	
3461	3454	3447	-1	
3543	3454	3548	-1	
3542	3454	3549	-1	
3462	3455	3448	-1	
3544	3455	3549	-1	
3543	3455	3550	-1	
3463	3456	3449	-1	
3545	3456	3550	-1	
3544	3456	3551	-1	
3464	3457	3450	-1	
3546	3457	3551	-1	
3545	3457	3552	-1	
3465	3458	3451	-1	
3466	3459	3452	-1	
3467	3460	3453	-1	
3548	3460	3553	-1	
3547	3460	3554	-1	
3468	3461	3454	-1	
3549	3461	3554	-1	
3548	3461	3555	-1	
3469	3462	3455	-1	
3550	3462	3555	-1	
3549	3462	3556	-1	
3470	3463	3456	-1	
3551	3463	3556	-1	
3550	3463	3557	-1	
3471	3464	3457	-1	
3552	3464	3557	-1	
3551	3464	3558	-1	
3472	3465	3458	-1	
3473	3466	3459	-1	
3474	3467	3460	-1	
3554	3467	3559	-1	
3553	3467	3560	-1	
3475	3468	3461	-1	
3555	3468	3560	-1	
3554	3468	3561	-1	
3476	3469	3462	-1	
3556	3469	3561	-1	
3555	3469	3562	-1	
3477	3470	3463	-1	
3557	3470	3562	-1	
3556	3470	3563	-1	
3478	3471	3464	-1	
3558	3471	3563	-1	
3557	3471	3564	-1	
3479	3472	3465	-1	
3480	3473	3466	-1	
3481	3474	3467	-1	
3560	3474	3565	-1	
3559	3474	3566	-1	
3482	3475	3468	-1	
3561	3475	3566	-1	
3560	3475	3567	-1	
3483	3476	3469	-1	
3562	3476	3567	-1	
3561	3476	3568	-1	
3484	3477	3470	-1	
3563	3477	3568	-1	
3562	3477	3569	-1	
3485	3478	3471	-1	
3564	3478	3569	-1	
3563	3478	3570	-1	
3486	3479	3472	-1	
3487	3480	3473	-1	
3488	3481	3474	-1	
3566	3481	3571	-1	
3489	3485	3478	-1	
3569	3485	3576	-1	
3490	3486	3479	-1	
3491	3487	3480	-1	
3492	3490	3486	-1	
3397	3493	3396	-1	
3398	3494	3397	-1	
3399	3495	3398	-1	
3400	3496	3399	-1	
3401	3497	3400	-1	
3402	3498	3401	-1	
3505	3499	3493	-1	
3404	3499	3396	-1	
3403	3499	3397	-1	
3506	3500	3494	-1	
3405	3500	3397	-1	
3404	3500	3398	-1	
3507	3501	3495	-1	
3406	3501	3398	-1	
3405	3501	3399	-1	
3508	3502	3496	-1	
3407	3502	3399	-1	
3406	3502	3400	-1	
3509	3503	3497	-1	
3408	3503	3400	-1	
3407	3503	3401	-1	
3510	3504	3498	-1	
3409	3504	3401	-1	
3408	3504	3402	-1	
3511	3505	3499	-1	
3411	3505	3403	-1	
3410	3505	3404	-1	
3512	3506	3500	-1	
3412	3506	3404	-1	
3411	3506	3405	-1	
3513	3507	3501	-1	
3413	3507	3405	-1	
3412	3507	3406	-1	
3514	3508	3502	-1	
3414	3508	3406	-1	
3413	3508	3407	-1	
3515	3509	3503	-1	
3415	3509	3407	-1	
3414	3509	3408	-1	
3516	3510	3504	-1	
3416	3510	3408	-1	
3415	3510	3409	-1	
3517	3511	3505	-1	
3418	3511	3410	-1	
3417	3511	3411	-1	
3518	3512	3506	-1	
3419	3512	3411	-1	
3418	3512	3412	-1	
3519	3513	3507	-1	
3420	3513	3412	-1	
3419	3513	3413	-1	
3520	3514	3508	-1	
3421	3514	3413	-1	
3420	3514	3414	-1	
3521	3515	3509	-1	
3422	3515	3414	-1	
3421	3515	3415	-1	
3522	3516	3510	-1	
3423	3516	3415	-1	
3422	3516	3416	-1	
3523	3517	3511	-1	
3425	3517	3417	-1	
3424	3517	3418	-1	
3524	3518	3512	-1	
3426	3518	3418	-1	
3425	3518	3419	-1	
3525	3519	3513	-1	
3427	3519	3419	-1	
3426	3519	3420	-1	
3526	3520	3514	-1	
3428	3520	3420	-1	
3427	3520	3421	-1	
3527	3521	3515	-1	
3429	3521	3421	-1	
3428	3521	3422	-1	
3528	3522	3516	-1	
3430	3522	3422	-1	
3429	3522	3423	-1	
3529	3523	3517	-1	
3432	3523	3424	-1	
3431	3523	3425	-1	
3530	3524	3518	-1	
3433	3524	3425	-1	
3432	3524	3426	-1	
3531	3525	3519	-1	
3434	3525	3426	-1	
3433	3525	3427	-1	
3532	3526	3520	-1	
3435	3526	3427	-1	
3434	3526	3428	-1	
3533	3527	3521	-1	
3436	3527	3428	-1	
3435	3527	3429	-1	
3534	3528	3522	-1	
3437	3528	3429	-1	
3436	3528	3430	-1	
3535	3529	3523	-1	
3439	3529	3431	-1	
3438	3529	3432	-1	
3536	3530	3524	-1	
3440	3530	3432	-1	
3439	3530	3433	-1	
3537	3531	3525	-1	
3441	3531	3433	-1	
3440	3531	3434	-1	
3538	3532	3526	-1	
3442	3532	3434	-1	
3441	3532	3435	-1	
3539	3533	3527	-1	
3443	3533	3435	-1	
3442	3533	3436	-1	
3540	3534	3528	-1	
3444	3534	3436	-1	
3443	3534	3437	-1	
3541	3535	3529	-1	
3446	3535	3438	-1	
3445	3535	3439	-1	
3542	3536	3530	-1	
3447	3536	3439	-1	
3446	3536	3440	-1	
3543	3537	3531	-1	
3448	3537	3440	-1	
3447	3537	3441	-1	
3544	3538	3532	-1	
3449	3538	3441	-1	
3448	3538	3442	-1	
3545	3539	3533	-1	
3450	3539	3442	-1	
3449	3539	3443	-1	
3546	3540	3534	-1	
3451	3540	3443	-1	
3450	3540	3444	-1	
3547	3541	3535	-1	
3453	3541	3445	-1	
3452	3541	3446	-1	
3548	3542	3536	-1	
3454	3542	3446	-1	
3453	3542	3447	-1	
3549	3543	3537	-1	
3455	3543	3447	-1	
3454	3543	3448	-1	
3550	3544	3538	-1	
3456	3544	3448	-1	
3455	3544	3449	-1	
3551	3545	3539	-1	
3457	3545	3449	-1	
3456	3545	3450	-1	
3552	3546	3540	-1	
3458	3546	3450	-1	
3457	3546	3451	-1	
3553	3547	3541	-1	
3460	3547	3452	-1	
3459	3547	3453	-1	
3554	3548	3542	-1	
3461	3548	3453	-1	
3460	3548	3454	-1	
3555	3549	3543	-1	
3462	3549	3454	-1	
3461	3549	3455	-1	
3556	3550	3544	-1	
3463	3550	3455	-1	
3462	3550	3456	-1	
3557	3551	3545	-1	
3464	3551	3456	-1	
3463	3551	3457	-1	
3558	3552	3546	-1	
3465	3552	3457	-1	
3464	3552	3458	-1	
3559	3553	3547	-1	
3467	3553	3459	-1	
3466	3553	3460	-1	
3560	3554	3548	-1	
3468	3554	3460	-1	
3467	3554	3461	-1	
3561	3555	3549	-1	
3469	3555	3461	-1	
3468	3555	3462	-1	
3562	3556	3550	-1	
3470	3556	3462	-1	
3469	3556	3463	-1	
3563	3557	3551	-1	
3471	3557	3463	-1	
3470	3557	3464	-1	
3564	3558	3552	-1	
3472	3558	3464	-1	
3471	3558	3465	-1	
3565	3559	3553	-1	
3474	3559	3466	-1	
3473	3559	3467	-1	
3566	3560	3554	-1	
3475	3560	3467	-1	
3474	3560	3468	-1	
3567	3561	3555	-1	
3476	3561	3468	-1	
3475	3561	3469	-1	
3568	3562	3556	-1	
3477	3562	3469	-1	
3476	3562	3470	-1	
3569	3563	3557	-1	
3478	3563	3470	-1	
3477	3563	3471	-1	
3570	3564	3558	-1	
3479	3564	3471	-1	
3478	3564	3472	-1	
3571	3565	3559	-1	
3481	3565	3473	-1	
3480	3565	3474	-1	
3572	3566	3560	-1	
3482	3566	3474	-1	
3481	3566	3475	-1	
3573	3567	3561	-1	
3482	3567	3476	-1	
3574	3568	3562	-1	
3484	3568	3476	-1	
3575	3569	3563	-1	
3485	3569	3477	-1	
3484	3569	3478	-1	
3576	3570	3564	-1	
3486	3570	3478	-1	
3485	3570	3479	-1	
3577	3571	3565	-1	
3487	3571	3481	-1	
3578	3576	3570	-1	
3490	3576	3485	-1	
3677	3580	3676	-1	
3678	3581	3677	-1	
3679	3582	3678	-1	
3680	3583	3679	-1	
3681	3584	3680	-1	
3593	3586	3579	-1	
3594	3587	3580	-1	
3683	3587	3688	-1	
3682	3587	3689	-1	
3595	3588	3581	-1	
3684	3588	3689	-1	
3683	3588	3690	-1	
3596	3589	3582	-1	
3685	3589	3690	-1	
3684	3589	3691	-1	
3597	3590	3583	-1	
3686	3590	3691	-1	
3685	3590	3692	-1	
3598	3591	3584	-1	
3687	3591	3692	-1	
3686	3591	3693	-1	
3599	3592	3585	-1	
3600	3593	3586	-1	
3601	3594	3587	-1	
3689	3594	3694	-1	
3688	3594	3695	-1	
3602	3595	3588	-1	
3690	3595	3695	-1	
3689	3595	3696	-1	
3603	3596	3589	-1	
3691	3596	3696	-1	
3690	3596	3697	-1	
3604	3597	3590	-1	
3692	3597	3697	-1	
3691	3597	3698	-1	
3605	3598	3591	-1	
3693	3598	3698	-1	
3692	3598	3699	-1	
3606	3599	3592	-1	
3607	3600	3593	-1	
3608	3601	3594	-1	
3695	3601	3700	-1	
3694	3601	3701	-1	
3609	3602	3595	-1	
3696	3602	3701	-1	
3695	3602	3702	-1	
3610	3603	3596	-1	
3697	3603	3702	-1	
3696	3603	3703	-1	
3611	3604	3597	-1	
3698	3604	3703	-1	
3697	3604	3704	-1	
3612	3605	3598	-1	
3699	3605	3704	-1	
3698	3605	3705	-1	
3613	3606	3599	-1	
3614	3607	3600	-1	
3615	3608	3601	-1	
3701	3608	3706	-1	
3700	3608	3707	-1	
3616	3609	3602	-1	
3702	3609	3707	-1	
3701	3609	3708	-1	
3617	3610	3603	-1	
3703	3610	3708	-1	
3702	3610	3709	-1	
3618	3611	3604	-1	
3704	3611	3709	-1	
3703	3611	3710	-1	
3619	3612	3605	-1	
3705	3612	3710	-1	
3704	3612	3711	-1	
3620	3613	3606	-1	
3621	3614	3607	-1	
3622	3615	3608	-1	
3707	3615	3712	-1	
3706	3615	3713	-1	
3623	3616	3609	-1	
3708	3616	3713	-1	
3707	3616	3714	-1	
3624	3617	3610	-1	
3709	3617	3714	-1	
3708	3617	3715	-1	
3625	3618	3611	-1	
3710	3618	3715	-1	
3709	3618	3716	-1	
3626	3619	3612	-1	
3711	3619	3716	-1	
3710	3619	3717	-1	
3627	3620	3613	-1	
3628	3621	3614	-1	
3629	3622	3615	-1	
3713	3622	3718	-1	
3712	3622	3719	-1	
3630	3623	3616	-1	
3714	3623	3719	-1	
3713	3623	3720	-1	
3631	3624	3617	-1	
3715	3624	3720	-1	
3714	3624	3721	-1	
3632	3625	3618	-1	
3716	3625	3721	-1	
3715	3625	3722	-1	
3633	3626	3619	-1	
3717	3626	3722	-1	
3716	3626	3723	-1	
3634	3627	3620	-1	
3635	3628	3621	-1	
3636	3629	3622	-1	
3719	3629	3724	-1	
3718	3629	3725	-1	
3637	3630	3623	-1	
3720	3630	3725	-1	
3719	3630	3726	-1	
3638	3631	3624	-1	
3721	3631	3726	-1	
3720	3631	3727	-1	
3639	3632	3625	-1	
3722	3632	3727	-1	
3721	3632	3728	-1	
3640	3633	3626	-1	
3723	3633	3728	-1	
3722	3633	3729	-1	
3641	3634	3627	-1	
3642	3635	3628	-1	
3643	3636	3629	-1	
3725	3636	3730	-1	
3724	3636	3731	-1	
3644	3637	3630	-1	
3726	3637	3731	-1	
3725	3637	3732	-1	
3645	3638	3631	-1	
3727	3638	3732	-1	
3726	3638	3733	-1	
3646	3639	3632	-1	
3728	3639	3733	-1	
3727	3639	3734	-1	
3647	3640	3633	-1	
3729	3640	3734	-1	
3728	3640	3735	-1	
3648	3641	3634	-1	
3649	3642	3635	-1	
3650	3643	3636	-1	
3731	3643	3736	-1	
3730	3643	3737	-1	
3651	3644	3637	-1	
3732	3644	3737	-1	
3731	3644	3738	-1	
3652	3645	3638	-1	
3733	3645	3738	-1	
3732	3645	3739	-1	
3653	3646	3639	-1	
3734	3646	3739	-1	
3733	3646	3740	-1	
3654	3647	3640	-1	
3735	3647	3740	-1	
3734	3647	3741	-1	
3655	3648	3641	-1	
3656	3649	3642	-1	
3657	3650	3643	-1	
3737	3650	3742	-1	
3736	3650	3743	-1	
3658	3651	3644	-1	
3738	3651	3743	-1	
3737	3651	3744	-1	
3659	3652	3645	-1	
3739	3652	3744	-1	
3738	3652	3745	-1	
3660	3653	3646	-1	
3740	3653	3745	-1	
3739	3653	3746	-1	
3661	3654	3647	-1	
3741	3654	3746	-1	
3740	3654	3747	-1	
3662	3655	3648	-1	
3663	3656	3649	-1	
3664	3657	3650	-1	
3743	3657	3748	-1	
3742	3657	3749	-1	
3665	3658	3651	-1	
3744	3658	3749	-1	
3743	3658	3750	-1	
3666	3659	3652	-1	
3745	3659	3750	-1	
3744	3659	3751	-1	
3667	3660	3653	-1	
3746	3660	3751	-1	
3745	3660	3752	-1	
3668	3661	3654	-1	
3747	3661	3752	-1	
3746	3661	3753	-1	
3669	3662	3655	-1	
3670	3663	3656	-1	
3671	3664	3657	-1	
3749	3664	3754	-1	
3672	3668	3661	-1	
3752	3668	3759	-1	
3673	3669	3662	-1	
3674	3670	3663	-1	
3675	3673	3669	-1	
3580	3676	3579	-1	
3581	3677	3580	-1	
3582	3678	3581	-1	
3583	3679	3582	-1	
3584	3680	3583	-1	
3585	3681	3584	-1	
3688	3682	3676	-1	
3587	3682	3579	-1	
3586	3682	3580	-1	
3689	3683	3677	-1	
3588	3683	3580	-1	
3587	3683	3581	-1	
3690	3684	3678	-1	
3589	3684	3581	-1	
3588	3684	3582	-1	
3691	3685	3679	-1	
3590	3685	3582	-1	
3589	3685	3583	-1	
3692	3686	3680	-1	
3591	3686	3583	-1	
3590	3686	3584	-1	
3693	3687	3681	-1	
3592	3687	3584	-1	
3591	3687	3585	-1	
3694	3688	3682	-1	
3594	3688	3586	-1	
3593	3688	3587	-1	
3695	3689	3683	-1	
3595	3689	3587	-1	
3594	3689	3588	-1	
3696	3690	3684	-1	
3596	3690	3588	-1	
3595	3690	3589	-1	
3697	3691	3685	-1	
3597	3691	3589	-1	
3596	3691	3590	-1	
3698	3692	3686	-1	
3598	3692	3590	-1	
3597	3692	3591	-1	
3699	3693	3687	-1	
3599	3693	3591	-1	
3598	3693	3592	-1	
3700	3694	3688	-1	
3601	3694	3593	-1	
3600	3694	3594	-1	
3701	3695	3689	-1	
3602	3695	3594	-1	
3601	3695	3595	-1	
3702	3696	3690	-1	
3603	3696	3595	-1	
3602	3696	3596	-1	
3703	3697	3691	-1	
3604	3697	3596	-1	
3603	3697	3597	-1	
3704	3698	3692	-1	
3605	3698	3597	-1	
3604	3698	3598	-1	
3705	3699	3693	-1	
3606	3699	3598	-1	
3605	3699	3599	-1	
3706	3700	3694	-1	
3608	3700	3600	-1	
3607	3700	3601	-1	
3707	3701	3695	-1	
3609	3701	3601	-1	
3608	3701	3602	-1	
3708	3702	3696	-1	
3610	3702	3602	-1	
3609	3702	3603	-1	
3709	3703	3697	-1	
3611	3703	3603	-1	
3610	3703	3604	-1	
3710	3704	3698	-1	
3612	3704	3604	-1	
3611	3704	3605	-1	
3711	3705	3699	-1	
3613	3705	3605	-1	
3612	3705	3606	-1	
3712	3706	3700	-1	
3615	3706	3607	-1	
3614	3706	3608	-1	
3713	3707	3701	-1	
3616	3707	3608	-1	
3615	3707	3609	-1	
3714	3708	3702	-1	
3617	3708	3609	-1	
3616	3708	3610	-1	
3715	3709	3703	-1	
3618	3709	3610	-1	
3617	3709	3611	-1	
3716	3710	3704	-1	
3619	3710	3611	-1	
3618	3710	3612	-1	
3717	3711	3705	-1	
3620	3711	3612	-1	
3619	3711	3613	-1	
3718	3712	3706	-1	
3622	3712	3614	-1	
3621	3712	3615	-1	
3719	3713	3707	-1	
3623	3713	3615	-1	
3622	3713	3616	-1	
3720	3714	3708	-1	
3624	3714	3616	-1	
3623	3714	3617	-1	
3721	3715	3709	-1	
3625	3715	3617	-1	
3624	3715	3618	-1	
3722	3716	3710	-1	
3626	3716	3618	-1	
3625	3716	3619	-1	
3723	3717	3711	-1	
3627	3717	3619	-1	
3626	3717	3620	-1	
3724	3718	3712	-1	
3629	3718	3621	-1	
3628	3718	3622	-1	
3725	3719	3713	-1	
3630	3719	3622	-1	
3629	3719	3623	-1	
3726	3720	3714	-1	
3631	3720	3623	-1	
3630	3720	3624	-1	
3727	3721	3715	-1	
3632	3721	3624	-1	
3631	3721	3625	-1	
3728	3722	3716	-1	
3633	3722	3625	-1	
3632	3722	3626	-1	
3729	3723	3717	-1	
3634	3723	3626	-1	
3633	3723	3627	-1	
3730	3724	3718	-1	
3636	3724	3628	-1	
3635	3724	3629	-1	
3731	3725	3719	-1	
3637	3725	3629	-1	
3636	3725	3630	-1	
3732	3726	3720	-1	
3638	3726	3630	-1	
3637	3726	3631	-1	
3733	3727	3721	-1	
3639	3727	3631	-1	
3638	3727	3632	-1	
3734	3728	3722	-1	
3640	3728	3632	-1	
3639	3728	3633	-1	
3735	3729	3723	-1	
3641	3729	3633	-1	
3640	3729	3634	-1	
3736	3730	3724	-1	
3643	3730	3635	-1	
3642	3730	3636	-1	
3737	3731	3725	-1	
3644	3731	3636	-1	
3643	3731	3637	-1	
3738	3732	3726	-1	
3645	3732	3637	-1	
3644	3732	3638	-1	
3739	3733	3727	-1	
3646	3733	3638	-1	
3645	3733	3639	-1	
3740	3734	3728	-1	
3647	3734	3639	-1	
3646	3734	3640	-1	
3741	3735	3729	-1	
3648	3735	3640	-1	
3647	3735	3641	-1	
3742	3736	3730	-1	
3650	3736	3642	-1	
3649	3736	3643	-1	
3743	3737	3731	-1	
3651	3737	3643	-1	
3650	3737	3644	-1	
3744	3738	3732	-1	
3652	3738	3644	-1	
3651	3738	3645	-1	
3745	3739	3733	-1	
3653	3739	3645	-1	
3652	3739	3646	-1	
3746	3740	3734	-1	
3654	3740	3646	-1	
3653	3740	3647	-1	
3747	3741	3735	-1	
3655	3741	3647	-1	
3654	3741	3648	-1	
3748	3742	3736	-1	
3657	3742	3649	-1	
3656	3742	3650	-1	
3749	3743	3737	-1	
3658	3743	3650	-1	
3657	3743	3651	-1	
3750	3744	3738	-1	
3659	3744	3651	-1	
3658	3744	3652	-1	
3751	3745	3739	-1	
3660	3745	3652	-1	
3659	3745	3653	-1	
3752	3746	3740	-1	
3661	3746	3653	-1	
3660	3746	3654	-1	
3753	3747	3741	-1	
3662	3747	3654	-1	
3661	3747	3655	-1	
3754	3748	3742	-1	
3664	3748	3656	-1	
3663	3748	3657	-1	
3755	3749	3743	-1	
3665	3749	3657	-1	
3664	3749	3658	-1	
3756	3750	3744	-1	
3665	3750	3659	-1	
3757	3751	3745	-1	
3667	3751	3659	-1	
3758	3752	3746	-1	
3668	3752	3660	-1	
3667	3752	3661	-1	
3759	3753	3747	-1	
3669	3753	3661	-1	
3668	3753	3662	-1	
3760	3754	3748	-1	
3670	3754	3664	-1	
3761	3759	3753	-1	
3673	3759	3668	-1	
