   2.0149500e+02   1.9445219e+01   2.9500000e+01
   2.0149500e+02   2.1524336e+01   2.9281476e+01
   2.0149500e+02   2.3512585e+01   2.8635455e+01
   2.0149500e+02   2.5323071e+01   2.7590170e+01
   2.0149500e+02   2.6876667e+01   2.6191306e+01
   2.0149500e+02   2.8105473e+01   2.4500000e+01
   2.0149500e+02   2.8955784e+01   2.2590170e+01
   2.0149500e+02   2.9390438e+01   2.0545285e+01
   2.0149500e+02   2.9390438e+01   1.8454715e+01
   2.0149500e+02   2.8955784e+01   1.6409830e+01
   2.0149500e+02   2.8105473e+01   1.4500000e+01
   2.0149500e+02   2.6876667e+01   1.2808694e+01
   2.0149500e+02   2.5323071e+01   1.1409830e+01
   2.0149500e+02   2.3512585e+01   1.0364545e+01
   2.0149500e+02   2.1524336e+01   9.7185240e+00
   2.0149500e+02   1.9445219e+01   9.5000000e+00
   2.0149500e+02   1.7366102e+01   9.7185240e+00
   2.0149500e+02   1.5377853e+01   1.0364545e+01
   2.0149500e+02   1.3567366e+01   1.1409830e+01
   2.0149500e+02   1.2013771e+01   1.2808694e+01
   2.0149500e+02   1.0784965e+01   1.4500000e+01
   2.0149500e+02   9.9346538e+00   1.6409830e+01
   2.0149500e+02   9.5000000e+00   1.8454715e+01
   2.0149500e+02   9.5000000e+00   2.0545285e+01
   2.0149500e+02   9.9346538e+00   2.2590170e+01
   2.0149500e+02   1.0784965e+01   2.4500000e+01
   2.0149500e+02   1.2013771e+01   2.6191306e+01
   2.0149500e+02   1.3567366e+01   2.7590170e+01
   2.0149500e+02   1.5377853e+01   2.8635455e+01
   2.0149500e+02   1.7366102e+01   2.9281476e+01
   1.9947500e+02   1.9445219e+01   2.9500000e+01
   1.9947500e+02   2.1524336e+01   2.9281476e+01
   1.9947500e+02   2.3512585e+01   2.8635455e+01
   1.9947500e+02   2.5323071e+01   2.7590170e+01
   1.9947500e+02   2.6876667e+01   2.6191306e+01
   1.9947500e+02   2.8105473e+01   2.4500000e+01
   1.9947500e+02   2.8955784e+01   2.2590170e+01
   1.9947500e+02   2.9390438e+01   2.0545285e+01
   1.9947500e+02   2.9390438e+01   1.8454715e+01
   1.9947500e+02   2.8955784e+01   1.6409830e+01
   1.9947500e+02   2.8105473e+01   1.4500000e+01
   1.9947500e+02   2.6876667e+01   1.2808694e+01
   1.9947500e+02   2.5323071e+01   1.1409830e+01
   1.9947500e+02   2.3512585e+01   1.0364545e+01
   1.9947500e+02   2.1524336e+01   9.7185240e+00
   1.9947500e+02   1.9445219e+01   9.5000000e+00
   1.9947500e+02   1.7366102e+01   9.7185240e+00
   1.9947500e+02   1.5377853e+01   1.0364545e+01
   1.9947500e+02   1.3567366e+01   1.1409830e+01
   1.9947500e+02   1.2013771e+01   1.2808694e+01
   1.9947500e+02   1.0784965e+01   1.4500000e+01
   1.9947500e+02   9.9346538e+00   1.6409830e+01
   1.9947500e+02   9.5000000e+00   1.8454715e+01
   1.9947500e+02   9.5000000e+00   2.0545285e+01
   1.9947500e+02   9.9346538e+00   2.2590170e+01
   1.9947500e+02   1.0784965e+01   2.4500000e+01
   1.9947500e+02   1.2013771e+01   2.6191306e+01
   1.9947500e+02   1.3567366e+01   2.7590170e+01
   1.9947500e+02   1.5377853e+01   2.8635455e+01
   1.9947500e+02   1.7366102e+01   2.9281476e+01
   1.9745500e+02   1.9445219e+01   2.9500000e+01
   1.9745500e+02   2.1524336e+01   2.9281476e+01
   1.9745500e+02   2.3512585e+01   2.8635455e+01
   1.9745500e+02   2.5323071e+01   2.7590170e+01
   1.9745500e+02   2.6876667e+01   2.6191306e+01
   1.9745500e+02   2.8105473e+01   2.4500000e+01
   1.9745500e+02   2.8955784e+01   2.2590170e+01
   1.9745500e+02   2.9390438e+01   2.0545285e+01
   1.9745500e+02   2.9390438e+01   1.8454715e+01
   1.9745500e+02   2.8955784e+01   1.6409830e+01
   1.9745500e+02   2.8105473e+01   1.4500000e+01
   1.9745500e+02   2.6876667e+01   1.2808694e+01
   1.9745500e+02   2.5323071e+01   1.1409830e+01
   1.9745500e+02   2.3512585e+01   1.0364545e+01
   1.9745500e+02   2.1524336e+01   9.7185240e+00
   1.9745500e+02   1.9445219e+01   9.5000000e+00
   1.9745500e+02   1.7366102e+01   9.7185240e+00
   1.9745500e+02   1.5377853e+01   1.0364545e+01
   1.9745500e+02   1.3567366e+01   1.1409830e+01
   1.9745500e+02   1.2013771e+01   1.2808694e+01
   1.9745500e+02   1.0784965e+01   1.4500000e+01
   1.9745500e+02   9.9346538e+00   1.6409830e+01
   1.9745500e+02   9.5000000e+00   1.8454715e+01
   1.9745500e+02   9.5000000e+00   2.0545285e+01
   1.9745500e+02   9.9346538e+00   2.2590170e+01
   1.9745500e+02   1.0784965e+01   2.4500000e+01
   1.9745500e+02   1.2013771e+01   2.6191306e+01
   1.9745500e+02   1.3567366e+01   2.7590170e+01
   1.9745500e+02   1.5377853e+01   2.8635455e+01
   1.9745500e+02   1.7366102e+01   2.9281476e+01
   1.9543500e+02   1.9445219e+01   2.9500000e+01
   1.9543500e+02   2.1524336e+01   2.9281476e+01
   1.9543500e+02   2.3512585e+01   2.8635455e+01
   1.9543500e+02   2.5323071e+01   2.7590170e+01
   1.9543500e+02   2.6876667e+01   2.6191306e+01
   1.9543500e+02   2.8105473e+01   2.4500000e+01
   1.9543500e+02   2.8955784e+01   2.2590170e+01
   1.9543500e+02   2.9390438e+01   2.0545285e+01
   1.9543500e+02   2.9390438e+01   1.8454715e+01
   1.9543500e+02   2.8955784e+01   1.6409830e+01
   1.9543500e+02   2.8105473e+01   1.4500000e+01
   1.9543500e+02   2.6876667e+01   1.2808694e+01
   1.9543500e+02   2.5323071e+01   1.1409830e+01
   1.9543500e+02   2.3512585e+01   1.0364545e+01
   1.9543500e+02   2.1524336e+01   9.7185240e+00
   1.9543500e+02   1.9445219e+01   9.5000000e+00
   1.9543500e+02   1.7366102e+01   9.7185240e+00
   1.9543500e+02   1.5377853e+01   1.0364545e+01
   1.9543500e+02   1.3567366e+01   1.1409830e+01
   1.9543500e+02   1.2013771e+01   1.2808694e+01
   1.9543500e+02   1.0784965e+01   1.4500000e+01
   1.9543500e+02   9.9346538e+00   1.6409830e+01
   1.9543500e+02   9.5000000e+00   1.8454715e+01
   1.9543500e+02   9.5000000e+00   2.0545285e+01
   1.9543500e+02   9.9346538e+00   2.2590170e+01
   1.9543500e+02   1.0784965e+01   2.4500000e+01
   1.9543500e+02   1.2013771e+01   2.6191306e+01
   1.9543500e+02   1.3567366e+01   2.7590170e+01
   1.9543500e+02   1.5377853e+01   2.8635455e+01
   1.9543500e+02   1.7366102e+01   2.9281476e+01
   1.9341500e+02   1.9445219e+01   2.9500000e+01
   1.9341500e+02   2.1524336e+01   2.9281476e+01
   1.9341500e+02   2.3512585e+01   2.8635455e+01
   1.9341500e+02   2.5323071e+01   2.7590170e+01
   1.9341500e+02   2.6876667e+01   2.6191306e+01
   1.9341500e+02   2.8105473e+01   2.4500000e+01
   1.9341500e+02   2.8955784e+01   2.2590170e+01
   1.9341500e+02   2.9390438e+01   2.0545285e+01
   1.9341500e+02   2.9390438e+01   1.8454715e+01
   1.9341500e+02   2.8955784e+01   1.6409830e+01
   1.9341500e+02   2.8105473e+01   1.4500000e+01
   1.9341500e+02   2.6876667e+01   1.2808694e+01
   1.9341500e+02   2.5323071e+01   1.1409830e+01
   1.9341500e+02   2.3512585e+01   1.0364545e+01
   1.9341500e+02   2.1524336e+01   9.7185240e+00
   1.9341500e+02   1.9445219e+01   9.5000000e+00
   1.9341500e+02   1.7366102e+01   9.7185240e+00
   1.9341500e+02   1.5377853e+01   1.0364545e+01
   1.9341500e+02   1.3567366e+01   1.1409830e+01
   1.9341500e+02   1.2013771e+01   1.2808694e+01
   1.9341500e+02   1.0784965e+01   1.4500000e+01
   1.9341500e+02   9.9346538e+00   1.6409830e+01
   1.9341500e+02   9.5000000e+00   1.8454715e+01
   1.9341500e+02   9.5000000e+00   2.0545285e+01
   1.9341500e+02   9.9346538e+00   2.2590170e+01
   1.9341500e+02   1.0784965e+01   2.4500000e+01
   1.9341500e+02   1.2013771e+01   2.6191306e+01
   1.9341500e+02   1.3567366e+01   2.7590170e+01
   1.9341500e+02   1.5377853e+01   2.8635455e+01
   1.9341500e+02   1.7366102e+01   2.9281476e+01
   1.9139500e+02   1.9445219e+01   2.9500000e+01
   1.9139500e+02   2.1524336e+01   2.9281476e+01
   1.9139500e+02   2.3512585e+01   2.8635455e+01
   1.9139500e+02   2.5323071e+01   2.7590170e+01
   1.9139500e+02   2.6876667e+01   2.6191306e+01
   1.9139500e+02   2.8105473e+01   2.4500000e+01
   1.9139500e+02   2.8955784e+01   2.2590170e+01
   1.9139500e+02   2.9390438e+01   2.0545285e+01
   1.9139500e+02   2.9390438e+01   1.8454715e+01
   1.9139500e+02   2.8955784e+01   1.6409830e+01
   1.9139500e+02   2.8105473e+01   1.4500000e+01
   1.9139500e+02   2.6876667e+01   1.2808694e+01
   1.9139500e+02   2.5323071e+01   1.1409830e+01
   1.9139500e+02   2.3512585e+01   1.0364545e+01
   1.9139500e+02   2.1524336e+01   9.7185240e+00
   1.9139500e+02   1.9445219e+01   9.5000000e+00
   1.9139500e+02   1.7366102e+01   9.7185240e+00
   1.9139500e+02   1.5377853e+01   1.0364545e+01
   1.9139500e+02   1.3567366e+01   1.1409830e+01
   1.9139500e+02   1.2013771e+01   1.2808694e+01
   1.9139500e+02   1.0784965e+01   1.4500000e+01
   1.9139500e+02   9.9346538e+00   1.6409830e+01
   1.9139500e+02   9.5000000e+00   1.8454715e+01
   1.9139500e+02   9.5000000e+00   2.0545285e+01
   1.9139500e+02   9.9346538e+00   2.2590170e+01
   1.9139500e+02   1.0784965e+01   2.4500000e+01
   1.9139500e+02   1.2013771e+01   2.6191306e+01
   1.9139500e+02   1.3567366e+01   2.7590170e+01
   1.9139500e+02   1.5377853e+01   2.8635455e+01
   1.9139500e+02   1.7366102e+01   2.9281476e+01
   1.8937500e+02   1.9445219e+01   2.9500000e+01
   1.8937500e+02   2.1524336e+01   2.9281476e+01
   1.8937500e+02   2.3512585e+01   2.8635455e+01
   1.8937500e+02   2.5323071e+01   2.7590170e+01
   1.8937500e+02   2.6876667e+01   2.6191306e+01
   1.8937500e+02   2.8105473e+01   2.4500000e+01
   1.8937500e+02   2.8955784e+01   2.2590170e+01
   1.8937500e+02   2.9390438e+01   2.0545285e+01
   1.8937500e+02   2.9390438e+01   1.8454715e+01
   1.8937500e+02   2.8955784e+01   1.6409830e+01
   1.8937500e+02   2.8105473e+01   1.4500000e+01
   1.8937500e+02   2.6876667e+01   1.2808694e+01
   1.8937500e+02   2.5323071e+01   1.1409830e+01
   1.8937500e+02   2.3512585e+01   1.0364545e+01
   1.8937500e+02   2.1524336e+01   9.7185240e+00
   1.8937500e+02   1.9445219e+01   9.5000000e+00
   1.8937500e+02   1.7366102e+01   9.7185240e+00
   1.8937500e+02   1.5377853e+01   1.0364545e+01
   1.8937500e+02   1.3567366e+01   1.1409830e+01
   1.8937500e+02   1.2013771e+01   1.2808694e+01
   1.8937500e+02   1.0784965e+01   1.4500000e+01
   1.8937500e+02   9.9346538e+00   1.6409830e+01
   1.8937500e+02   9.5000000e+00   1.8454715e+01
   1.8937500e+02   9.5000000e+00   2.0545285e+01
   1.8937500e+02   9.9346538e+00   2.2590170e+01
   1.8937500e+02   1.0784965e+01   2.4500000e+01
   1.8937500e+02   1.2013771e+01   2.6191306e+01
   1.8937500e+02   1.3567366e+01   2.7590170e+01
   1.8937500e+02   1.5377853e+01   2.8635455e+01
   1.8937500e+02   1.7366102e+01   2.9281476e+01
   1.8735500e+02   1.9445219e+01   2.9500000e+01
   1.8735500e+02   2.1524336e+01   2.9281476e+01
   1.8735500e+02   2.3512585e+01   2.8635455e+01
   1.8735500e+02   2.5323071e+01   2.7590170e+01
   1.8735500e+02   2.6876667e+01   2.6191306e+01
   1.8735500e+02   2.8105473e+01   2.4500000e+01
   1.8735500e+02   2.8955784e+01   2.2590170e+01
   1.8735500e+02   2.9390438e+01   2.0545285e+01
   1.8735500e+02   2.9390438e+01   1.8454715e+01
   1.8735500e+02   2.8955784e+01   1.6409830e+01
   1.8735500e+02   2.8105473e+01   1.4500000e+01
   1.8735500e+02   2.6876667e+01   1.2808694e+01
   1.8735500e+02   2.5323071e+01   1.1409830e+01
   1.8735500e+02   2.3512585e+01   1.0364545e+01
   1.8735500e+02   2.1524336e+01   9.7185240e+00
   1.8735500e+02   1.9445219e+01   9.5000000e+00
   1.8735500e+02   1.7366102e+01   9.7185240e+00
   1.8735500e+02   1.5377853e+01   1.0364545e+01
   1.8735500e+02   1.3567366e+01   1.1409830e+01
   1.8735500e+02   1.2013771e+01   1.2808694e+01
   1.8735500e+02   1.0784965e+01   1.4500000e+01
   1.8735500e+02   9.9346538e+00   1.6409830e+01
   1.8735500e+02   9.5000000e+00   1.8454715e+01
   1.8735500e+02   9.5000000e+00   2.0545285e+01
   1.8735500e+02   9.9346538e+00   2.2590170e+01
   1.8735500e+02   1.0784965e+01   2.4500000e+01
   1.8735500e+02   1.2013771e+01   2.6191306e+01
   1.8735500e+02   1.3567366e+01   2.7590170e+01
   1.8735500e+02   1.5377853e+01   2.8635455e+01
   1.8735500e+02   1.7366102e+01   2.9281476e+01
   1.8533500e+02   1.9445219e+01   2.9500000e+01
   1.8533500e+02   2.1524336e+01   2.9281476e+01
   1.8533500e+02   2.3512585e+01   2.8635455e+01
   1.8533500e+02   2.5323071e+01   2.7590170e+01
   1.8533500e+02   2.6876667e+01   2.6191306e+01
   1.8533500e+02   2.8105473e+01   2.4500000e+01
   1.8533500e+02   2.8955784e+01   2.2590170e+01
   1.8533500e+02   2.9390438e+01   2.0545285e+01
   1.8533500e+02   2.9390438e+01   1.8454715e+01
   1.8533500e+02   2.8955784e+01   1.6409830e+01
   1.8533500e+02   2.8105473e+01   1.4500000e+01
   1.8533500e+02   2.6876667e+01   1.2808694e+01
   1.8533500e+02   2.5323071e+01   1.1409830e+01
   1.8533500e+02   2.3512585e+01   1.0364545e+01
   1.8533500e+02   2.1524336e+01   9.7185240e+00
   1.8533500e+02   1.9445219e+01   9.5000000e+00
   1.8533500e+02   1.7366102e+01   9.7185240e+00
   1.8533500e+02   1.5377853e+01   1.0364545e+01
   1.8533500e+02   1.3567366e+01   1.1409830e+01
   1.8533500e+02   1.2013771e+01   1.2808694e+01
   1.8533500e+02   1.0784965e+01   1.4500000e+01
   1.8533500e+02   9.9346538e+00   1.6409830e+01
   1.8533500e+02   9.5000000e+00   1.8454715e+01
   1.8533500e+02   9.5000000e+00   2.0545285e+01
   1.8533500e+02   9.9346538e+00   2.2590170e+01
   1.8533500e+02   1.0784965e+01   2.4500000e+01
   1.8533500e+02   1.2013771e+01   2.6191306e+01
   1.8533500e+02   1.3567366e+01   2.7590170e+01
   1.8533500e+02   1.5377853e+01   2.8635455e+01
   1.8533500e+02   1.7366102e+01   2.9281476e+01
   1.8331500e+02   1.9445219e+01   2.9500000e+01
   1.8331500e+02   2.1524336e+01   2.9281476e+01
   1.8331500e+02   2.3512585e+01   2.8635455e+01
   1.8331500e+02   2.5323071e+01   2.7590170e+01
   1.8331500e+02   2.6876667e+01   2.6191306e+01
   1.8331500e+02   2.8105473e+01   2.4500000e+01
   1.8331500e+02   2.8955784e+01   2.2590170e+01
   1.8331500e+02   2.9390438e+01   2.0545285e+01
   1.8331500e+02   2.9390438e+01   1.8454715e+01
   1.8331500e+02   2.8955784e+01   1.6409830e+01
   1.8331500e+02   2.8105473e+01   1.4500000e+01
   1.8331500e+02   2.6876667e+01   1.2808694e+01
   1.8331500e+02   2.5323071e+01   1.1409830e+01
   1.8331500e+02   2.3512585e+01   1.0364545e+01
   1.8331500e+02   2.1524336e+01   9.7185240e+00
   1.8331500e+02   1.9445219e+01   9.5000000e+00
   1.8331500e+02   1.7366102e+01   9.7185240e+00
   1.8331500e+02   1.5377853e+01   1.0364545e+01
   1.8331500e+02   1.3567366e+01   1.1409830e+01
   1.8331500e+02   1.2013771e+01   1.2808694e+01
   1.8331500e+02   1.0784965e+01   1.4500000e+01
   1.8331500e+02   9.9346538e+00   1.6409830e+01
   1.8331500e+02   9.5000000e+00   1.8454715e+01
   1.8331500e+02   9.5000000e+00   2.0545285e+01
   1.8331500e+02   9.9346538e+00   2.2590170e+01
   1.8331500e+02   1.0784965e+01   2.4500000e+01
   1.8331500e+02   1.2013771e+01   2.6191306e+01
   1.8331500e+02   1.3567366e+01   2.7590170e+01
   1.8331500e+02   1.5377853e+01   2.8635455e+01
   1.8331500e+02   1.7366102e+01   2.9281476e+01
   1.8129500e+02   1.9445219e+01   2.9500000e+01
   1.8129500e+02   2.1524336e+01   2.9281476e+01
   1.8129500e+02   2.3512585e+01   2.8635455e+01
   1.8129500e+02   2.5323071e+01   2.7590170e+01
   1.8129500e+02   2.6876667e+01   2.6191306e+01
   1.8129500e+02   2.8105473e+01   2.4500000e+01
   1.8129500e+02   2.8955784e+01   2.2590170e+01
   1.8129500e+02   2.9390438e+01   2.0545285e+01
   1.8129500e+02   2.9390438e+01   1.8454715e+01
   1.8129500e+02   2.8955784e+01   1.6409830e+01
   1.8129500e+02   2.8105473e+01   1.4500000e+01
   1.8129500e+02   2.6876667e+01   1.2808694e+01
   1.8129500e+02   2.5323071e+01   1.1409830e+01
   1.8129500e+02   2.3512585e+01   1.0364545e+01
   1.8129500e+02   2.1524336e+01   9.7185240e+00
   1.8129500e+02   1.9445219e+01   9.5000000e+00
   1.8129500e+02   1.7366102e+01   9.7185240e+00
   1.8129500e+02   1.5377853e+01   1.0364545e+01
   1.8129500e+02   1.3567366e+01   1.1409830e+01
   1.8129500e+02   1.2013771e+01   1.2808694e+01
   1.8129500e+02   1.0784965e+01   1.4500000e+01
   1.8129500e+02   9.9346538e+00   1.6409830e+01
   1.8129500e+02   9.5000000e+00   1.8454715e+01
   1.8129500e+02   9.5000000e+00   2.0545285e+01
   1.8129500e+02   9.9346538e+00   2.2590170e+01
   1.8129500e+02   1.0784965e+01   2.4500000e+01
   1.8129500e+02   1.2013771e+01   2.6191306e+01
   1.8129500e+02   1.3567366e+01   2.7590170e+01
   1.8129500e+02   1.5377853e+01   2.8635455e+01
   1.8129500e+02   1.7366102e+01   2.9281476e+01
   1.7927500e+02   1.9445219e+01   2.9500000e+01
   1.7927500e+02   2.1524336e+01   2.9281476e+01
   1.7927500e+02   2.3512585e+01   2.8635455e+01
   1.7927500e+02   2.5323071e+01   2.7590170e+01
   1.7927500e+02   2.6876667e+01   2.6191306e+01
   1.7927500e+02   2.8105473e+01   2.4500000e+01
   1.7927500e+02   2.8955784e+01   2.2590170e+01
   1.7927500e+02   2.9390438e+01   2.0545285e+01
   1.7927500e+02   2.9390438e+01   1.8454715e+01
   1.7927500e+02   2.8955784e+01   1.6409830e+01
   1.7927500e+02   2.8105473e+01   1.4500000e+01
   1.7927500e+02   2.6876667e+01   1.2808694e+01
   1.7927500e+02   2.5323071e+01   1.1409830e+01
   1.7927500e+02   2.3512585e+01   1.0364545e+01
   1.7927500e+02   2.1524336e+01   9.7185240e+00
   1.7927500e+02   1.9445219e+01   9.5000000e+00
   1.7927500e+02   1.7366102e+01   9.7185240e+00
   1.7927500e+02   1.5377853e+01   1.0364545e+01
   1.7927500e+02   1.3567366e+01   1.1409830e+01
   1.7927500e+02   1.2013771e+01   1.2808694e+01
   1.7927500e+02   1.0784965e+01   1.4500000e+01
   1.7927500e+02   9.9346538e+00   1.6409830e+01
   1.7927500e+02   9.5000000e+00   1.8454715e+01
   1.7927500e+02   9.5000000e+00   2.0545285e+01
   1.7927500e+02   9.9346538e+00   2.2590170e+01
   1.7927500e+02   1.0784965e+01   2.4500000e+01
   1.7927500e+02   1.2013771e+01   2.6191306e+01
   1.7927500e+02   1.3567366e+01   2.7590170e+01
   1.7927500e+02   1.5377853e+01   2.8635455e+01
   1.7927500e+02   1.7366102e+01   2.9281476e+01
   1.7725500e+02   1.9445219e+01   2.9500000e+01
   1.7725500e+02   2.1524336e+01   2.9281476e+01
   1.7725500e+02   2.3512585e+01   2.8635455e+01
   1.7725500e+02   2.5323071e+01   2.7590170e+01
   1.7725500e+02   2.6876667e+01   2.6191306e+01
   1.7725500e+02   2.8105473e+01   2.4500000e+01
   1.7725500e+02   2.8955784e+01   2.2590170e+01
   1.7725500e+02   2.9390438e+01   2.0545285e+01
   1.7725500e+02   2.9390438e+01   1.8454715e+01
   1.7725500e+02   2.8955784e+01   1.6409830e+01
   1.7725500e+02   2.8105473e+01   1.4500000e+01
   1.7725500e+02   2.6876667e+01   1.2808694e+01
   1.7725500e+02   2.5323071e+01   1.1409830e+01
   1.7725500e+02   2.3512585e+01   1.0364545e+01
   1.7725500e+02   2.1524336e+01   9.7185240e+00
   1.7725500e+02   1.9445219e+01   9.5000000e+00
   1.7725500e+02   1.7366102e+01   9.7185240e+00
   1.7725500e+02   1.5377853e+01   1.0364545e+01
   1.7725500e+02   1.3567366e+01   1.1409830e+01
   1.7725500e+02   1.2013771e+01   1.2808694e+01
   1.7725500e+02   1.0784965e+01   1.4500000e+01
   1.7725500e+02   9.9346538e+00   1.6409830e+01
   1.7725500e+02   9.5000000e+00   1.8454715e+01
   1.7725500e+02   9.5000000e+00   2.0545285e+01
   1.7725500e+02   9.9346538e+00   2.2590170e+01
   1.7725500e+02   1.0784965e+01   2.4500000e+01
   1.7725500e+02   1.2013771e+01   2.6191306e+01
   1.7725500e+02   1.3567366e+01   2.7590170e+01
   1.7725500e+02   1.5377853e+01   2.8635455e+01
   1.7725500e+02   1.7366102e+01   2.9281476e+01
   1.7523500e+02   1.9445219e+01   2.9500000e+01
   1.7523500e+02   2.1524336e+01   2.9281476e+01
   1.7523500e+02   2.3512585e+01   2.8635455e+01
   1.7523500e+02   2.5323071e+01   2.7590170e+01
   1.7523500e+02   2.6876667e+01   2.6191306e+01
   1.7523500e+02   2.8105473e+01   2.4500000e+01
   1.7523500e+02   2.8955784e+01   2.2590170e+01
   1.7523500e+02   2.9390438e+01   2.0545285e+01
   1.7523500e+02   2.9390438e+01   1.8454715e+01
   1.7523500e+02   2.8955784e+01   1.6409830e+01
   1.7523500e+02   2.8105473e+01   1.4500000e+01
   1.7523500e+02   2.6876667e+01   1.2808694e+01
   1.7523500e+02   2.5323071e+01   1.1409830e+01
   1.7523500e+02   2.3512585e+01   1.0364545e+01
   1.7523500e+02   2.1524336e+01   9.7185240e+00
   1.7523500e+02   1.9445219e+01   9.5000000e+00
   1.7523500e+02   1.7366102e+01   9.7185240e+00
   1.7523500e+02   1.5377853e+01   1.0364545e+01
   1.7523500e+02   1.3567366e+01   1.1409830e+01
   1.7523500e+02   1.2013771e+01   1.2808694e+01
   1.7523500e+02   1.0784965e+01   1.4500000e+01
   1.7523500e+02   9.9346538e+00   1.6409830e+01
   1.7523500e+02   9.5000000e+00   1.8454715e+01
   1.7523500e+02   9.5000000e+00   2.0545285e+01
   1.7523500e+02   9.9346538e+00   2.2590170e+01
   1.7523500e+02   1.0784965e+01   2.4500000e+01
   1.7523500e+02   1.2013771e+01   2.6191306e+01
   1.7523500e+02   1.3567366e+01   2.7590170e+01
   1.7523500e+02   1.5377853e+01   2.8635455e+01
   1.7523500e+02   1.7366102e+01   2.9281476e+01
   1.7321500e+02   1.9445219e+01   2.9500000e+01
   1.7321500e+02   2.1524336e+01   2.9281476e+01
   1.7321500e+02   2.3512585e+01   2.8635455e+01
   1.7321500e+02   2.5323071e+01   2.7590170e+01
   1.7321500e+02   2.6876667e+01   2.6191306e+01
   1.7321500e+02   2.8105473e+01   2.4500000e+01
   1.7321500e+02   2.8955784e+01   2.2590170e+01
   1.7321500e+02   2.9390438e+01   2.0545285e+01
   1.7321500e+02   2.9390438e+01   1.8454715e+01
   1.7321500e+02   2.8955784e+01   1.6409830e+01
   1.7321500e+02   2.8105473e+01   1.4500000e+01
   1.7321500e+02   2.6876667e+01   1.2808694e+01
   1.7321500e+02   2.5323071e+01   1.1409830e+01
   1.7321500e+02   2.3512585e+01   1.0364545e+01
   1.7321500e+02   2.1524336e+01   9.7185240e+00
   1.7321500e+02   1.9445219e+01   9.5000000e+00
   1.7321500e+02   1.7366102e+01   9.7185240e+00
   1.7321500e+02   1.5377853e+01   1.0364545e+01
   1.7321500e+02   1.3567366e+01   1.1409830e+01
   1.7321500e+02   1.2013771e+01   1.2808694e+01
   1.7321500e+02   1.0784965e+01   1.4500000e+01
   1.7321500e+02   9.9346538e+00   1.6409830e+01
   1.7321500e+02   9.5000000e+00   1.8454715e+01
   1.7321500e+02   9.5000000e+00   2.0545285e+01
   1.7321500e+02   9.9346538e+00   2.2590170e+01
   1.7321500e+02   1.0784965e+01   2.4500000e+01
   1.7321500e+02   1.2013771e+01   2.6191306e+01
   1.7321500e+02   1.3567366e+01   2.7590170e+01
   1.7321500e+02   1.5377853e+01   2.8635455e+01
   1.7321500e+02   1.7366102e+01   2.9281476e+01
   1.7119500e+02   1.9445219e+01   2.9500000e+01
   1.7119500e+02   2.1524336e+01   2.9281476e+01
   1.7119500e+02   2.3512585e+01   2.8635455e+01
   1.7119500e+02   2.5323071e+01   2.7590170e+01
   1.7119500e+02   2.6876667e+01   2.6191306e+01
   1.7119500e+02   2.8105473e+01   2.4500000e+01
   1.7119500e+02   2.8955784e+01   2.2590170e+01
   1.7119500e+02   2.9390438e+01   2.0545285e+01
   1.7119500e+02   2.9390438e+01   1.8454715e+01
   1.7119500e+02   2.8955784e+01   1.6409830e+01
   1.7119500e+02   2.8105473e+01   1.4500000e+01
   1.7119500e+02   2.6876667e+01   1.2808694e+01
   1.7119500e+02   2.5323071e+01   1.1409830e+01
   1.7119500e+02   2.3512585e+01   1.0364545e+01
   1.7119500e+02   2.1524336e+01   9.7185240e+00
   1.7119500e+02   1.9445219e+01   9.5000000e+00
   1.7119500e+02   1.7366102e+01   9.7185240e+00
   1.7119500e+02   1.5377853e+01   1.0364545e+01
   1.7119500e+02   1.3567366e+01   1.1409830e+01
   1.7119500e+02   1.2013771e+01   1.2808694e+01
   1.7119500e+02   1.0784965e+01   1.4500000e+01
   1.7119500e+02   9.9346538e+00   1.6409830e+01
   1.7119500e+02   9.5000000e+00   1.8454715e+01
   1.7119500e+02   9.5000000e+00   2.0545285e+01
   1.7119500e+02   9.9346538e+00   2.2590170e+01
   1.7119500e+02   1.0784965e+01   2.4500000e+01
   1.7119500e+02   1.2013771e+01   2.6191306e+01
   1.7119500e+02   1.3567366e+01   2.7590170e+01
   1.7119500e+02   1.5377853e+01   2.8635455e+01
   1.7119500e+02   1.7366102e+01   2.9281476e+01
   1.6917500e+02   1.9445219e+01   2.9500000e+01
   1.6917500e+02   2.1524336e+01   2.9281476e+01
   1.6917500e+02   2.3512585e+01   2.8635455e+01
   1.6917500e+02   2.5323071e+01   2.7590170e+01
   1.6917500e+02   2.6876667e+01   2.6191306e+01
   1.6917500e+02   2.8105473e+01   2.4500000e+01
   1.6917500e+02   2.8955784e+01   2.2590170e+01
   1.6917500e+02   2.9390438e+01   2.0545285e+01
   1.6917500e+02   2.9390438e+01   1.8454715e+01
   1.6917500e+02   2.8955784e+01   1.6409830e+01
   1.6917500e+02   2.8105473e+01   1.4500000e+01
   1.6917500e+02   2.6876667e+01   1.2808694e+01
   1.6917500e+02   2.5323071e+01   1.1409830e+01
   1.6917500e+02   2.3512585e+01   1.0364545e+01
   1.6917500e+02   2.1524336e+01   9.7185240e+00
   1.6917500e+02   1.9445219e+01   9.5000000e+00
   1.6917500e+02   1.7366102e+01   9.7185240e+00
   1.6917500e+02   1.5377853e+01   1.0364545e+01
   1.6917500e+02   1.3567366e+01   1.1409830e+01
   1.6917500e+02   1.2013771e+01   1.2808694e+01
   1.6917500e+02   1.0784965e+01   1.4500000e+01
   1.6917500e+02   9.9346538e+00   1.6409830e+01
   1.6917500e+02   9.5000000e+00   1.8454715e+01
   1.6917500e+02   9.5000000e+00   2.0545285e+01
   1.6917500e+02   9.9346538e+00   2.2590170e+01
   1.6917500e+02   1.0784965e+01   2.4500000e+01
   1.6917500e+02   1.2013771e+01   2.6191306e+01
   1.6917500e+02   1.3567366e+01   2.7590170e+01
   1.6917500e+02   1.5377853e+01   2.8635455e+01
   1.6917500e+02   1.7366102e+01   2.9281476e+01
   1.6715500e+02   1.9445219e+01   2.9500000e+01
   1.6715500e+02   2.1524336e+01   2.9281476e+01
   1.6715500e+02   2.3512585e+01   2.8635455e+01
   1.6715500e+02   2.5323071e+01   2.7590170e+01
   1.6715500e+02   2.6876667e+01   2.6191306e+01
   1.6715500e+02   2.8105473e+01   2.4500000e+01
   1.6715500e+02   2.8955784e+01   2.2590170e+01
   1.6715500e+02   2.9390438e+01   2.0545285e+01
   1.6715500e+02   2.9390438e+01   1.8454715e+01
   1.6715500e+02   2.8955784e+01   1.6409830e+01
   1.6715500e+02   2.8105473e+01   1.4500000e+01
   1.6715500e+02   2.6876667e+01   1.2808694e+01
   1.6715500e+02   2.5323071e+01   1.1409830e+01
   1.6715500e+02   2.3512585e+01   1.0364545e+01
   1.6715500e+02   2.1524336e+01   9.7185240e+00
   1.6715500e+02   1.9445219e+01   9.5000000e+00
   1.6715500e+02   1.7366102e+01   9.7185240e+00
   1.6715500e+02   1.5377853e+01   1.0364545e+01
   1.6715500e+02   1.3567366e+01   1.1409830e+01
   1.6715500e+02   1.2013771e+01   1.2808694e+01
   1.6715500e+02   1.0784965e+01   1.4500000e+01
   1.6715500e+02   9.9346538e+00   1.6409830e+01
   1.6715500e+02   9.5000000e+00   1.8454715e+01
   1.6715500e+02   9.5000000e+00   2.0545285e+01
   1.6715500e+02   9.9346538e+00   2.2590170e+01
   1.6715500e+02   1.0784965e+01   2.4500000e+01
   1.6715500e+02   1.2013771e+01   2.6191306e+01
   1.6715500e+02   1.3567366e+01   2.7590170e+01
   1.6715500e+02   1.5377853e+01   2.8635455e+01
   1.6715500e+02   1.7366102e+01   2.9281476e+01
   1.6513500e+02   1.9445219e+01   2.9500000e+01
   1.6513500e+02   2.1524336e+01   2.9281476e+01
   1.6513500e+02   2.3512585e+01   2.8635455e+01
   1.6513500e+02   2.5323071e+01   2.7590170e+01
   1.6513500e+02   2.6876667e+01   2.6191306e+01
   1.6513500e+02   2.8105473e+01   2.4500000e+01
   1.6513500e+02   2.8955784e+01   2.2590170e+01
   1.6513500e+02   2.9390438e+01   2.0545285e+01
   1.6513500e+02   2.9390438e+01   1.8454715e+01
   1.6513500e+02   2.8955784e+01   1.6409830e+01
   1.6513500e+02   2.8105473e+01   1.4500000e+01
   1.6513500e+02   2.6876667e+01   1.2808694e+01
   1.6513500e+02   2.5323071e+01   1.1409830e+01
   1.6513500e+02   2.3512585e+01   1.0364545e+01
   1.6513500e+02   2.1524336e+01   9.7185240e+00
   1.6513500e+02   1.9445219e+01   9.5000000e+00
   1.6513500e+02   1.7366102e+01   9.7185240e+00
   1.6513500e+02   1.5377853e+01   1.0364545e+01
   1.6513500e+02   1.3567366e+01   1.1409830e+01
   1.6513500e+02   1.2013771e+01   1.2808694e+01
   1.6513500e+02   1.0784965e+01   1.4500000e+01
   1.6513500e+02   9.9346538e+00   1.6409830e+01
   1.6513500e+02   9.5000000e+00   1.8454715e+01
   1.6513500e+02   9.5000000e+00   2.0545285e+01
   1.6513500e+02   9.9346538e+00   2.2590170e+01
   1.6513500e+02   1.0784965e+01   2.4500000e+01
   1.6513500e+02   1.2013771e+01   2.6191306e+01
   1.6513500e+02   1.3567366e+01   2.7590170e+01
   1.6513500e+02   1.5377853e+01   2.8635455e+01
   1.6513500e+02   1.7366102e+01   2.9281476e+01
   1.6311500e+02   1.9445219e+01   2.9500000e+01
   1.6311500e+02   2.1524336e+01   2.9281476e+01
   1.6311500e+02   2.3512585e+01   2.8635455e+01
   1.6311500e+02   2.5323071e+01   2.7590170e+01
   1.6311500e+02   2.6876667e+01   2.6191306e+01
   1.6311500e+02   2.8105473e+01   2.4500000e+01
   1.6311500e+02   2.8955784e+01   2.2590170e+01
   1.6311500e+02   2.9390438e+01   2.0545285e+01
   1.6311500e+02   2.9390438e+01   1.8454715e+01
   1.6311500e+02   2.8955784e+01   1.6409830e+01
   1.6311500e+02   2.8105473e+01   1.4500000e+01
   1.6311500e+02   2.6876667e+01   1.2808694e+01
   1.6311500e+02   2.5323071e+01   1.1409830e+01
   1.6311500e+02   2.3512585e+01   1.0364545e+01
   1.6311500e+02   2.1524336e+01   9.7185240e+00
   1.6311500e+02   1.9445219e+01   9.5000000e+00
   1.6311500e+02   1.7366102e+01   9.7185240e+00
   1.6311500e+02   1.5377853e+01   1.0364545e+01
   1.6311500e+02   1.3567366e+01   1.1409830e+01
   1.6311500e+02   1.2013771e+01   1.2808694e+01
   1.6311500e+02   1.0784965e+01   1.4500000e+01
   1.6311500e+02   9.9346538e+00   1.6409830e+01
   1.6311500e+02   9.5000000e+00   1.8454715e+01
   1.6311500e+02   9.5000000e+00   2.0545285e+01
   1.6311500e+02   9.9346538e+00   2.2590170e+01
   1.6311500e+02   1.0784965e+01   2.4500000e+01
   1.6311500e+02   1.2013771e+01   2.6191306e+01
   1.6311500e+02   1.3567366e+01   2.7590170e+01
   1.6311500e+02   1.5377853e+01   2.8635455e+01
   1.6311500e+02   1.7366102e+01   2.9281476e+01
   1.6109500e+02   1.9445219e+01   2.9500000e+01
   1.6109500e+02   2.1524336e+01   2.9281476e+01
   1.6109500e+02   2.3512585e+01   2.8635455e+01
   1.6109500e+02   2.5323071e+01   2.7590170e+01
   1.6109500e+02   2.6876667e+01   2.6191306e+01
   1.6109500e+02   2.8105473e+01   2.4500000e+01
   1.6109500e+02   2.8955784e+01   2.2590170e+01
   1.6109500e+02   2.9390438e+01   2.0545285e+01
   1.6109500e+02   2.9390438e+01   1.8454715e+01
   1.6109500e+02   2.8955784e+01   1.6409830e+01
   1.6109500e+02   2.8105473e+01   1.4500000e+01
   1.6109500e+02   2.6876667e+01   1.2808694e+01
   1.6109500e+02   2.5323071e+01   1.1409830e+01
   1.6109500e+02   2.3512585e+01   1.0364545e+01
   1.6109500e+02   2.1524336e+01   9.7185240e+00
   1.6109500e+02   1.9445219e+01   9.5000000e+00
   1.6109500e+02   1.7366102e+01   9.7185240e+00
   1.6109500e+02   1.5377853e+01   1.0364545e+01
   1.6109500e+02   1.3567366e+01   1.1409830e+01
   1.6109500e+02   1.2013771e+01   1.2808694e+01
   1.6109500e+02   1.0784965e+01   1.4500000e+01
   1.6109500e+02   9.9346538e+00   1.6409830e+01
   1.6109500e+02   9.5000000e+00   1.8454715e+01
   1.6109500e+02   9.5000000e+00   2.0545285e+01
   1.6109500e+02   9.9346538e+00   2.2590170e+01
   1.6109500e+02   1.0784965e+01   2.4500000e+01
   1.6109500e+02   1.2013771e+01   2.6191306e+01
   1.6109500e+02   1.3567366e+01   2.7590170e+01
   1.6109500e+02   1.5377853e+01   2.8635455e+01
   1.6109500e+02   1.7366102e+01   2.9281476e+01
   1.5907500e+02   1.9445219e+01   2.9500000e+01
   1.5907500e+02   2.1524336e+01   2.9281476e+01
   1.5907500e+02   2.3512585e+01   2.8635455e+01
   1.5907500e+02   2.5323071e+01   2.7590170e+01
   1.5907500e+02   2.6876667e+01   2.6191306e+01
   1.5907500e+02   2.8105473e+01   2.4500000e+01
   1.5907500e+02   2.8955784e+01   2.2590170e+01
   1.5907500e+02   2.9390438e+01   2.0545285e+01
   1.5907500e+02   2.9390438e+01   1.8454715e+01
   1.5907500e+02   2.8955784e+01   1.6409830e+01
   1.5907500e+02   2.8105473e+01   1.4500000e+01
   1.5907500e+02   2.6876667e+01   1.2808694e+01
   1.5907500e+02   2.5323071e+01   1.1409830e+01
   1.5907500e+02   2.3512585e+01   1.0364545e+01
   1.5907500e+02   2.1524336e+01   9.7185240e+00
   1.5907500e+02   1.9445219e+01   9.5000000e+00
   1.5907500e+02   1.7366102e+01   9.7185240e+00
   1.5907500e+02   1.5377853e+01   1.0364545e+01
   1.5907500e+02   1.3567366e+01   1.1409830e+01
   1.5907500e+02   1.2013771e+01   1.2808694e+01
   1.5907500e+02   1.0784965e+01   1.4500000e+01
   1.5907500e+02   9.9346538e+00   1.6409830e+01
   1.5907500e+02   9.5000000e+00   1.8454715e+01
   1.5907500e+02   9.5000000e+00   2.0545285e+01
   1.5907500e+02   9.9346538e+00   2.2590170e+01
   1.5907500e+02   1.0784965e+01   2.4500000e+01
   1.5907500e+02   1.2013771e+01   2.6191306e+01
   1.5907500e+02   1.3567366e+01   2.7590170e+01
   1.5907500e+02   1.5377853e+01   2.8635455e+01
   1.5907500e+02   1.7366102e+01   2.9281476e+01
   1.5705500e+02   1.9445219e+01   2.9500000e+01
   1.5705500e+02   2.1524336e+01   2.9281476e+01
   1.5705500e+02   2.3512585e+01   2.8635455e+01
   1.5705500e+02   2.5323071e+01   2.7590170e+01
   1.5705500e+02   2.6876667e+01   2.6191306e+01
   1.5705500e+02   2.8105473e+01   2.4500000e+01
   1.5705500e+02   2.8955784e+01   2.2590170e+01
   1.5705500e+02   2.9390438e+01   2.0545285e+01
   1.5705500e+02   2.9390438e+01   1.8454715e+01
   1.5705500e+02   2.8955784e+01   1.6409830e+01
   1.5705500e+02   2.8105473e+01   1.4500000e+01
   1.5705500e+02   2.6876667e+01   1.2808694e+01
   1.5705500e+02   2.5323071e+01   1.1409830e+01
   1.5705500e+02   2.3512585e+01   1.0364545e+01
   1.5705500e+02   2.1524336e+01   9.7185240e+00
   1.5705500e+02   1.9445219e+01   9.5000000e+00
   1.5705500e+02   1.7366102e+01   9.7185240e+00
   1.5705500e+02   1.5377853e+01   1.0364545e+01
   1.5705500e+02   1.3567366e+01   1.1409830e+01
   1.5705500e+02   1.2013771e+01   1.2808694e+01
   1.5705500e+02   1.0784965e+01   1.4500000e+01
   1.5705500e+02   9.9346538e+00   1.6409830e+01
   1.5705500e+02   9.5000000e+00   1.8454715e+01
   1.5705500e+02   9.5000000e+00   2.0545285e+01
   1.5705500e+02   9.9346538e+00   2.2590170e+01
   1.5705500e+02   1.0784965e+01   2.4500000e+01
   1.5705500e+02   1.2013771e+01   2.6191306e+01
   1.5705500e+02   1.3567366e+01   2.7590170e+01
   1.5705500e+02   1.5377853e+01   2.8635455e+01
   1.5705500e+02   1.7366102e+01   2.9281476e+01
   1.5503500e+02   1.9445219e+01   2.9500000e+01
   1.5503500e+02   2.1524336e+01   2.9281476e+01
   1.5503500e+02   2.3512585e+01   2.8635455e+01
   1.5503500e+02   2.5323071e+01   2.7590170e+01
   1.5503500e+02   2.6876667e+01   2.6191306e+01
   1.5503500e+02   2.8105473e+01   2.4500000e+01
   1.5503500e+02   2.8955784e+01   2.2590170e+01
   1.5503500e+02   2.9390438e+01   2.0545285e+01
   1.5503500e+02   2.9390438e+01   1.8454715e+01
   1.5503500e+02   2.8955784e+01   1.6409830e+01
   1.5503500e+02   2.8105473e+01   1.4500000e+01
   1.5503500e+02   2.6876667e+01   1.2808694e+01
   1.5503500e+02   2.5323071e+01   1.1409830e+01
   1.5503500e+02   2.3512585e+01   1.0364545e+01
   1.5503500e+02   2.1524336e+01   9.7185240e+00
   1.5503500e+02   1.9445219e+01   9.5000000e+00
   1.5503500e+02   1.7366102e+01   9.7185240e+00
   1.5503500e+02   1.5377853e+01   1.0364545e+01
   1.5503500e+02   1.3567366e+01   1.1409830e+01
   1.5503500e+02   1.2013771e+01   1.2808694e+01
   1.5503500e+02   1.0784965e+01   1.4500000e+01
   1.5503500e+02   9.9346538e+00   1.6409830e+01
   1.5503500e+02   9.5000000e+00   1.8454715e+01
   1.5503500e+02   9.5000000e+00   2.0545285e+01
   1.5503500e+02   9.9346538e+00   2.2590170e+01
   1.5503500e+02   1.0784965e+01   2.4500000e+01
   1.5503500e+02   1.2013771e+01   2.6191306e+01
   1.5503500e+02   1.3567366e+01   2.7590170e+01
   1.5503500e+02   1.5377853e+01   2.8635455e+01
   1.5503500e+02   1.7366102e+01   2.9281476e+01
   1.5301500e+02   1.9445219e+01   2.9500000e+01
   1.5301500e+02   2.1524336e+01   2.9281476e+01
   1.5301500e+02   2.3512585e+01   2.8635455e+01
   1.5301500e+02   2.5323071e+01   2.7590170e+01
   1.5301500e+02   2.6876667e+01   2.6191306e+01
   1.5301500e+02   2.8105473e+01   2.4500000e+01
   1.5301500e+02   2.8955784e+01   2.2590170e+01
   1.5301500e+02   2.9390438e+01   2.0545285e+01
   1.5301500e+02   2.9390438e+01   1.8454715e+01
   1.5301500e+02   2.8955784e+01   1.6409830e+01
   1.5301500e+02   2.8105473e+01   1.4500000e+01
   1.5301500e+02   2.6876667e+01   1.2808694e+01
   1.5301500e+02   2.5323071e+01   1.1409830e+01
   1.5301500e+02   2.3512585e+01   1.0364545e+01
   1.5301500e+02   2.1524336e+01   9.7185240e+00
   1.5301500e+02   1.9445219e+01   9.5000000e+00
   1.5301500e+02   1.7366102e+01   9.7185240e+00
   1.5301500e+02   1.5377853e+01   1.0364545e+01
   1.5301500e+02   1.3567366e+01   1.1409830e+01
   1.5301500e+02   1.2013771e+01   1.2808694e+01
   1.5301500e+02   1.0784965e+01   1.4500000e+01
   1.5301500e+02   9.9346538e+00   1.6409830e+01
   1.5301500e+02   9.5000000e+00   1.8454715e+01
   1.5301500e+02   9.5000000e+00   2.0545285e+01
   1.5301500e+02   9.9346538e+00   2.2590170e+01
   1.5301500e+02   1.0784965e+01   2.4500000e+01
   1.5301500e+02   1.2013771e+01   2.6191306e+01
   1.5301500e+02   1.3567366e+01   2.7590170e+01
   1.5301500e+02   1.5377853e+01   2.8635455e+01
   1.5301500e+02   1.7366102e+01   2.9281476e+01
   1.5099500e+02   1.9445219e+01   2.9500000e+01
   1.5099500e+02   2.1524336e+01   2.9281476e+01
   1.5099500e+02   2.3512585e+01   2.8635455e+01
   1.5099500e+02   2.5323071e+01   2.7590170e+01
   1.5099500e+02   2.6876667e+01   2.6191306e+01
   1.5099500e+02   2.8105473e+01   2.4500000e+01
   1.5099500e+02   2.8955784e+01   2.2590170e+01
   1.5099500e+02   2.9390438e+01   2.0545285e+01
   1.5099500e+02   2.9390438e+01   1.8454715e+01
   1.5099500e+02   2.8955784e+01   1.6409830e+01
   1.5099500e+02   2.8105473e+01   1.4500000e+01
   1.5099500e+02   2.6876667e+01   1.2808694e+01
   1.5099500e+02   2.5323071e+01   1.1409830e+01
   1.5099500e+02   2.3512585e+01   1.0364545e+01
   1.5099500e+02   2.1524336e+01   9.7185240e+00
   1.5099500e+02   1.9445219e+01   9.5000000e+00
   1.5099500e+02   1.7366102e+01   9.7185240e+00
   1.5099500e+02   1.5377853e+01   1.0364545e+01
   1.5099500e+02   1.3567366e+01   1.1409830e+01
   1.5099500e+02   1.2013771e+01   1.2808694e+01
   1.5099500e+02   1.0784965e+01   1.4500000e+01
   1.5099500e+02   9.9346538e+00   1.6409830e+01
   1.5099500e+02   9.5000000e+00   1.8454715e+01
   1.5099500e+02   9.5000000e+00   2.0545285e+01
   1.5099500e+02   9.9346538e+00   2.2590170e+01
   1.5099500e+02   1.0784965e+01   2.4500000e+01
   1.5099500e+02   1.2013771e+01   2.6191306e+01
   1.5099500e+02   1.3567366e+01   2.7590170e+01
   1.5099500e+02   1.5377853e+01   2.8635455e+01
   1.5099500e+02   1.7366102e+01   2.9281476e+01
   1.4897500e+02   1.9445219e+01   2.9500000e+01
   1.4897500e+02   2.1524336e+01   2.9281476e+01
   1.4897500e+02   2.3512585e+01   2.8635455e+01
   1.4897500e+02   2.5323071e+01   2.7590170e+01
   1.4897500e+02   2.6876667e+01   2.6191306e+01
   1.4897500e+02   2.8105473e+01   2.4500000e+01
   1.4897500e+02   2.8955784e+01   2.2590170e+01
   1.4897500e+02   2.9390438e+01   2.0545285e+01
   1.4897500e+02   2.9390438e+01   1.8454715e+01
   1.4897500e+02   2.8955784e+01   1.6409830e+01
   1.4897500e+02   2.8105473e+01   1.4500000e+01
   1.4897500e+02   2.6876667e+01   1.2808694e+01
   1.4897500e+02   2.5323071e+01   1.1409830e+01
   1.4897500e+02   2.3512585e+01   1.0364545e+01
   1.4897500e+02   2.1524336e+01   9.7185240e+00
   1.4897500e+02   1.9445219e+01   9.5000000e+00
   1.4897500e+02   1.7366102e+01   9.7185240e+00
   1.4897500e+02   1.5377853e+01   1.0364545e+01
   1.4897500e+02   1.3567366e+01   1.1409830e+01
   1.4897500e+02   1.2013771e+01   1.2808694e+01
   1.4897500e+02   1.0784965e+01   1.4500000e+01
   1.4897500e+02   9.9346538e+00   1.6409830e+01
   1.4897500e+02   9.5000000e+00   1.8454715e+01
   1.4897500e+02   9.5000000e+00   2.0545285e+01
   1.4897500e+02   9.9346538e+00   2.2590170e+01
   1.4897500e+02   1.0784965e+01   2.4500000e+01
   1.4897500e+02   1.2013771e+01   2.6191306e+01
   1.4897500e+02   1.3567366e+01   2.7590170e+01
   1.4897500e+02   1.5377853e+01   2.8635455e+01
   1.4897500e+02   1.7366102e+01   2.9281476e+01
   1.4695500e+02   1.9445219e+01   2.9500000e+01
   1.4695500e+02   2.1524336e+01   2.9281476e+01
   1.4695500e+02   2.3512585e+01   2.8635455e+01
   1.4695500e+02   2.5323071e+01   2.7590170e+01
   1.4695500e+02   2.6876667e+01   2.6191306e+01
   1.4695500e+02   2.8105473e+01   2.4500000e+01
   1.4695500e+02   2.8955784e+01   2.2590170e+01
   1.4695500e+02   2.9390438e+01   2.0545285e+01
   1.4695500e+02   2.9390438e+01   1.8454715e+01
   1.4695500e+02   2.8955784e+01   1.6409830e+01
   1.4695500e+02   2.8105473e+01   1.4500000e+01
   1.4695500e+02   2.6876667e+01   1.2808694e+01
   1.4695500e+02   2.5323071e+01   1.1409830e+01
   1.4695500e+02   2.3512585e+01   1.0364545e+01
   1.4695500e+02   2.1524336e+01   9.7185240e+00
   1.4695500e+02   1.9445219e+01   9.5000000e+00
   1.4695500e+02   1.7366102e+01   9.7185240e+00
   1.4695500e+02   1.5377853e+01   1.0364545e+01
   1.4695500e+02   1.3567366e+01   1.1409830e+01
   1.4695500e+02   1.2013771e+01   1.2808694e+01
   1.4695500e+02   1.0784965e+01   1.4500000e+01
   1.4695500e+02   9.9346538e+00   1.6409830e+01
   1.4695500e+02   9.5000000e+00   1.8454715e+01
   1.4695500e+02   9.5000000e+00   2.0545285e+01
   1.4695500e+02   9.9346538e+00   2.2590170e+01
   1.4695500e+02   1.0784965e+01   2.4500000e+01
   1.4695500e+02   1.2013771e+01   2.6191306e+01
   1.4695500e+02   1.3567366e+01   2.7590170e+01
   1.4695500e+02   1.5377853e+01   2.8635455e+01
   1.4695500e+02   1.7366102e+01   2.9281476e+01
   1.4493500e+02   1.9445219e+01   2.9500000e+01
   1.4493500e+02   2.1524336e+01   2.9281476e+01
   1.4493500e+02   2.3512585e+01   2.8635455e+01
   1.4493500e+02   2.5323071e+01   2.7590170e+01
   1.4493500e+02   2.6876667e+01   2.6191306e+01
   1.4493500e+02   2.8105473e+01   2.4500000e+01
   1.4493500e+02   2.8955784e+01   2.2590170e+01
   1.4493500e+02   2.9390438e+01   2.0545285e+01
   1.4493500e+02   2.9390438e+01   1.8454715e+01
   1.4493500e+02   2.8955784e+01   1.6409830e+01
   1.4493500e+02   2.8105473e+01   1.4500000e+01
   1.4493500e+02   2.6876667e+01   1.2808694e+01
   1.4493500e+02   2.5323071e+01   1.1409830e+01
   1.4493500e+02   2.3512585e+01   1.0364545e+01
   1.4493500e+02   2.1524336e+01   9.7185240e+00
   1.4493500e+02   1.9445219e+01   9.5000000e+00
   1.4493500e+02   1.7366102e+01   9.7185240e+00
   1.4493500e+02   1.5377853e+01   1.0364545e+01
   1.4493500e+02   1.3567366e+01   1.1409830e+01
   1.4493500e+02   1.2013771e+01   1.2808694e+01
   1.4493500e+02   1.0784965e+01   1.4500000e+01
   1.4493500e+02   9.9346538e+00   1.6409830e+01
   1.4493500e+02   9.5000000e+00   1.8454715e+01
   1.4493500e+02   9.5000000e+00   2.0545285e+01
   1.4493500e+02   9.9346538e+00   2.2590170e+01
   1.4493500e+02   1.0784965e+01   2.4500000e+01
   1.4493500e+02   1.2013771e+01   2.6191306e+01
   1.4493500e+02   1.3567366e+01   2.7590170e+01
   1.4493500e+02   1.5377853e+01   2.8635455e+01
   1.4493500e+02   1.7366102e+01   2.9281476e+01
   1.4291500e+02   1.9445219e+01   2.9500000e+01
   1.4291500e+02   2.1524336e+01   2.9281476e+01
   1.4291500e+02   2.3512585e+01   2.8635455e+01
   1.4291500e+02   2.5323071e+01   2.7590170e+01
   1.4291500e+02   2.6876667e+01   2.6191306e+01
   1.4291500e+02   2.8105473e+01   2.4500000e+01
   1.4291500e+02   2.8955784e+01   2.2590170e+01
   1.4291500e+02   2.9390438e+01   2.0545285e+01
   1.4291500e+02   2.9390438e+01   1.8454715e+01
   1.4291500e+02   2.8955784e+01   1.6409830e+01
   1.4291500e+02   2.8105473e+01   1.4500000e+01
   1.4291500e+02   2.6876667e+01   1.2808694e+01
   1.4291500e+02   2.5323071e+01   1.1409830e+01
   1.4291500e+02   2.3512585e+01   1.0364545e+01
   1.4291500e+02   2.1524336e+01   9.7185240e+00
   1.4291500e+02   1.9445219e+01   9.5000000e+00
   1.4291500e+02   1.7366102e+01   9.7185240e+00
   1.4291500e+02   1.5377853e+01   1.0364545e+01
   1.4291500e+02   1.3567366e+01   1.1409830e+01
   1.4291500e+02   1.2013771e+01   1.2808694e+01
   1.4291500e+02   1.0784965e+01   1.4500000e+01
   1.4291500e+02   9.9346538e+00   1.6409830e+01
   1.4291500e+02   9.5000000e+00   1.8454715e+01
   1.4291500e+02   9.5000000e+00   2.0545285e+01
   1.4291500e+02   9.9346538e+00   2.2590170e+01
   1.4291500e+02   1.0784965e+01   2.4500000e+01
   1.4291500e+02   1.2013771e+01   2.6191306e+01
   1.4291500e+02   1.3567366e+01   2.7590170e+01
   1.4291500e+02   1.5377853e+01   2.8635455e+01
   1.4291500e+02   1.7366102e+01   2.9281476e+01
   1.4089500e+02   1.9445219e+01   2.9500000e+01
   1.4089500e+02   2.1524336e+01   2.9281476e+01
   1.4089500e+02   2.3512585e+01   2.8635455e+01
   1.4089500e+02   2.5323071e+01   2.7590170e+01
   1.4089500e+02   2.6876667e+01   2.6191306e+01
   1.4089500e+02   2.8105473e+01   2.4500000e+01
   1.4089500e+02   2.8955784e+01   2.2590170e+01
   1.4089500e+02   2.9390438e+01   2.0545285e+01
   1.4089500e+02   2.9390438e+01   1.8454715e+01
   1.4089500e+02   2.8955784e+01   1.6409830e+01
   1.4089500e+02   2.8105473e+01   1.4500000e+01
   1.4089500e+02   2.6876667e+01   1.2808694e+01
   1.4089500e+02   2.5323071e+01   1.1409830e+01
   1.4089500e+02   2.3512585e+01   1.0364545e+01
   1.4089500e+02   2.1524336e+01   9.7185240e+00
   1.4089500e+02   1.9445219e+01   9.5000000e+00
   1.4089500e+02   1.7366102e+01   9.7185240e+00
   1.4089500e+02   1.5377853e+01   1.0364545e+01
   1.4089500e+02   1.3567366e+01   1.1409830e+01
   1.4089500e+02   1.2013771e+01   1.2808694e+01
   1.4089500e+02   1.0784965e+01   1.4500000e+01
   1.4089500e+02   9.9346538e+00   1.6409830e+01
   1.4089500e+02   9.5000000e+00   1.8454715e+01
   1.4089500e+02   9.5000000e+00   2.0545285e+01
   1.4089500e+02   9.9346538e+00   2.2590170e+01
   1.4089500e+02   1.0784965e+01   2.4500000e+01
   1.4089500e+02   1.2013771e+01   2.6191306e+01
   1.4089500e+02   1.3567366e+01   2.7590170e+01
   1.4089500e+02   1.5377853e+01   2.8635455e+01
   1.4089500e+02   1.7366102e+01   2.9281476e+01
   1.3887500e+02   1.9445219e+01   2.9500000e+01
   1.3887500e+02   2.1524336e+01   2.9281476e+01
   1.3887500e+02   2.3512585e+01   2.8635455e+01
   1.3887500e+02   2.5323071e+01   2.7590170e+01
   1.3887500e+02   2.6876667e+01   2.6191306e+01
   1.3887500e+02   2.8105473e+01   2.4500000e+01
   1.3887500e+02   2.8955784e+01   2.2590170e+01
   1.3887500e+02   2.9390438e+01   2.0545285e+01
   1.3887500e+02   2.9390438e+01   1.8454715e+01
   1.3887500e+02   2.8955784e+01   1.6409830e+01
   1.3887500e+02   2.8105473e+01   1.4500000e+01
   1.3887500e+02   2.6876667e+01   1.2808694e+01
   1.3887500e+02   2.5323071e+01   1.1409830e+01
   1.3887500e+02   2.3512585e+01   1.0364545e+01
   1.3887500e+02   2.1524336e+01   9.7185240e+00
   1.3887500e+02   1.9445219e+01   9.5000000e+00
   1.3887500e+02   1.7366102e+01   9.7185240e+00
   1.3887500e+02   1.5377853e+01   1.0364545e+01
   1.3887500e+02   1.3567366e+01   1.1409830e+01
   1.3887500e+02   1.2013771e+01   1.2808694e+01
   1.3887500e+02   1.0784965e+01   1.4500000e+01
   1.3887500e+02   9.9346538e+00   1.6409830e+01
   1.3887500e+02   9.5000000e+00   1.8454715e+01
   1.3887500e+02   9.5000000e+00   2.0545285e+01
   1.3887500e+02   9.9346538e+00   2.2590170e+01
   1.3887500e+02   1.0784965e+01   2.4500000e+01
   1.3887500e+02   1.2013771e+01   2.6191306e+01
   1.3887500e+02   1.3567366e+01   2.7590170e+01
   1.3887500e+02   1.5377853e+01   2.8635455e+01
   1.3887500e+02   1.7366102e+01   2.9281476e+01
   1.3685500e+02   1.9445219e+01   2.9500000e+01
   1.3685500e+02   2.1524336e+01   2.9281476e+01
   1.3685500e+02   2.3512585e+01   2.8635455e+01
   1.3685500e+02   2.5323071e+01   2.7590170e+01
   1.3685500e+02   2.6876667e+01   2.6191306e+01
   1.3685500e+02   2.8105473e+01   2.4500000e+01
   1.3685500e+02   2.8955784e+01   2.2590170e+01
   1.3685500e+02   2.9390438e+01   2.0545285e+01
   1.3685500e+02   2.9390438e+01   1.8454715e+01
   1.3685500e+02   2.8955784e+01   1.6409830e+01
   1.3685500e+02   2.8105473e+01   1.4500000e+01
   1.3685500e+02   2.6876667e+01   1.2808694e+01
   1.3685500e+02   2.5323071e+01   1.1409830e+01
   1.3685500e+02   2.3512585e+01   1.0364545e+01
   1.3685500e+02   2.1524336e+01   9.7185240e+00
   1.3685500e+02   1.9445219e+01   9.5000000e+00
   1.3685500e+02   1.7366102e+01   9.7185240e+00
   1.3685500e+02   1.5377853e+01   1.0364545e+01
   1.3685500e+02   1.3567366e+01   1.1409830e+01
   1.3685500e+02   1.2013771e+01   1.2808694e+01
   1.3685500e+02   1.0784965e+01   1.4500000e+01
   1.3685500e+02   9.9346538e+00   1.6409830e+01
   1.3685500e+02   9.5000000e+00   1.8454715e+01
   1.3685500e+02   9.5000000e+00   2.0545285e+01
   1.3685500e+02   9.9346538e+00   2.2590170e+01
   1.3685500e+02   1.0784965e+01   2.4500000e+01
   1.3685500e+02   1.2013771e+01   2.6191306e+01
   1.3685500e+02   1.3567366e+01   2.7590170e+01
   1.3685500e+02   1.5377853e+01   2.8635455e+01
   1.3685500e+02   1.7366102e+01   2.9281476e+01
   1.3483500e+02   1.9445219e+01   2.9500000e+01
   1.3483500e+02   2.1524336e+01   2.9281476e+01
   1.3483500e+02   2.3512585e+01   2.8635455e+01
   1.3483500e+02   2.5323071e+01   2.7590170e+01
   1.3483500e+02   2.6876667e+01   2.6191306e+01
   1.3483500e+02   2.8105473e+01   2.4500000e+01
   1.3483500e+02   2.8955784e+01   2.2590170e+01
   1.3483500e+02   2.9390438e+01   2.0545285e+01
   1.3483500e+02   2.9390438e+01   1.8454715e+01
   1.3483500e+02   2.8955784e+01   1.6409830e+01
   1.3483500e+02   2.8105473e+01   1.4500000e+01
   1.3483500e+02   2.6876667e+01   1.2808694e+01
   1.3483500e+02   2.5323071e+01   1.1409830e+01
   1.3483500e+02   2.3512585e+01   1.0364545e+01
   1.3483500e+02   2.1524336e+01   9.7185240e+00
   1.3483500e+02   1.9445219e+01   9.5000000e+00
   1.3483500e+02   1.7366102e+01   9.7185240e+00
   1.3483500e+02   1.5377853e+01   1.0364545e+01
   1.3483500e+02   1.3567366e+01   1.1409830e+01
   1.3483500e+02   1.2013771e+01   1.2808694e+01
   1.3483500e+02   1.0784965e+01   1.4500000e+01
   1.3483500e+02   9.9346538e+00   1.6409830e+01
   1.3483500e+02   9.5000000e+00   1.8454715e+01
   1.3483500e+02   9.5000000e+00   2.0545285e+01
   1.3483500e+02   9.9346538e+00   2.2590170e+01
   1.3483500e+02   1.0784965e+01   2.4500000e+01
   1.3483500e+02   1.2013771e+01   2.6191306e+01
   1.3483500e+02   1.3567366e+01   2.7590170e+01
   1.3483500e+02   1.5377853e+01   2.8635455e+01
   1.3483500e+02   1.7366102e+01   2.9281476e+01
   1.3281500e+02   1.9445219e+01   2.9500000e+01
   1.3281500e+02   2.1524336e+01   2.9281476e+01
   1.3281500e+02   2.3512585e+01   2.8635455e+01
   1.3281500e+02   2.5323071e+01   2.7590170e+01
   1.3281500e+02   2.6876667e+01   2.6191306e+01
   1.3281500e+02   2.8105473e+01   2.4500000e+01
   1.3281500e+02   2.8955784e+01   2.2590170e+01
   1.3281500e+02   2.9390438e+01   2.0545285e+01
   1.3281500e+02   2.9390438e+01   1.8454715e+01
   1.3281500e+02   2.8955784e+01   1.6409830e+01
   1.3281500e+02   2.8105473e+01   1.4500000e+01
   1.3281500e+02   2.6876667e+01   1.2808694e+01
   1.3281500e+02   2.5323071e+01   1.1409830e+01
   1.3281500e+02   2.3512585e+01   1.0364545e+01
   1.3281500e+02   2.1524336e+01   9.7185240e+00
   1.3281500e+02   1.9445219e+01   9.5000000e+00
   1.3281500e+02   1.7366102e+01   9.7185240e+00
   1.3281500e+02   1.5377853e+01   1.0364545e+01
   1.3281500e+02   1.3567366e+01   1.1409830e+01
   1.3281500e+02   1.2013771e+01   1.2808694e+01
   1.3281500e+02   1.0784965e+01   1.4500000e+01
   1.3281500e+02   9.9346538e+00   1.6409830e+01
   1.3281500e+02   9.5000000e+00   1.8454715e+01
   1.3281500e+02   9.5000000e+00   2.0545285e+01
   1.3281500e+02   9.9346538e+00   2.2590170e+01
   1.3281500e+02   1.0784965e+01   2.4500000e+01
   1.3281500e+02   1.2013771e+01   2.6191306e+01
   1.3281500e+02   1.3567366e+01   2.7590170e+01
   1.3281500e+02   1.5377853e+01   2.8635455e+01
   1.3281500e+02   1.7366102e+01   2.9281476e+01
   1.3079500e+02   1.9445219e+01   2.9500000e+01
   1.3079500e+02   2.1524336e+01   2.9281476e+01
   1.3079500e+02   2.3512585e+01   2.8635455e+01
   1.3079500e+02   2.5323071e+01   2.7590170e+01
   1.3079500e+02   2.6876667e+01   2.6191306e+01
   1.3079500e+02   2.8105473e+01   2.4500000e+01
   1.3079500e+02   2.8955784e+01   2.2590170e+01
   1.3079500e+02   2.9390438e+01   2.0545285e+01
   1.3079500e+02   2.9390438e+01   1.8454715e+01
   1.3079500e+02   2.8955784e+01   1.6409830e+01
   1.3079500e+02   2.8105473e+01   1.4500000e+01
   1.3079500e+02   2.6876667e+01   1.2808694e+01
   1.3079500e+02   2.5323071e+01   1.1409830e+01
   1.3079500e+02   2.3512585e+01   1.0364545e+01
   1.3079500e+02   2.1524336e+01   9.7185240e+00
   1.3079500e+02   1.9445219e+01   9.5000000e+00
   1.3079500e+02   1.7366102e+01   9.7185240e+00
   1.3079500e+02   1.5377853e+01   1.0364545e+01
   1.3079500e+02   1.3567366e+01   1.1409830e+01
   1.3079500e+02   1.2013771e+01   1.2808694e+01
   1.3079500e+02   1.0784965e+01   1.4500000e+01
   1.3079500e+02   9.9346538e+00   1.6409830e+01
   1.3079500e+02   9.5000000e+00   1.8454715e+01
   1.3079500e+02   9.5000000e+00   2.0545285e+01
   1.3079500e+02   9.9346538e+00   2.2590170e+01
   1.3079500e+02   1.0784965e+01   2.4500000e+01
   1.3079500e+02   1.2013771e+01   2.6191306e+01
   1.3079500e+02   1.3567366e+01   2.7590170e+01
   1.3079500e+02   1.5377853e+01   2.8635455e+01
   1.3079500e+02   1.7366102e+01   2.9281476e+01
   1.2877500e+02   1.9445219e+01   2.9500000e+01
   1.2877500e+02   2.1524336e+01   2.9281476e+01
   1.2877500e+02   2.3512585e+01   2.8635455e+01
   1.2877500e+02   2.5323071e+01   2.7590170e+01
   1.2877500e+02   2.6876667e+01   2.6191306e+01
   1.2877500e+02   2.8105473e+01   2.4500000e+01
   1.2877500e+02   2.8955784e+01   2.2590170e+01
   1.2877500e+02   2.9390438e+01   2.0545285e+01
   1.2877500e+02   2.9390438e+01   1.8454715e+01
   1.2877500e+02   2.8955784e+01   1.6409830e+01
   1.2877500e+02   2.8105473e+01   1.4500000e+01
   1.2877500e+02   2.6876667e+01   1.2808694e+01
   1.2877500e+02   2.5323071e+01   1.1409830e+01
   1.2877500e+02   2.3512585e+01   1.0364545e+01
   1.2877500e+02   2.1524336e+01   9.7185240e+00
   1.2877500e+02   1.9445219e+01   9.5000000e+00
   1.2877500e+02   1.7366102e+01   9.7185240e+00
   1.2877500e+02   1.5377853e+01   1.0364545e+01
   1.2877500e+02   1.3567366e+01   1.1409830e+01
   1.2877500e+02   1.2013771e+01   1.2808694e+01
   1.2877500e+02   1.0784965e+01   1.4500000e+01
   1.2877500e+02   9.9346538e+00   1.6409830e+01
   1.2877500e+02   9.5000000e+00   1.8454715e+01
   1.2877500e+02   9.5000000e+00   2.0545285e+01
   1.2877500e+02   9.9346538e+00   2.2590170e+01
   1.2877500e+02   1.0784965e+01   2.4500000e+01
   1.2877500e+02   1.2013771e+01   2.6191306e+01
   1.2877500e+02   1.3567366e+01   2.7590170e+01
   1.2877500e+02   1.5377853e+01   2.8635455e+01
   1.2877500e+02   1.7366102e+01   2.9281476e+01
   1.2675500e+02   1.9445219e+01   2.9500000e+01
   1.2675500e+02   2.1524336e+01   2.9281476e+01
   1.2675500e+02   2.3512585e+01   2.8635455e+01
   1.2675500e+02   2.5323071e+01   2.7590170e+01
   1.2675500e+02   2.6876667e+01   2.6191306e+01
   1.2675500e+02   2.8105473e+01   2.4500000e+01
   1.2675500e+02   2.8955784e+01   2.2590170e+01
   1.2675500e+02   2.9390438e+01   2.0545285e+01
   1.2675500e+02   2.9390438e+01   1.8454715e+01
   1.2675500e+02   2.8955784e+01   1.6409830e+01
   1.2675500e+02   2.8105473e+01   1.4500000e+01
   1.2675500e+02   2.6876667e+01   1.2808694e+01
   1.2675500e+02   2.5323071e+01   1.1409830e+01
   1.2675500e+02   2.3512585e+01   1.0364545e+01
   1.2675500e+02   2.1524336e+01   9.7185240e+00
   1.2675500e+02   1.9445219e+01   9.5000000e+00
   1.2675500e+02   1.7366102e+01   9.7185240e+00
   1.2675500e+02   1.5377853e+01   1.0364545e+01
   1.2675500e+02   1.3567366e+01   1.1409830e+01
   1.2675500e+02   1.2013771e+01   1.2808694e+01
   1.2675500e+02   1.0784965e+01   1.4500000e+01
   1.2675500e+02   9.9346538e+00   1.6409830e+01
   1.2675500e+02   9.5000000e+00   1.8454715e+01
   1.2675500e+02   9.5000000e+00   2.0545285e+01
   1.2675500e+02   9.9346538e+00   2.2590170e+01
   1.2675500e+02   1.0784965e+01   2.4500000e+01
   1.2675500e+02   1.2013771e+01   2.6191306e+01
   1.2675500e+02   1.3567366e+01   2.7590170e+01
   1.2675500e+02   1.5377853e+01   2.8635455e+01
   1.2675500e+02   1.7366102e+01   2.9281476e+01
   1.2473500e+02   1.9445219e+01   2.9500000e+01
   1.2473500e+02   2.1524336e+01   2.9281476e+01
   1.2473500e+02   2.3512585e+01   2.8635455e+01
   1.2473500e+02   2.5323071e+01   2.7590170e+01
   1.2473500e+02   2.6876667e+01   2.6191306e+01
   1.2473500e+02   2.8105473e+01   2.4500000e+01
   1.2473500e+02   2.8955784e+01   2.2590170e+01
   1.2473500e+02   2.9390438e+01   2.0545285e+01
   1.2473500e+02   2.9390438e+01   1.8454715e+01
   1.2473500e+02   2.8955784e+01   1.6409830e+01
   1.2473500e+02   2.8105473e+01   1.4500000e+01
   1.2473500e+02   2.6876667e+01   1.2808694e+01
   1.2473500e+02   2.5323071e+01   1.1409830e+01
   1.2473500e+02   2.3512585e+01   1.0364545e+01
   1.2473500e+02   2.1524336e+01   9.7185240e+00
   1.2473500e+02   1.9445219e+01   9.5000000e+00
   1.2473500e+02   1.7366102e+01   9.7185240e+00
   1.2473500e+02   1.5377853e+01   1.0364545e+01
   1.2473500e+02   1.3567366e+01   1.1409830e+01
   1.2473500e+02   1.2013771e+01   1.2808694e+01
   1.2473500e+02   1.0784965e+01   1.4500000e+01
   1.2473500e+02   9.9346538e+00   1.6409830e+01
   1.2473500e+02   9.5000000e+00   1.8454715e+01
   1.2473500e+02   9.5000000e+00   2.0545285e+01
   1.2473500e+02   9.9346538e+00   2.2590170e+01
   1.2473500e+02   1.0784965e+01   2.4500000e+01
   1.2473500e+02   1.2013771e+01   2.6191306e+01
   1.2473500e+02   1.3567366e+01   2.7590170e+01
   1.2473500e+02   1.5377853e+01   2.8635455e+01
   1.2473500e+02   1.7366102e+01   2.9281476e+01
   1.2271500e+02   1.9445219e+01   2.9500000e+01
   1.2271500e+02   2.1524336e+01   2.9281476e+01
   1.2271500e+02   2.3512585e+01   2.8635455e+01
   1.2271500e+02   2.5323071e+01   2.7590170e+01
   1.2271500e+02   2.6876667e+01   2.6191306e+01
   1.2271500e+02   2.8105473e+01   2.4500000e+01
   1.2271500e+02   2.8955784e+01   2.2590170e+01
   1.2271500e+02   2.9390438e+01   2.0545285e+01
   1.2271500e+02   2.9390438e+01   1.8454715e+01
   1.2271500e+02   2.8955784e+01   1.6409830e+01
   1.2271500e+02   2.8105473e+01   1.4500000e+01
   1.2271500e+02   2.6876667e+01   1.2808694e+01
   1.2271500e+02   2.5323071e+01   1.1409830e+01
   1.2271500e+02   2.3512585e+01   1.0364545e+01
   1.2271500e+02   2.1524336e+01   9.7185240e+00
   1.2271500e+02   1.9445219e+01   9.5000000e+00
   1.2271500e+02   1.7366102e+01   9.7185240e+00
   1.2271500e+02   1.5377853e+01   1.0364545e+01
   1.2271500e+02   1.3567366e+01   1.1409830e+01
   1.2271500e+02   1.2013771e+01   1.2808694e+01
   1.2271500e+02   1.0784965e+01   1.4500000e+01
   1.2271500e+02   9.9346538e+00   1.6409830e+01
   1.2271500e+02   9.5000000e+00   1.8454715e+01
   1.2271500e+02   9.5000000e+00   2.0545285e+01
   1.2271500e+02   9.9346538e+00   2.2590170e+01
   1.2271500e+02   1.0784965e+01   2.4500000e+01
   1.2271500e+02   1.2013771e+01   2.6191306e+01
   1.2271500e+02   1.3567366e+01   2.7590170e+01
   1.2271500e+02   1.5377853e+01   2.8635455e+01
   1.2271500e+02   1.7366102e+01   2.9281476e+01
   1.2069500e+02   1.9445219e+01   2.9500000e+01
   1.2069500e+02   2.1524336e+01   2.9281476e+01
   1.2069500e+02   2.3512585e+01   2.8635455e+01
   1.2069500e+02   2.5323071e+01   2.7590170e+01
   1.2069500e+02   2.6876667e+01   2.6191306e+01
   1.2069500e+02   2.8105473e+01   2.4500000e+01
   1.2069500e+02   2.8955784e+01   2.2590170e+01
   1.2069500e+02   2.9390438e+01   2.0545285e+01
   1.2069500e+02   2.9390438e+01   1.8454715e+01
   1.2069500e+02   2.8955784e+01   1.6409830e+01
   1.2069500e+02   2.8105473e+01   1.4500000e+01
   1.2069500e+02   2.6876667e+01   1.2808694e+01
   1.2069500e+02   2.5323071e+01   1.1409830e+01
   1.2069500e+02   2.3512585e+01   1.0364545e+01
   1.2069500e+02   2.1524336e+01   9.7185240e+00
   1.2069500e+02   1.9445219e+01   9.5000000e+00
   1.2069500e+02   1.7366102e+01   9.7185240e+00
   1.2069500e+02   1.5377853e+01   1.0364545e+01
   1.2069500e+02   1.3567366e+01   1.1409830e+01
   1.2069500e+02   1.2013771e+01   1.2808694e+01
   1.2069500e+02   1.0784965e+01   1.4500000e+01
   1.2069500e+02   9.9346538e+00   1.6409830e+01
   1.2069500e+02   9.5000000e+00   1.8454715e+01
   1.2069500e+02   9.5000000e+00   2.0545285e+01
   1.2069500e+02   9.9346538e+00   2.2590170e+01
   1.2069500e+02   1.0784965e+01   2.4500000e+01
   1.2069500e+02   1.2013771e+01   2.6191306e+01
   1.2069500e+02   1.3567366e+01   2.7590170e+01
   1.2069500e+02   1.5377853e+01   2.8635455e+01
   1.2069500e+02   1.7366102e+01   2.9281476e+01
   1.1867500e+02   1.9445219e+01   2.9500000e+01
   1.1867500e+02   2.1524336e+01   2.9281476e+01
   1.1867500e+02   2.3512585e+01   2.8635455e+01
   1.1867500e+02   2.5323071e+01   2.7590170e+01
   1.1867500e+02   2.6876667e+01   2.6191306e+01
   1.1867500e+02   2.8105473e+01   2.4500000e+01
   1.1867500e+02   2.8955784e+01   2.2590170e+01
   1.1867500e+02   2.9390438e+01   2.0545285e+01
   1.1867500e+02   2.9390438e+01   1.8454715e+01
   1.1867500e+02   2.8955784e+01   1.6409830e+01
   1.1867500e+02   2.8105473e+01   1.4500000e+01
   1.1867500e+02   2.6876667e+01   1.2808694e+01
   1.1867500e+02   2.5323071e+01   1.1409830e+01
   1.1867500e+02   2.3512585e+01   1.0364545e+01
   1.1867500e+02   2.1524336e+01   9.7185240e+00
   1.1867500e+02   1.9445219e+01   9.5000000e+00
   1.1867500e+02   1.7366102e+01   9.7185240e+00
   1.1867500e+02   1.5377853e+01   1.0364545e+01
   1.1867500e+02   1.3567366e+01   1.1409830e+01
   1.1867500e+02   1.2013771e+01   1.2808694e+01
   1.1867500e+02   1.0784965e+01   1.4500000e+01
   1.1867500e+02   9.9346538e+00   1.6409830e+01
   1.1867500e+02   9.5000000e+00   1.8454715e+01
   1.1867500e+02   9.5000000e+00   2.0545285e+01
   1.1867500e+02   9.9346538e+00   2.2590170e+01
   1.1867500e+02   1.0784965e+01   2.4500000e+01
   1.1867500e+02   1.2013771e+01   2.6191306e+01
   1.1867500e+02   1.3567366e+01   2.7590170e+01
   1.1867500e+02   1.5377853e+01   2.8635455e+01
   1.1867500e+02   1.7366102e+01   2.9281476e+01
   1.1665500e+02   1.9445219e+01   2.9500000e+01
   1.1665500e+02   2.1524336e+01   2.9281476e+01
   1.1665500e+02   2.3512585e+01   2.8635455e+01
   1.1665500e+02   2.5323071e+01   2.7590170e+01
   1.1665500e+02   2.6876667e+01   2.6191306e+01
   1.1665500e+02   2.8105473e+01   2.4500000e+01
   1.1665500e+02   2.8955784e+01   2.2590170e+01
   1.1665500e+02   2.9390438e+01   2.0545285e+01
   1.1665500e+02   2.9390438e+01   1.8454715e+01
   1.1665500e+02   2.8955784e+01   1.6409830e+01
   1.1665500e+02   2.8105473e+01   1.4500000e+01
   1.1665500e+02   2.6876667e+01   1.2808694e+01
   1.1665500e+02   2.5323071e+01   1.1409830e+01
   1.1665500e+02   2.3512585e+01   1.0364545e+01
   1.1665500e+02   2.1524336e+01   9.7185240e+00
   1.1665500e+02   1.9445219e+01   9.5000000e+00
   1.1665500e+02   1.7366102e+01   9.7185240e+00
   1.1665500e+02   1.5377853e+01   1.0364545e+01
   1.1665500e+02   1.3567366e+01   1.1409830e+01
   1.1665500e+02   1.2013771e+01   1.2808694e+01
   1.1665500e+02   1.0784965e+01   1.4500000e+01
   1.1665500e+02   9.9346538e+00   1.6409830e+01
   1.1665500e+02   9.5000000e+00   1.8454715e+01
   1.1665500e+02   9.5000000e+00   2.0545285e+01
   1.1665500e+02   9.9346538e+00   2.2590170e+01
   1.1665500e+02   1.0784965e+01   2.4500000e+01
   1.1665500e+02   1.2013771e+01   2.6191306e+01
   1.1665500e+02   1.3567366e+01   2.7590170e+01
   1.1665500e+02   1.5377853e+01   2.8635455e+01
   1.1665500e+02   1.7366102e+01   2.9281476e+01
   1.1463500e+02   1.9445219e+01   2.9500000e+01
   1.1463500e+02   2.1524336e+01   2.9281476e+01
   1.1463500e+02   2.3512585e+01   2.8635455e+01
   1.1463500e+02   2.5323071e+01   2.7590170e+01
   1.1463500e+02   2.6876667e+01   2.6191306e+01
   1.1463500e+02   2.8105473e+01   2.4500000e+01
   1.1463500e+02   2.8955784e+01   2.2590170e+01
   1.1463500e+02   2.9390438e+01   2.0545285e+01
   1.1463500e+02   2.9390438e+01   1.8454715e+01
   1.1463500e+02   2.8955784e+01   1.6409830e+01
   1.1463500e+02   2.8105473e+01   1.4500000e+01
   1.1463500e+02   2.6876667e+01   1.2808694e+01
   1.1463500e+02   2.5323071e+01   1.1409830e+01
   1.1463500e+02   2.3512585e+01   1.0364545e+01
   1.1463500e+02   2.1524336e+01   9.7185240e+00
   1.1463500e+02   1.9445219e+01   9.5000000e+00
   1.1463500e+02   1.7366102e+01   9.7185240e+00
   1.1463500e+02   1.5377853e+01   1.0364545e+01
   1.1463500e+02   1.3567366e+01   1.1409830e+01
   1.1463500e+02   1.2013771e+01   1.2808694e+01
   1.1463500e+02   1.0784965e+01   1.4500000e+01
   1.1463500e+02   9.9346538e+00   1.6409830e+01
   1.1463500e+02   9.5000000e+00   1.8454715e+01
   1.1463500e+02   9.5000000e+00   2.0545285e+01
   1.1463500e+02   9.9346538e+00   2.2590170e+01
   1.1463500e+02   1.0784965e+01   2.4500000e+01
   1.1463500e+02   1.2013771e+01   2.6191306e+01
   1.1463500e+02   1.3567366e+01   2.7590170e+01
   1.1463500e+02   1.5377853e+01   2.8635455e+01
   1.1463500e+02   1.7366102e+01   2.9281476e+01
   1.1261500e+02   1.9445219e+01   2.9500000e+01
   1.1261500e+02   2.1524336e+01   2.9281476e+01
   1.1261500e+02   2.3512585e+01   2.8635455e+01
   1.1261500e+02   2.5323071e+01   2.7590170e+01
   1.1261500e+02   2.6876667e+01   2.6191306e+01
   1.1261500e+02   2.8105473e+01   2.4500000e+01
   1.1261500e+02   2.8955784e+01   2.2590170e+01
   1.1261500e+02   2.9390438e+01   2.0545285e+01
   1.1261500e+02   2.9390438e+01   1.8454715e+01
   1.1261500e+02   2.8955784e+01   1.6409830e+01
   1.1261500e+02   2.8105473e+01   1.4500000e+01
   1.1261500e+02   2.6876667e+01   1.2808694e+01
   1.1261500e+02   2.5323071e+01   1.1409830e+01
   1.1261500e+02   2.3512585e+01   1.0364545e+01
   1.1261500e+02   2.1524336e+01   9.7185240e+00
   1.1261500e+02   1.9445219e+01   9.5000000e+00
   1.1261500e+02   1.7366102e+01   9.7185240e+00
   1.1261500e+02   1.5377853e+01   1.0364545e+01
   1.1261500e+02   1.3567366e+01   1.1409830e+01
   1.1261500e+02   1.2013771e+01   1.2808694e+01
   1.1261500e+02   1.0784965e+01   1.4500000e+01
   1.1261500e+02   9.9346538e+00   1.6409830e+01
   1.1261500e+02   9.5000000e+00   1.8454715e+01
   1.1261500e+02   9.5000000e+00   2.0545285e+01
   1.1261500e+02   9.9346538e+00   2.2590170e+01
   1.1261500e+02   1.0784965e+01   2.4500000e+01
   1.1261500e+02   1.2013771e+01   2.6191306e+01
   1.1261500e+02   1.3567366e+01   2.7590170e+01
   1.1261500e+02   1.5377853e+01   2.8635455e+01
   1.1261500e+02   1.7366102e+01   2.9281476e+01
   1.1059500e+02   1.9445219e+01   2.9500000e+01
   1.1059500e+02   2.1524336e+01   2.9281476e+01
   1.1059500e+02   2.3512585e+01   2.8635455e+01
   1.1059500e+02   2.5323071e+01   2.7590170e+01
   1.1059500e+02   2.6876667e+01   2.6191306e+01
   1.1059500e+02   2.8105473e+01   2.4500000e+01
   1.1059500e+02   2.8955784e+01   2.2590170e+01
   1.1059500e+02   2.9390438e+01   2.0545285e+01
   1.1059500e+02   2.9390438e+01   1.8454715e+01
   1.1059500e+02   2.8955784e+01   1.6409830e+01
   1.1059500e+02   2.8105473e+01   1.4500000e+01
   1.1059500e+02   2.6876667e+01   1.2808694e+01
   1.1059500e+02   2.5323071e+01   1.1409830e+01
   1.1059500e+02   2.3512585e+01   1.0364545e+01
   1.1059500e+02   2.1524336e+01   9.7185240e+00
   1.1059500e+02   1.9445219e+01   9.5000000e+00
   1.1059500e+02   1.7366102e+01   9.7185240e+00
   1.1059500e+02   1.5377853e+01   1.0364545e+01
   1.1059500e+02   1.3567366e+01   1.1409830e+01
   1.1059500e+02   1.2013771e+01   1.2808694e+01
   1.1059500e+02   1.0784965e+01   1.4500000e+01
   1.1059500e+02   9.9346538e+00   1.6409830e+01
   1.1059500e+02   9.5000000e+00   1.8454715e+01
   1.1059500e+02   9.5000000e+00   2.0545285e+01
   1.1059500e+02   9.9346538e+00   2.2590170e+01
   1.1059500e+02   1.0784965e+01   2.4500000e+01
   1.1059500e+02   1.2013771e+01   2.6191306e+01
   1.1059500e+02   1.3567366e+01   2.7590170e+01
   1.1059500e+02   1.5377853e+01   2.8635455e+01
   1.1059500e+02   1.7366102e+01   2.9281476e+01
   1.0857500e+02   1.9445219e+01   2.9500000e+01
   1.0857500e+02   2.1524336e+01   2.9281476e+01
   1.0857500e+02   2.3512585e+01   2.8635455e+01
   1.0857500e+02   2.5323071e+01   2.7590170e+01
   1.0857500e+02   2.6876667e+01   2.6191306e+01
   1.0857500e+02   2.8105473e+01   2.4500000e+01
   1.0857500e+02   2.8955784e+01   2.2590170e+01
   1.0857500e+02   2.9390438e+01   2.0545285e+01
   1.0857500e+02   2.9390438e+01   1.8454715e+01
   1.0857500e+02   2.8955784e+01   1.6409830e+01
   1.0857500e+02   2.8105473e+01   1.4500000e+01
   1.0857500e+02   2.6876667e+01   1.2808694e+01
   1.0857500e+02   2.5323071e+01   1.1409830e+01
   1.0857500e+02   2.3512585e+01   1.0364545e+01
   1.0857500e+02   2.1524336e+01   9.7185240e+00
   1.0857500e+02   1.9445219e+01   9.5000000e+00
   1.0857500e+02   1.7366102e+01   9.7185240e+00
   1.0857500e+02   1.5377853e+01   1.0364545e+01
   1.0857500e+02   1.3567366e+01   1.1409830e+01
   1.0857500e+02   1.2013771e+01   1.2808694e+01
   1.0857500e+02   1.0784965e+01   1.4500000e+01
   1.0857500e+02   9.9346538e+00   1.6409830e+01
   1.0857500e+02   9.5000000e+00   1.8454715e+01
   1.0857500e+02   9.5000000e+00   2.0545285e+01
   1.0857500e+02   9.9346538e+00   2.2590170e+01
   1.0857500e+02   1.0784965e+01   2.4500000e+01
   1.0857500e+02   1.2013771e+01   2.6191306e+01
   1.0857500e+02   1.3567366e+01   2.7590170e+01
   1.0857500e+02   1.5377853e+01   2.8635455e+01
   1.0857500e+02   1.7366102e+01   2.9281476e+01
   1.0655500e+02   1.9445219e+01   2.9500000e+01
   1.0655500e+02   2.1524336e+01   2.9281476e+01
   1.0655500e+02   2.3512585e+01   2.8635455e+01
   1.0655500e+02   2.5323071e+01   2.7590170e+01
   1.0655500e+02   2.6876667e+01   2.6191306e+01
   1.0655500e+02   2.8105473e+01   2.4500000e+01
   1.0655500e+02   2.8955784e+01   2.2590170e+01
   1.0655500e+02   2.9390438e+01   2.0545285e+01
   1.0655500e+02   2.9390438e+01   1.8454715e+01
   1.0655500e+02   2.8955784e+01   1.6409830e+01
   1.0655500e+02   2.8105473e+01   1.4500000e+01
   1.0655500e+02   2.6876667e+01   1.2808694e+01
   1.0655500e+02   2.5323071e+01   1.1409830e+01
   1.0655500e+02   2.3512585e+01   1.0364545e+01
   1.0655500e+02   2.1524336e+01   9.7185240e+00
   1.0655500e+02   1.9445219e+01   9.5000000e+00
   1.0655500e+02   1.7366102e+01   9.7185240e+00
   1.0655500e+02   1.5377853e+01   1.0364545e+01
   1.0655500e+02   1.3567366e+01   1.1409830e+01
   1.0655500e+02   1.2013771e+01   1.2808694e+01
   1.0655500e+02   1.0784965e+01   1.4500000e+01
   1.0655500e+02   9.9346538e+00   1.6409830e+01
   1.0655500e+02   9.5000000e+00   1.8454715e+01
   1.0655500e+02   9.5000000e+00   2.0545285e+01
   1.0655500e+02   9.9346538e+00   2.2590170e+01
   1.0655500e+02   1.0784965e+01   2.4500000e+01
   1.0655500e+02   1.2013771e+01   2.6191306e+01
   1.0655500e+02   1.3567366e+01   2.7590170e+01
   1.0655500e+02   1.5377853e+01   2.8635455e+01
   1.0655500e+02   1.7366102e+01   2.9281476e+01
   1.0453500e+02   1.9445219e+01   2.9500000e+01
   1.0453500e+02   2.1524336e+01   2.9281476e+01
   1.0453500e+02   2.3512585e+01   2.8635455e+01
   1.0453500e+02   2.5323071e+01   2.7590170e+01
   1.0453500e+02   2.6876667e+01   2.6191306e+01
   1.0453500e+02   2.8105473e+01   2.4500000e+01
   1.0453500e+02   2.8955784e+01   2.2590170e+01
   1.0453500e+02   2.9390438e+01   2.0545285e+01
   1.0453500e+02   2.9390438e+01   1.8454715e+01
   1.0453500e+02   2.8955784e+01   1.6409830e+01
   1.0453500e+02   2.8105473e+01   1.4500000e+01
   1.0453500e+02   2.6876667e+01   1.2808694e+01
   1.0453500e+02   2.5323071e+01   1.1409830e+01
   1.0453500e+02   2.3512585e+01   1.0364545e+01
   1.0453500e+02   2.1524336e+01   9.7185240e+00
   1.0453500e+02   1.9445219e+01   9.5000000e+00
   1.0453500e+02   1.7366102e+01   9.7185240e+00
   1.0453500e+02   1.5377853e+01   1.0364545e+01
   1.0453500e+02   1.3567366e+01   1.1409830e+01
   1.0453500e+02   1.2013771e+01   1.2808694e+01
   1.0453500e+02   1.0784965e+01   1.4500000e+01
   1.0453500e+02   9.9346538e+00   1.6409830e+01
   1.0453500e+02   9.5000000e+00   1.8454715e+01
   1.0453500e+02   9.5000000e+00   2.0545285e+01
   1.0453500e+02   9.9346538e+00   2.2590170e+01
   1.0453500e+02   1.0784965e+01   2.4500000e+01
   1.0453500e+02   1.2013771e+01   2.6191306e+01
   1.0453500e+02   1.3567366e+01   2.7590170e+01
   1.0453500e+02   1.5377853e+01   2.8635455e+01
   1.0453500e+02   1.7366102e+01   2.9281476e+01
   1.0251500e+02   1.9445219e+01   2.9500000e+01
   1.0251500e+02   2.1524336e+01   2.9281476e+01
   1.0251500e+02   2.3512585e+01   2.8635455e+01
   1.0251500e+02   2.5323071e+01   2.7590170e+01
   1.0251500e+02   2.6876667e+01   2.6191306e+01
   1.0251500e+02   2.8105473e+01   2.4500000e+01
   1.0251500e+02   2.8955784e+01   2.2590170e+01
   1.0251500e+02   2.9390438e+01   2.0545285e+01
   1.0251500e+02   2.9390438e+01   1.8454715e+01
   1.0251500e+02   2.8955784e+01   1.6409830e+01
   1.0251500e+02   2.8105473e+01   1.4500000e+01
   1.0251500e+02   2.6876667e+01   1.2808694e+01
   1.0251500e+02   2.5323071e+01   1.1409830e+01
   1.0251500e+02   2.3512585e+01   1.0364545e+01
   1.0251500e+02   2.1524336e+01   9.7185240e+00
   1.0251500e+02   1.9445219e+01   9.5000000e+00
   1.0251500e+02   1.7366102e+01   9.7185240e+00
   1.0251500e+02   1.5377853e+01   1.0364545e+01
   1.0251500e+02   1.3567366e+01   1.1409830e+01
   1.0251500e+02   1.2013771e+01   1.2808694e+01
   1.0251500e+02   1.0784965e+01   1.4500000e+01
   1.0251500e+02   9.9346538e+00   1.6409830e+01
   1.0251500e+02   9.5000000e+00   1.8454715e+01
   1.0251500e+02   9.5000000e+00   2.0545285e+01
   1.0251500e+02   9.9346538e+00   2.2590170e+01
   1.0251500e+02   1.0784965e+01   2.4500000e+01
   1.0251500e+02   1.2013771e+01   2.6191306e+01
   1.0251500e+02   1.3567366e+01   2.7590170e+01
   1.0251500e+02   1.5377853e+01   2.8635455e+01
   1.0251500e+02   1.7366102e+01   2.9281476e+01
   1.0049500e+02   1.9445219e+01   2.9500000e+01
   1.0049500e+02   2.1524336e+01   2.9281476e+01
   1.0049500e+02   2.3512585e+01   2.8635455e+01
   1.0049500e+02   2.5323071e+01   2.7590170e+01
   1.0049500e+02   2.6876667e+01   2.6191306e+01
   1.0049500e+02   2.8105473e+01   2.4500000e+01
   1.0049500e+02   2.8955784e+01   2.2590170e+01
   1.0049500e+02   2.9390438e+01   2.0545285e+01
   1.0049500e+02   2.9390438e+01   1.8454715e+01
   1.0049500e+02   2.8955784e+01   1.6409830e+01
   1.0049500e+02   2.8105473e+01   1.4500000e+01
   1.0049500e+02   2.6876667e+01   1.2808694e+01
   1.0049500e+02   2.5323071e+01   1.1409830e+01
   1.0049500e+02   2.3512585e+01   1.0364545e+01
   1.0049500e+02   2.1524336e+01   9.7185240e+00
   1.0049500e+02   1.9445219e+01   9.5000000e+00
   1.0049500e+02   1.7366102e+01   9.7185240e+00
   1.0049500e+02   1.5377853e+01   1.0364545e+01
   1.0049500e+02   1.3567366e+01   1.1409830e+01
   1.0049500e+02   1.2013771e+01   1.2808694e+01
   1.0049500e+02   1.0784965e+01   1.4500000e+01
   1.0049500e+02   9.9346538e+00   1.6409830e+01
   1.0049500e+02   9.5000000e+00   1.8454715e+01
   1.0049500e+02   9.5000000e+00   2.0545285e+01
   1.0049500e+02   9.9346538e+00   2.2590170e+01
   1.0049500e+02   1.0784965e+01   2.4500000e+01
   1.0049500e+02   1.2013771e+01   2.6191306e+01
   1.0049500e+02   1.3567366e+01   2.7590170e+01
   1.0049500e+02   1.5377853e+01   2.8635455e+01
   1.0049500e+02   1.7366102e+01   2.9281476e+01
   9.8475000e+01   1.9445219e+01   2.9500000e+01
   9.8475000e+01   2.1524336e+01   2.9281476e+01
   9.8475000e+01   2.3512585e+01   2.8635455e+01
   9.8475000e+01   2.5323071e+01   2.7590170e+01
   9.8475000e+01   2.6876667e+01   2.6191306e+01
   9.8475000e+01   2.8105473e+01   2.4500000e+01
   9.8475000e+01   2.8955784e+01   2.2590170e+01
   9.8475000e+01   2.9390438e+01   2.0545285e+01
   9.8475000e+01   2.9390438e+01   1.8454715e+01
   9.8475000e+01   2.8955784e+01   1.6409830e+01
   9.8475000e+01   2.8105473e+01   1.4500000e+01
   9.8475000e+01   2.6876667e+01   1.2808694e+01
   9.8475000e+01   2.5323071e+01   1.1409830e+01
   9.8475000e+01   2.3512585e+01   1.0364545e+01
   9.8475000e+01   2.1524336e+01   9.7185240e+00
   9.8475000e+01   1.9445219e+01   9.5000000e+00
   9.8475000e+01   1.7366102e+01   9.7185240e+00
   9.8475000e+01   1.5377853e+01   1.0364545e+01
   9.8475000e+01   1.3567366e+01   1.1409830e+01
   9.8475000e+01   1.2013771e+01   1.2808694e+01
   9.8475000e+01   1.0784965e+01   1.4500000e+01
   9.8475000e+01   9.9346538e+00   1.6409830e+01
   9.8475000e+01   9.5000000e+00   1.8454715e+01
   9.8475000e+01   9.5000000e+00   2.0545285e+01
   9.8475000e+01   9.9346538e+00   2.2590170e+01
   9.8475000e+01   1.0784965e+01   2.4500000e+01
   9.8475000e+01   1.2013771e+01   2.6191306e+01
   9.8475000e+01   1.3567366e+01   2.7590170e+01
   9.8475000e+01   1.5377853e+01   2.8635455e+01
   9.8475000e+01   1.7366102e+01   2.9281476e+01
   9.6455000e+01   1.9445219e+01   2.9500000e+01
   9.6455000e+01   2.1524336e+01   2.9281476e+01
   9.6455000e+01   2.3512585e+01   2.8635455e+01
   9.6455000e+01   2.5323071e+01   2.7590170e+01
   9.6455000e+01   2.6876667e+01   2.6191306e+01
   9.6455000e+01   2.8105473e+01   2.4500000e+01
   9.6455000e+01   2.8955784e+01   2.2590170e+01
   9.6455000e+01   2.9390438e+01   2.0545285e+01
   9.6455000e+01   2.9390438e+01   1.8454715e+01
   9.6455000e+01   2.8955784e+01   1.6409830e+01
   9.6455000e+01   2.8105473e+01   1.4500000e+01
   9.6455000e+01   2.6876667e+01   1.2808694e+01
   9.6455000e+01   2.5323071e+01   1.1409830e+01
   9.6455000e+01   2.3512585e+01   1.0364545e+01
   9.6455000e+01   2.1524336e+01   9.7185240e+00
   9.6455000e+01   1.9445219e+01   9.5000000e+00
   9.6455000e+01   1.7366102e+01   9.7185240e+00
   9.6455000e+01   1.5377853e+01   1.0364545e+01
   9.6455000e+01   1.3567366e+01   1.1409830e+01
   9.6455000e+01   1.2013771e+01   1.2808694e+01
   9.6455000e+01   1.0784965e+01   1.4500000e+01
   9.6455000e+01   9.9346538e+00   1.6409830e+01
   9.6455000e+01   9.5000000e+00   1.8454715e+01
   9.6455000e+01   9.5000000e+00   2.0545285e+01
   9.6455000e+01   9.9346538e+00   2.2590170e+01
   9.6455000e+01   1.0784965e+01   2.4500000e+01
   9.6455000e+01   1.2013771e+01   2.6191306e+01
   9.6455000e+01   1.3567366e+01   2.7590170e+01
   9.6455000e+01   1.5377853e+01   2.8635455e+01
   9.6455000e+01   1.7366102e+01   2.9281476e+01
   9.4435000e+01   1.9445219e+01   2.9500000e+01
   9.4435000e+01   2.1524336e+01   2.9281476e+01
   9.4435000e+01   2.3512585e+01   2.8635455e+01
   9.4435000e+01   2.5323071e+01   2.7590170e+01
   9.4435000e+01   2.6876667e+01   2.6191306e+01
   9.4435000e+01   2.8105473e+01   2.4500000e+01
   9.4435000e+01   2.8955784e+01   2.2590170e+01
   9.4435000e+01   2.9390438e+01   2.0545285e+01
   9.4435000e+01   2.9390438e+01   1.8454715e+01
   9.4435000e+01   2.8955784e+01   1.6409830e+01
   9.4435000e+01   2.8105473e+01   1.4500000e+01
   9.4435000e+01   2.6876667e+01   1.2808694e+01
   9.4435000e+01   2.5323071e+01   1.1409830e+01
   9.4435000e+01   2.3512585e+01   1.0364545e+01
   9.4435000e+01   2.1524336e+01   9.7185240e+00
   9.4435000e+01   1.9445219e+01   9.5000000e+00
   9.4435000e+01   1.7366102e+01   9.7185240e+00
   9.4435000e+01   1.5377853e+01   1.0364545e+01
   9.4435000e+01   1.3567366e+01   1.1409830e+01
   9.4435000e+01   1.2013771e+01   1.2808694e+01
   9.4435000e+01   1.0784965e+01   1.4500000e+01
   9.4435000e+01   9.9346538e+00   1.6409830e+01
   9.4435000e+01   9.5000000e+00   1.8454715e+01
   9.4435000e+01   9.5000000e+00   2.0545285e+01
   9.4435000e+01   9.9346538e+00   2.2590170e+01
   9.4435000e+01   1.0784965e+01   2.4500000e+01
   9.4435000e+01   1.2013771e+01   2.6191306e+01
   9.4435000e+01   1.3567366e+01   2.7590170e+01
   9.4435000e+01   1.5377853e+01   2.8635455e+01
   9.4435000e+01   1.7366102e+01   2.9281476e+01
   9.2415000e+01   1.9445219e+01   2.9500000e+01
   9.2415000e+01   2.1524336e+01   2.9281476e+01
   9.2415000e+01   2.3512585e+01   2.8635455e+01
   9.2415000e+01   2.5323071e+01   2.7590170e+01
   9.2415000e+01   2.6876667e+01   2.6191306e+01
   9.2415000e+01   2.8105473e+01   2.4500000e+01
   9.2415000e+01   2.8955784e+01   2.2590170e+01
   9.2415000e+01   2.9390438e+01   2.0545285e+01
   9.2415000e+01   2.9390438e+01   1.8454715e+01
   9.2415000e+01   2.8955784e+01   1.6409830e+01
   9.2415000e+01   2.8105473e+01   1.4500000e+01
   9.2415000e+01   2.6876667e+01   1.2808694e+01
   9.2415000e+01   2.5323071e+01   1.1409830e+01
   9.2415000e+01   2.3512585e+01   1.0364545e+01
   9.2415000e+01   2.1524336e+01   9.7185240e+00
   9.2415000e+01   1.9445219e+01   9.5000000e+00
   9.2415000e+01   1.7366102e+01   9.7185240e+00
   9.2415000e+01   1.5377853e+01   1.0364545e+01
   9.2415000e+01   1.3567366e+01   1.1409830e+01
   9.2415000e+01   1.2013771e+01   1.2808694e+01
   9.2415000e+01   1.0784965e+01   1.4500000e+01
   9.2415000e+01   9.9346538e+00   1.6409830e+01
   9.2415000e+01   9.5000000e+00   1.8454715e+01
   9.2415000e+01   9.5000000e+00   2.0545285e+01
   9.2415000e+01   9.9346538e+00   2.2590170e+01
   9.2415000e+01   1.0784965e+01   2.4500000e+01
   9.2415000e+01   1.2013771e+01   2.6191306e+01
   9.2415000e+01   1.3567366e+01   2.7590170e+01
   9.2415000e+01   1.5377853e+01   2.8635455e+01
   9.2415000e+01   1.7366102e+01   2.9281476e+01
   9.0395000e+01   1.9445219e+01   2.9500000e+01
   9.0395000e+01   2.1524336e+01   2.9281476e+01
   9.0395000e+01   2.3512585e+01   2.8635455e+01
   9.0395000e+01   2.5323071e+01   2.7590170e+01
   9.0395000e+01   2.6876667e+01   2.6191306e+01
   9.0395000e+01   2.8105473e+01   2.4500000e+01
   9.0395000e+01   2.8955784e+01   2.2590170e+01
   9.0395000e+01   2.9390438e+01   2.0545285e+01
   9.0395000e+01   2.9390438e+01   1.8454715e+01
   9.0395000e+01   2.8955784e+01   1.6409830e+01
   9.0395000e+01   2.8105473e+01   1.4500000e+01
   9.0395000e+01   2.6876667e+01   1.2808694e+01
   9.0395000e+01   2.5323071e+01   1.1409830e+01
   9.0395000e+01   2.3512585e+01   1.0364545e+01
   9.0395000e+01   2.1524336e+01   9.7185240e+00
   9.0395000e+01   1.9445219e+01   9.5000000e+00
   9.0395000e+01   1.7366102e+01   9.7185240e+00
   9.0395000e+01   1.5377853e+01   1.0364545e+01
   9.0395000e+01   1.3567366e+01   1.1409830e+01
   9.0395000e+01   1.2013771e+01   1.2808694e+01
   9.0395000e+01   1.0784965e+01   1.4500000e+01
   9.0395000e+01   9.9346538e+00   1.6409830e+01
   9.0395000e+01   9.5000000e+00   1.8454715e+01
   9.0395000e+01   9.5000000e+00   2.0545285e+01
   9.0395000e+01   9.9346538e+00   2.2590170e+01
   9.0395000e+01   1.0784965e+01   2.4500000e+01
   9.0395000e+01   1.2013771e+01   2.6191306e+01
   9.0395000e+01   1.3567366e+01   2.7590170e+01
   9.0395000e+01   1.5377853e+01   2.8635455e+01
   9.0395000e+01   1.7366102e+01   2.9281476e+01
   8.8375000e+01   1.9445219e+01   2.9500000e+01
   8.8375000e+01   2.1524336e+01   2.9281476e+01
   8.8375000e+01   2.3512585e+01   2.8635455e+01
   8.8375000e+01   2.5323071e+01   2.7590170e+01
   8.8375000e+01   2.6876667e+01   2.6191306e+01
   8.8375000e+01   2.8105473e+01   2.4500000e+01
   8.8375000e+01   2.8955784e+01   2.2590170e+01
   8.8375000e+01   2.9390438e+01   2.0545285e+01
   8.8375000e+01   2.9390438e+01   1.8454715e+01
   8.8375000e+01   2.8955784e+01   1.6409830e+01
   8.8375000e+01   2.8105473e+01   1.4500000e+01
   8.8375000e+01   2.6876667e+01   1.2808694e+01
   8.8375000e+01   2.5323071e+01   1.1409830e+01
   8.8375000e+01   2.3512585e+01   1.0364545e+01
   8.8375000e+01   2.1524336e+01   9.7185240e+00
   8.8375000e+01   1.9445219e+01   9.5000000e+00
   8.8375000e+01   1.7366102e+01   9.7185240e+00
   8.8375000e+01   1.5377853e+01   1.0364545e+01
   8.8375000e+01   1.3567366e+01   1.1409830e+01
   8.8375000e+01   1.2013771e+01   1.2808694e+01
   8.8375000e+01   1.0784965e+01   1.4500000e+01
   8.8375000e+01   9.9346538e+00   1.6409830e+01
   8.8375000e+01   9.5000000e+00   1.8454715e+01
   8.8375000e+01   9.5000000e+00   2.0545285e+01
   8.8375000e+01   9.9346538e+00   2.2590170e+01
   8.8375000e+01   1.0784965e+01   2.4500000e+01
   8.8375000e+01   1.2013771e+01   2.6191306e+01
   8.8375000e+01   1.3567366e+01   2.7590170e+01
   8.8375000e+01   1.5377853e+01   2.8635455e+01
   8.8375000e+01   1.7366102e+01   2.9281476e+01
   8.6355000e+01   1.9445219e+01   2.9500000e+01
   8.6355000e+01   2.1524336e+01   2.9281476e+01
   8.6355000e+01   2.3512585e+01   2.8635455e+01
   8.6355000e+01   2.5323071e+01   2.7590170e+01
   8.6355000e+01   2.6876667e+01   2.6191306e+01
   8.6355000e+01   2.8105473e+01   2.4500000e+01
   8.6355000e+01   2.8955784e+01   2.2590170e+01
   8.6355000e+01   2.9390438e+01   2.0545285e+01
   8.6355000e+01   2.9390438e+01   1.8454715e+01
   8.6355000e+01   2.8955784e+01   1.6409830e+01
   8.6355000e+01   2.8105473e+01   1.4500000e+01
   8.6355000e+01   2.6876667e+01   1.2808694e+01
   8.6355000e+01   2.5323071e+01   1.1409830e+01
   8.6355000e+01   2.3512585e+01   1.0364545e+01
   8.6355000e+01   2.1524336e+01   9.7185240e+00
   8.6355000e+01   1.9445219e+01   9.5000000e+00
   8.6355000e+01   1.7366102e+01   9.7185240e+00
   8.6355000e+01   1.5377853e+01   1.0364545e+01
   8.6355000e+01   1.3567366e+01   1.1409830e+01
   8.6355000e+01   1.2013771e+01   1.2808694e+01
   8.6355000e+01   1.0784965e+01   1.4500000e+01
   8.6355000e+01   9.9346538e+00   1.6409830e+01
   8.6355000e+01   9.5000000e+00   1.8454715e+01
   8.6355000e+01   9.5000000e+00   2.0545285e+01
   8.6355000e+01   9.9346538e+00   2.2590170e+01
   8.6355000e+01   1.0784965e+01   2.4500000e+01
   8.6355000e+01   1.2013771e+01   2.6191306e+01
   8.6355000e+01   1.3567366e+01   2.7590170e+01
   8.6355000e+01   1.5377853e+01   2.8635455e+01
   8.6355000e+01   1.7366102e+01   2.9281476e+01
   8.4335000e+01   1.9445219e+01   2.9500000e+01
   8.4335000e+01   2.1524336e+01   2.9281476e+01
   8.4335000e+01   2.3512585e+01   2.8635455e+01
   8.4335000e+01   2.5323071e+01   2.7590170e+01
   8.4335000e+01   2.6876667e+01   2.6191306e+01
   8.4335000e+01   2.8105473e+01   2.4500000e+01
   8.4335000e+01   2.8955784e+01   2.2590170e+01
   8.4335000e+01   2.9390438e+01   2.0545285e+01
   8.4335000e+01   2.9390438e+01   1.8454715e+01
   8.4335000e+01   2.8955784e+01   1.6409830e+01
   8.4335000e+01   2.8105473e+01   1.4500000e+01
   8.4335000e+01   2.6876667e+01   1.2808694e+01
   8.4335000e+01   2.5323071e+01   1.1409830e+01
   8.4335000e+01   2.3512585e+01   1.0364545e+01
   8.4335000e+01   2.1524336e+01   9.7185240e+00
   8.4335000e+01   1.9445219e+01   9.5000000e+00
   8.4335000e+01   1.7366102e+01   9.7185240e+00
   8.4335000e+01   1.5377853e+01   1.0364545e+01
   8.4335000e+01   1.3567366e+01   1.1409830e+01
   8.4335000e+01   1.2013771e+01   1.2808694e+01
   8.4335000e+01   1.0784965e+01   1.4500000e+01
   8.4335000e+01   9.9346538e+00   1.6409830e+01
   8.4335000e+01   9.5000000e+00   1.8454715e+01
   8.4335000e+01   9.5000000e+00   2.0545285e+01
   8.4335000e+01   9.9346538e+00   2.2590170e+01
   8.4335000e+01   1.0784965e+01   2.4500000e+01
   8.4335000e+01   1.2013771e+01   2.6191306e+01
   8.4335000e+01   1.3567366e+01   2.7590170e+01
   8.4335000e+01   1.5377853e+01   2.8635455e+01
   8.4335000e+01   1.7366102e+01   2.9281476e+01
   8.2315000e+01   1.9445219e+01   2.9500000e+01
   8.2315000e+01   2.1524336e+01   2.9281476e+01
   8.2315000e+01   2.3512585e+01   2.8635455e+01
   8.2315000e+01   2.5323071e+01   2.7590170e+01
   8.2315000e+01   2.6876667e+01   2.6191306e+01
   8.2315000e+01   2.8105473e+01   2.4500000e+01
   8.2315000e+01   2.8955784e+01   2.2590170e+01
   8.2315000e+01   2.9390438e+01   2.0545285e+01
   8.2315000e+01   2.9390438e+01   1.8454715e+01
   8.2315000e+01   2.8955784e+01   1.6409830e+01
   8.2315000e+01   2.8105473e+01   1.4500000e+01
   8.2315000e+01   2.6876667e+01   1.2808694e+01
   8.2315000e+01   2.5323071e+01   1.1409830e+01
   8.2315000e+01   2.3512585e+01   1.0364545e+01
   8.2315000e+01   2.1524336e+01   9.7185240e+00
   8.2315000e+01   1.9445219e+01   9.5000000e+00
   8.2315000e+01   1.7366102e+01   9.7185240e+00
   8.2315000e+01   1.5377853e+01   1.0364545e+01
   8.2315000e+01   1.3567366e+01   1.1409830e+01
   8.2315000e+01   1.2013771e+01   1.2808694e+01
   8.2315000e+01   1.0784965e+01   1.4500000e+01
   8.2315000e+01   9.9346538e+00   1.6409830e+01
   8.2315000e+01   9.5000000e+00   1.8454715e+01
   8.2315000e+01   9.5000000e+00   2.0545285e+01
   8.2315000e+01   9.9346538e+00   2.2590170e+01
   8.2315000e+01   1.0784965e+01   2.4500000e+01
   8.2315000e+01   1.2013771e+01   2.6191306e+01
   8.2315000e+01   1.3567366e+01   2.7590170e+01
   8.2315000e+01   1.5377853e+01   2.8635455e+01
   8.2315000e+01   1.7366102e+01   2.9281476e+01
   8.0295000e+01   1.9445219e+01   2.9500000e+01
   8.0295000e+01   2.1524336e+01   2.9281476e+01
   8.0295000e+01   2.3512585e+01   2.8635455e+01
   8.0295000e+01   2.5323071e+01   2.7590170e+01
   8.0295000e+01   2.6876667e+01   2.6191306e+01
   8.0295000e+01   2.8105473e+01   2.4500000e+01
   8.0295000e+01   2.8955784e+01   2.2590170e+01
   8.0295000e+01   2.9390438e+01   2.0545285e+01
   8.0295000e+01   2.9390438e+01   1.8454715e+01
   8.0295000e+01   2.8955784e+01   1.6409830e+01
   8.0295000e+01   2.8105473e+01   1.4500000e+01
   8.0295000e+01   2.6876667e+01   1.2808694e+01
   8.0295000e+01   2.5323071e+01   1.1409830e+01
   8.0295000e+01   2.3512585e+01   1.0364545e+01
   8.0295000e+01   2.1524336e+01   9.7185240e+00
   8.0295000e+01   1.9445219e+01   9.5000000e+00
   8.0295000e+01   1.7366102e+01   9.7185240e+00
   8.0295000e+01   1.5377853e+01   1.0364545e+01
   8.0295000e+01   1.3567366e+01   1.1409830e+01
   8.0295000e+01   1.2013771e+01   1.2808694e+01
   8.0295000e+01   1.0784965e+01   1.4500000e+01
   8.0295000e+01   9.9346538e+00   1.6409830e+01
   8.0295000e+01   9.5000000e+00   1.8454715e+01
   8.0295000e+01   9.5000000e+00   2.0545285e+01
   8.0295000e+01   9.9346538e+00   2.2590170e+01
   8.0295000e+01   1.0784965e+01   2.4500000e+01
   8.0295000e+01   1.2013771e+01   2.6191306e+01
   8.0295000e+01   1.3567366e+01   2.7590170e+01
   8.0295000e+01   1.5377853e+01   2.8635455e+01
   8.0295000e+01   1.7366102e+01   2.9281476e+01
   7.8275000e+01   1.9445219e+01   2.9500000e+01
   7.8275000e+01   2.1524336e+01   2.9281476e+01
   7.8275000e+01   2.3512585e+01   2.8635455e+01
   7.8275000e+01   2.5323071e+01   2.7590170e+01
   7.8275000e+01   2.6876667e+01   2.6191306e+01
   7.8275000e+01   2.8105473e+01   2.4500000e+01
   7.8275000e+01   2.8955784e+01   2.2590170e+01
   7.8275000e+01   2.9390438e+01   2.0545285e+01
   7.8275000e+01   2.9390438e+01   1.8454715e+01
   7.8275000e+01   2.8955784e+01   1.6409830e+01
   7.8275000e+01   2.8105473e+01   1.4500000e+01
   7.8275000e+01   2.6876667e+01   1.2808694e+01
   7.8275000e+01   2.5323071e+01   1.1409830e+01
   7.8275000e+01   2.3512585e+01   1.0364545e+01
   7.8275000e+01   2.1524336e+01   9.7185240e+00
   7.8275000e+01   1.9445219e+01   9.5000000e+00
   7.8275000e+01   1.7366102e+01   9.7185240e+00
   7.8275000e+01   1.5377853e+01   1.0364545e+01
   7.8275000e+01   1.3567366e+01   1.1409830e+01
   7.8275000e+01   1.2013771e+01   1.2808694e+01
   7.8275000e+01   1.0784965e+01   1.4500000e+01
   7.8275000e+01   9.9346538e+00   1.6409830e+01
   7.8275000e+01   9.5000000e+00   1.8454715e+01
   7.8275000e+01   9.5000000e+00   2.0545285e+01
   7.8275000e+01   9.9346538e+00   2.2590170e+01
   7.8275000e+01   1.0784965e+01   2.4500000e+01
   7.8275000e+01   1.2013771e+01   2.6191306e+01
   7.8275000e+01   1.3567366e+01   2.7590170e+01
   7.8275000e+01   1.5377853e+01   2.8635455e+01
   7.8275000e+01   1.7366102e+01   2.9281476e+01
   7.6255000e+01   1.9445219e+01   2.9500000e+01
   7.6255000e+01   2.1524336e+01   2.9281476e+01
   7.6255000e+01   2.3512585e+01   2.8635455e+01
   7.6255000e+01   2.5323071e+01   2.7590170e+01
   7.6255000e+01   2.6876667e+01   2.6191306e+01
   7.6255000e+01   2.8105473e+01   2.4500000e+01
   7.6255000e+01   2.8955784e+01   2.2590170e+01
   7.6255000e+01   2.9390438e+01   2.0545285e+01
   7.6255000e+01   2.9390438e+01   1.8454715e+01
   7.6255000e+01   2.8955784e+01   1.6409830e+01
   7.6255000e+01   2.8105473e+01   1.4500000e+01
   7.6255000e+01   2.6876667e+01   1.2808694e+01
   7.6255000e+01   2.5323071e+01   1.1409830e+01
   7.6255000e+01   2.3512585e+01   1.0364545e+01
   7.6255000e+01   2.1524336e+01   9.7185240e+00
   7.6255000e+01   1.9445219e+01   9.5000000e+00
   7.6255000e+01   1.7366102e+01   9.7185240e+00
   7.6255000e+01   1.5377853e+01   1.0364545e+01
   7.6255000e+01   1.3567366e+01   1.1409830e+01
   7.6255000e+01   1.2013771e+01   1.2808694e+01
   7.6255000e+01   1.0784965e+01   1.4500000e+01
   7.6255000e+01   9.9346538e+00   1.6409830e+01
   7.6255000e+01   9.5000000e+00   1.8454715e+01
   7.6255000e+01   9.5000000e+00   2.0545285e+01
   7.6255000e+01   9.9346538e+00   2.2590170e+01
   7.6255000e+01   1.0784965e+01   2.4500000e+01
   7.6255000e+01   1.2013771e+01   2.6191306e+01
   7.6255000e+01   1.3567366e+01   2.7590170e+01
   7.6255000e+01   1.5377853e+01   2.8635455e+01
   7.6255000e+01   1.7366102e+01   2.9281476e+01
   7.4235000e+01   1.9445219e+01   2.9500000e+01
   7.4235000e+01   2.1524336e+01   2.9281476e+01
   7.4235000e+01   2.3512585e+01   2.8635455e+01
   7.4235000e+01   2.5323071e+01   2.7590170e+01
   7.4235000e+01   2.6876667e+01   2.6191306e+01
   7.4235000e+01   2.8105473e+01   2.4500000e+01
   7.4235000e+01   2.8955784e+01   2.2590170e+01
   7.4235000e+01   2.9390438e+01   2.0545285e+01
   7.4235000e+01   2.9390438e+01   1.8454715e+01
   7.4235000e+01   2.8955784e+01   1.6409830e+01
   7.4235000e+01   2.8105473e+01   1.4500000e+01
   7.4235000e+01   2.6876667e+01   1.2808694e+01
   7.4235000e+01   2.5323071e+01   1.1409830e+01
   7.4235000e+01   2.3512585e+01   1.0364545e+01
   7.4235000e+01   2.1524336e+01   9.7185240e+00
   7.4235000e+01   1.9445219e+01   9.5000000e+00
   7.4235000e+01   1.7366102e+01   9.7185240e+00
   7.4235000e+01   1.5377853e+01   1.0364545e+01
   7.4235000e+01   1.3567366e+01   1.1409830e+01
   7.4235000e+01   1.2013771e+01   1.2808694e+01
   7.4235000e+01   1.0784965e+01   1.4500000e+01
   7.4235000e+01   9.9346538e+00   1.6409830e+01
   7.4235000e+01   9.5000000e+00   1.8454715e+01
   7.4235000e+01   9.5000000e+00   2.0545285e+01
   7.4235000e+01   9.9346538e+00   2.2590170e+01
   7.4235000e+01   1.0784965e+01   2.4500000e+01
   7.4235000e+01   1.2013771e+01   2.6191306e+01
   7.4235000e+01   1.3567366e+01   2.7590170e+01
   7.4235000e+01   1.5377853e+01   2.8635455e+01
   7.4235000e+01   1.7366102e+01   2.9281476e+01
   7.2215000e+01   1.9445219e+01   2.9500000e+01
   7.2215000e+01   2.1524336e+01   2.9281476e+01
   7.2215000e+01   2.3512585e+01   2.8635455e+01
   7.2215000e+01   2.5323071e+01   2.7590170e+01
   7.2215000e+01   2.6876667e+01   2.6191306e+01
   7.2215000e+01   2.8105473e+01   2.4500000e+01
   7.2215000e+01   2.8955784e+01   2.2590170e+01
   7.2215000e+01   2.9390438e+01   2.0545285e+01
   7.2215000e+01   2.9390438e+01   1.8454715e+01
   7.2215000e+01   2.8955784e+01   1.6409830e+01
   7.2215000e+01   2.8105473e+01   1.4500000e+01
   7.2215000e+01   2.6876667e+01   1.2808694e+01
   7.2215000e+01   2.5323071e+01   1.1409830e+01
   7.2215000e+01   2.3512585e+01   1.0364545e+01
   7.2215000e+01   2.1524336e+01   9.7185240e+00
   7.2215000e+01   1.9445219e+01   9.5000000e+00
   7.2215000e+01   1.7366102e+01   9.7185240e+00
   7.2215000e+01   1.5377853e+01   1.0364545e+01
   7.2215000e+01   1.3567366e+01   1.1409830e+01
   7.2215000e+01   1.2013771e+01   1.2808694e+01
   7.2215000e+01   1.0784965e+01   1.4500000e+01
   7.2215000e+01   9.9346538e+00   1.6409830e+01
   7.2215000e+01   9.5000000e+00   1.8454715e+01
   7.2215000e+01   9.5000000e+00   2.0545285e+01
   7.2215000e+01   9.9346538e+00   2.2590170e+01
   7.2215000e+01   1.0784965e+01   2.4500000e+01
   7.2215000e+01   1.2013771e+01   2.6191306e+01
   7.2215000e+01   1.3567366e+01   2.7590170e+01
   7.2215000e+01   1.5377853e+01   2.8635455e+01
   7.2215000e+01   1.7366102e+01   2.9281476e+01
   7.0195000e+01   1.9445219e+01   2.9500000e+01
   7.0195000e+01   2.1524336e+01   2.9281476e+01
   7.0195000e+01   2.3512585e+01   2.8635455e+01
   7.0195000e+01   2.5323071e+01   2.7590170e+01
   7.0195000e+01   2.6876667e+01   2.6191306e+01
   7.0195000e+01   2.8105473e+01   2.4500000e+01
   7.0195000e+01   2.8955784e+01   2.2590170e+01
   7.0195000e+01   2.9390438e+01   2.0545285e+01
   7.0195000e+01   2.9390438e+01   1.8454715e+01
   7.0195000e+01   2.8955784e+01   1.6409830e+01
   7.0195000e+01   2.8105473e+01   1.4500000e+01
   7.0195000e+01   2.6876667e+01   1.2808694e+01
   7.0195000e+01   2.5323071e+01   1.1409830e+01
   7.0195000e+01   2.3512585e+01   1.0364545e+01
   7.0195000e+01   2.1524336e+01   9.7185240e+00
   7.0195000e+01   1.9445219e+01   9.5000000e+00
   7.0195000e+01   1.7366102e+01   9.7185240e+00
   7.0195000e+01   1.5377853e+01   1.0364545e+01
   7.0195000e+01   1.3567366e+01   1.1409830e+01
   7.0195000e+01   1.2013771e+01   1.2808694e+01
   7.0195000e+01   1.0784965e+01   1.4500000e+01
   7.0195000e+01   9.9346538e+00   1.6409830e+01
   7.0195000e+01   9.5000000e+00   1.8454715e+01
   7.0195000e+01   9.5000000e+00   2.0545285e+01
   7.0195000e+01   9.9346538e+00   2.2590170e+01
   7.0195000e+01   1.0784965e+01   2.4500000e+01
   7.0195000e+01   1.2013771e+01   2.6191306e+01
   7.0195000e+01   1.3567366e+01   2.7590170e+01
   7.0195000e+01   1.5377853e+01   2.8635455e+01
   7.0195000e+01   1.7366102e+01   2.9281476e+01
   6.8175000e+01   1.9445219e+01   2.9500000e+01
   6.8175000e+01   2.1524336e+01   2.9281476e+01
   6.8175000e+01   2.3512585e+01   2.8635455e+01
   6.8175000e+01   2.5323071e+01   2.7590170e+01
   6.8175000e+01   2.6876667e+01   2.6191306e+01
   6.8175000e+01   2.8105473e+01   2.4500000e+01
   6.8175000e+01   2.8955784e+01   2.2590170e+01
   6.8175000e+01   2.9390438e+01   2.0545285e+01
   6.8175000e+01   2.9390438e+01   1.8454715e+01
   6.8175000e+01   2.8955784e+01   1.6409830e+01
   6.8175000e+01   2.8105473e+01   1.4500000e+01
   6.8175000e+01   2.6876667e+01   1.2808694e+01
   6.8175000e+01   2.5323071e+01   1.1409830e+01
   6.8175000e+01   2.3512585e+01   1.0364545e+01
   6.8175000e+01   2.1524336e+01   9.7185240e+00
   6.8175000e+01   1.9445219e+01   9.5000000e+00
   6.8175000e+01   1.7366102e+01   9.7185240e+00
   6.8175000e+01   1.5377853e+01   1.0364545e+01
   6.8175000e+01   1.3567366e+01   1.1409830e+01
   6.8175000e+01   1.2013771e+01   1.2808694e+01
   6.8175000e+01   1.0784965e+01   1.4500000e+01
   6.8175000e+01   9.9346538e+00   1.6409830e+01
   6.8175000e+01   9.5000000e+00   1.8454715e+01
   6.8175000e+01   9.5000000e+00   2.0545285e+01
   6.8175000e+01   9.9346538e+00   2.2590170e+01
   6.8175000e+01   1.0784965e+01   2.4500000e+01
   6.8175000e+01   1.2013771e+01   2.6191306e+01
   6.8175000e+01   1.3567366e+01   2.7590170e+01
   6.8175000e+01   1.5377853e+01   2.8635455e+01
   6.8175000e+01   1.7366102e+01   2.9281476e+01
   6.6155000e+01   1.9445219e+01   2.9500000e+01
   6.6155000e+01   2.1524336e+01   2.9281476e+01
   6.6155000e+01   2.3512585e+01   2.8635455e+01
   6.6155000e+01   2.5323071e+01   2.7590170e+01
   6.6155000e+01   2.6876667e+01   2.6191306e+01
   6.6155000e+01   2.8105473e+01   2.4500000e+01
   6.6155000e+01   2.8955784e+01   2.2590170e+01
   6.6155000e+01   2.9390438e+01   2.0545285e+01
   6.6155000e+01   2.9390438e+01   1.8454715e+01
   6.6155000e+01   2.8955784e+01   1.6409830e+01
   6.6155000e+01   2.8105473e+01   1.4500000e+01
   6.6155000e+01   2.6876667e+01   1.2808694e+01
   6.6155000e+01   2.5323071e+01   1.1409830e+01
   6.6155000e+01   2.3512585e+01   1.0364545e+01
   6.6155000e+01   2.1524336e+01   9.7185240e+00
   6.6155000e+01   1.9445219e+01   9.5000000e+00
   6.6155000e+01   1.7366102e+01   9.7185240e+00
   6.6155000e+01   1.5377853e+01   1.0364545e+01
   6.6155000e+01   1.3567366e+01   1.1409830e+01
   6.6155000e+01   1.2013771e+01   1.2808694e+01
   6.6155000e+01   1.0784965e+01   1.4500000e+01
   6.6155000e+01   9.9346538e+00   1.6409830e+01
   6.6155000e+01   9.5000000e+00   1.8454715e+01
   6.6155000e+01   9.5000000e+00   2.0545285e+01
   6.6155000e+01   9.9346538e+00   2.2590170e+01
   6.6155000e+01   1.0784965e+01   2.4500000e+01
   6.6155000e+01   1.2013771e+01   2.6191306e+01
   6.6155000e+01   1.3567366e+01   2.7590170e+01
   6.6155000e+01   1.5377853e+01   2.8635455e+01
   6.6155000e+01   1.7366102e+01   2.9281476e+01
   6.4135000e+01   1.9445219e+01   2.9500000e+01
   6.4135000e+01   2.1524336e+01   2.9281476e+01
   6.4135000e+01   2.3512585e+01   2.8635455e+01
   6.4135000e+01   2.5323071e+01   2.7590170e+01
   6.4135000e+01   2.6876667e+01   2.6191306e+01
   6.4135000e+01   2.8105473e+01   2.4500000e+01
   6.4135000e+01   2.8955784e+01   2.2590170e+01
   6.4135000e+01   2.9390438e+01   2.0545285e+01
   6.4135000e+01   2.9390438e+01   1.8454715e+01
   6.4135000e+01   2.8955784e+01   1.6409830e+01
   6.4135000e+01   2.8105473e+01   1.4500000e+01
   6.4135000e+01   2.6876667e+01   1.2808694e+01
   6.4135000e+01   2.5323071e+01   1.1409830e+01
   6.4135000e+01   2.3512585e+01   1.0364545e+01
   6.4135000e+01   2.1524336e+01   9.7185240e+00
   6.4135000e+01   1.9445219e+01   9.5000000e+00
   6.4135000e+01   1.7366102e+01   9.7185240e+00
   6.4135000e+01   1.5377853e+01   1.0364545e+01
   6.4135000e+01   1.3567366e+01   1.1409830e+01
   6.4135000e+01   1.2013771e+01   1.2808694e+01
   6.4135000e+01   1.0784965e+01   1.4500000e+01
   6.4135000e+01   9.9346538e+00   1.6409830e+01
   6.4135000e+01   9.5000000e+00   1.8454715e+01
   6.4135000e+01   9.5000000e+00   2.0545285e+01
   6.4135000e+01   9.9346538e+00   2.2590170e+01
   6.4135000e+01   1.0784965e+01   2.4500000e+01
   6.4135000e+01   1.2013771e+01   2.6191306e+01
   6.4135000e+01   1.3567366e+01   2.7590170e+01
   6.4135000e+01   1.5377853e+01   2.8635455e+01
   6.4135000e+01   1.7366102e+01   2.9281476e+01
   6.2115000e+01   1.9445219e+01   2.9500000e+01
   6.2115000e+01   2.1524336e+01   2.9281476e+01
   6.2115000e+01   2.3512585e+01   2.8635455e+01
   6.2115000e+01   2.5323071e+01   2.7590170e+01
   6.2115000e+01   2.6876667e+01   2.6191306e+01
   6.2115000e+01   2.8105473e+01   2.4500000e+01
   6.2115000e+01   2.8955784e+01   2.2590170e+01
   6.2115000e+01   2.9390438e+01   2.0545285e+01
   6.2115000e+01   2.9390438e+01   1.8454715e+01
   6.2115000e+01   2.8955784e+01   1.6409830e+01
   6.2115000e+01   2.8105473e+01   1.4500000e+01
   6.2115000e+01   2.6876667e+01   1.2808694e+01
   6.2115000e+01   2.5323071e+01   1.1409830e+01
   6.2115000e+01   2.3512585e+01   1.0364545e+01
   6.2115000e+01   2.1524336e+01   9.7185240e+00
   6.2115000e+01   1.9445219e+01   9.5000000e+00
   6.2115000e+01   1.7366102e+01   9.7185240e+00
   6.2115000e+01   1.5377853e+01   1.0364545e+01
   6.2115000e+01   1.3567366e+01   1.1409830e+01
   6.2115000e+01   1.2013771e+01   1.2808694e+01
   6.2115000e+01   1.0784965e+01   1.4500000e+01
   6.2115000e+01   9.9346538e+00   1.6409830e+01
   6.2115000e+01   9.5000000e+00   1.8454715e+01
   6.2115000e+01   9.5000000e+00   2.0545285e+01
   6.2115000e+01   9.9346538e+00   2.2590170e+01
   6.2115000e+01   1.0784965e+01   2.4500000e+01
   6.2115000e+01   1.2013771e+01   2.6191306e+01
   6.2115000e+01   1.3567366e+01   2.7590170e+01
   6.2115000e+01   1.5377853e+01   2.8635455e+01
   6.2115000e+01   1.7366102e+01   2.9281476e+01
   6.0095000e+01   1.9445219e+01   2.9500000e+01
   6.0095000e+01   2.1524336e+01   2.9281476e+01
   6.0095000e+01   2.3512585e+01   2.8635455e+01
   6.0095000e+01   2.5323071e+01   2.7590170e+01
   6.0095000e+01   2.6876667e+01   2.6191306e+01
   6.0095000e+01   2.8105473e+01   2.4500000e+01
   6.0095000e+01   2.8955784e+01   2.2590170e+01
   6.0095000e+01   2.9390438e+01   2.0545285e+01
   6.0095000e+01   2.9390438e+01   1.8454715e+01
   6.0095000e+01   2.8955784e+01   1.6409830e+01
   6.0095000e+01   2.8105473e+01   1.4500000e+01
   6.0095000e+01   2.6876667e+01   1.2808694e+01
   6.0095000e+01   2.5323071e+01   1.1409830e+01
   6.0095000e+01   2.3512585e+01   1.0364545e+01
   6.0095000e+01   2.1524336e+01   9.7185240e+00
   6.0095000e+01   1.9445219e+01   9.5000000e+00
   6.0095000e+01   1.7366102e+01   9.7185240e+00
   6.0095000e+01   1.5377853e+01   1.0364545e+01
   6.0095000e+01   1.3567366e+01   1.1409830e+01
   6.0095000e+01   1.2013771e+01   1.2808694e+01
   6.0095000e+01   1.0784965e+01   1.4500000e+01
   6.0095000e+01   9.9346538e+00   1.6409830e+01
   6.0095000e+01   9.5000000e+00   1.8454715e+01
   6.0095000e+01   9.5000000e+00   2.0545285e+01
   6.0095000e+01   9.9346538e+00   2.2590170e+01
   6.0095000e+01   1.0784965e+01   2.4500000e+01
   6.0095000e+01   1.2013771e+01   2.6191306e+01
   6.0095000e+01   1.3567366e+01   2.7590170e+01
   6.0095000e+01   1.5377853e+01   2.8635455e+01
   6.0095000e+01   1.7366102e+01   2.9281476e+01
   5.8075000e+01   1.9445219e+01   2.9500000e+01
   5.8075000e+01   2.1524336e+01   2.9281476e+01
   5.8075000e+01   2.3512585e+01   2.8635455e+01
   5.8075000e+01   2.5323071e+01   2.7590170e+01
   5.8075000e+01   2.6876667e+01   2.6191306e+01
   5.8075000e+01   2.8105473e+01   2.4500000e+01
   5.8075000e+01   2.8955784e+01   2.2590170e+01
   5.8075000e+01   2.9390438e+01   2.0545285e+01
   5.8075000e+01   2.9390438e+01   1.8454715e+01
   5.8075000e+01   2.8955784e+01   1.6409830e+01
   5.8075000e+01   2.8105473e+01   1.4500000e+01
   5.8075000e+01   2.6876667e+01   1.2808694e+01
   5.8075000e+01   2.5323071e+01   1.1409830e+01
   5.8075000e+01   2.3512585e+01   1.0364545e+01
   5.8075000e+01   2.1524336e+01   9.7185240e+00
   5.8075000e+01   1.9445219e+01   9.5000000e+00
   5.8075000e+01   1.7366102e+01   9.7185240e+00
   5.8075000e+01   1.5377853e+01   1.0364545e+01
   5.8075000e+01   1.3567366e+01   1.1409830e+01
   5.8075000e+01   1.2013771e+01   1.2808694e+01
   5.8075000e+01   1.0784965e+01   1.4500000e+01
   5.8075000e+01   9.9346538e+00   1.6409830e+01
   5.8075000e+01   9.5000000e+00   1.8454715e+01
   5.8075000e+01   9.5000000e+00   2.0545285e+01
   5.8075000e+01   9.9346538e+00   2.2590170e+01
   5.8075000e+01   1.0784965e+01   2.4500000e+01
   5.8075000e+01   1.2013771e+01   2.6191306e+01
   5.8075000e+01   1.3567366e+01   2.7590170e+01
   5.8075000e+01   1.5377853e+01   2.8635455e+01
   5.8075000e+01   1.7366102e+01   2.9281476e+01
   5.6055000e+01   1.9445219e+01   2.9500000e+01
   5.6055000e+01   2.1524336e+01   2.9281476e+01
   5.6055000e+01   2.3512585e+01   2.8635455e+01
   5.6055000e+01   2.5323071e+01   2.7590170e+01
   5.6055000e+01   2.6876667e+01   2.6191306e+01
   5.6055000e+01   2.8105473e+01   2.4500000e+01
   5.6055000e+01   2.8955784e+01   2.2590170e+01
   5.6055000e+01   2.9390438e+01   2.0545285e+01
   5.6055000e+01   2.9390438e+01   1.8454715e+01
   5.6055000e+01   2.8955784e+01   1.6409830e+01
   5.6055000e+01   2.8105473e+01   1.4500000e+01
   5.6055000e+01   2.6876667e+01   1.2808694e+01
   5.6055000e+01   2.5323071e+01   1.1409830e+01
   5.6055000e+01   2.3512585e+01   1.0364545e+01
   5.6055000e+01   2.1524336e+01   9.7185240e+00
   5.6055000e+01   1.9445219e+01   9.5000000e+00
   5.6055000e+01   1.7366102e+01   9.7185240e+00
   5.6055000e+01   1.5377853e+01   1.0364545e+01
   5.6055000e+01   1.3567366e+01   1.1409830e+01
   5.6055000e+01   1.2013771e+01   1.2808694e+01
   5.6055000e+01   1.0784965e+01   1.4500000e+01
   5.6055000e+01   9.9346538e+00   1.6409830e+01
   5.6055000e+01   9.5000000e+00   1.8454715e+01
   5.6055000e+01   9.5000000e+00   2.0545285e+01
   5.6055000e+01   9.9346538e+00   2.2590170e+01
   5.6055000e+01   1.0784965e+01   2.4500000e+01
   5.6055000e+01   1.2013771e+01   2.6191306e+01
   5.6055000e+01   1.3567366e+01   2.7590170e+01
   5.6055000e+01   1.5377853e+01   2.8635455e+01
   5.6055000e+01   1.7366102e+01   2.9281476e+01
   5.4035000e+01   1.9445219e+01   2.9500000e+01
   5.4035000e+01   2.1524336e+01   2.9281476e+01
   5.4035000e+01   2.3512585e+01   2.8635455e+01
   5.4035000e+01   2.5323071e+01   2.7590170e+01
   5.4035000e+01   2.6876667e+01   2.6191306e+01
   5.4035000e+01   2.8105473e+01   2.4500000e+01
   5.4035000e+01   2.8955784e+01   2.2590170e+01
   5.4035000e+01   2.9390438e+01   2.0545285e+01
   5.4035000e+01   2.9390438e+01   1.8454715e+01
   5.4035000e+01   2.8955784e+01   1.6409830e+01
   5.4035000e+01   2.8105473e+01   1.4500000e+01
   5.4035000e+01   2.6876667e+01   1.2808694e+01
   5.4035000e+01   2.5323071e+01   1.1409830e+01
   5.4035000e+01   2.3512585e+01   1.0364545e+01
   5.4035000e+01   2.1524336e+01   9.7185240e+00
   5.4035000e+01   1.9445219e+01   9.5000000e+00
   5.4035000e+01   1.7366102e+01   9.7185240e+00
   5.4035000e+01   1.5377853e+01   1.0364545e+01
   5.4035000e+01   1.3567366e+01   1.1409830e+01
   5.4035000e+01   1.2013771e+01   1.2808694e+01
   5.4035000e+01   1.0784965e+01   1.4500000e+01
   5.4035000e+01   9.9346538e+00   1.6409830e+01
   5.4035000e+01   9.5000000e+00   1.8454715e+01
   5.4035000e+01   9.5000000e+00   2.0545285e+01
   5.4035000e+01   9.9346538e+00   2.2590170e+01
   5.4035000e+01   1.0784965e+01   2.4500000e+01
   5.4035000e+01   1.2013771e+01   2.6191306e+01
   5.4035000e+01   1.3567366e+01   2.7590170e+01
   5.4035000e+01   1.5377853e+01   2.8635455e+01
   5.4035000e+01   1.7366102e+01   2.9281476e+01
   5.2015000e+01   1.9445219e+01   2.9500000e+01
   5.2015000e+01   2.1524336e+01   2.9281476e+01
   5.2015000e+01   2.3512585e+01   2.8635455e+01
   5.2015000e+01   2.5323071e+01   2.7590170e+01
   5.2015000e+01   2.6876667e+01   2.6191306e+01
   5.2015000e+01   2.8105473e+01   2.4500000e+01
   5.2015000e+01   2.8955784e+01   2.2590170e+01
   5.2015000e+01   2.9390438e+01   2.0545285e+01
   5.2015000e+01   2.9390438e+01   1.8454715e+01
   5.2015000e+01   2.8955784e+01   1.6409830e+01
   5.2015000e+01   2.8105473e+01   1.4500000e+01
   5.2015000e+01   2.6876667e+01   1.2808694e+01
   5.2015000e+01   2.5323071e+01   1.1409830e+01
   5.2015000e+01   2.3512585e+01   1.0364545e+01
   5.2015000e+01   2.1524336e+01   9.7185240e+00
   5.2015000e+01   1.9445219e+01   9.5000000e+00
   5.2015000e+01   1.7366102e+01   9.7185240e+00
   5.2015000e+01   1.5377853e+01   1.0364545e+01
   5.2015000e+01   1.3567366e+01   1.1409830e+01
   5.2015000e+01   1.2013771e+01   1.2808694e+01
   5.2015000e+01   1.0784965e+01   1.4500000e+01
   5.2015000e+01   9.9346538e+00   1.6409830e+01
   5.2015000e+01   9.5000000e+00   1.8454715e+01
   5.2015000e+01   9.5000000e+00   2.0545285e+01
   5.2015000e+01   9.9346538e+00   2.2590170e+01
   5.2015000e+01   1.0784965e+01   2.4500000e+01
   5.2015000e+01   1.2013771e+01   2.6191306e+01
   5.2015000e+01   1.3567366e+01   2.7590170e+01
   5.2015000e+01   1.5377853e+01   2.8635455e+01
   5.2015000e+01   1.7366102e+01   2.9281476e+01
   4.9995000e+01   1.9445219e+01   2.9500000e+01
   4.9995000e+01   2.1524336e+01   2.9281476e+01
   4.9995000e+01   2.3512585e+01   2.8635455e+01
   4.9995000e+01   2.5323071e+01   2.7590170e+01
   4.9995000e+01   2.6876667e+01   2.6191306e+01
   4.9995000e+01   2.8105473e+01   2.4500000e+01
   4.9995000e+01   2.8955784e+01   2.2590170e+01
   4.9995000e+01   2.9390438e+01   2.0545285e+01
   4.9995000e+01   2.9390438e+01   1.8454715e+01
   4.9995000e+01   2.8955784e+01   1.6409830e+01
   4.9995000e+01   2.8105473e+01   1.4500000e+01
   4.9995000e+01   2.6876667e+01   1.2808694e+01
   4.9995000e+01   2.5323071e+01   1.1409830e+01
   4.9995000e+01   2.3512585e+01   1.0364545e+01
   4.9995000e+01   2.1524336e+01   9.7185240e+00
   4.9995000e+01   1.9445219e+01   9.5000000e+00
   4.9995000e+01   1.7366102e+01   9.7185240e+00
   4.9995000e+01   1.5377853e+01   1.0364545e+01
   4.9995000e+01   1.3567366e+01   1.1409830e+01
   4.9995000e+01   1.2013771e+01   1.2808694e+01
   4.9995000e+01   1.0784965e+01   1.4500000e+01
   4.9995000e+01   9.9346538e+00   1.6409830e+01
   4.9995000e+01   9.5000000e+00   1.8454715e+01
   4.9995000e+01   9.5000000e+00   2.0545285e+01
   4.9995000e+01   9.9346538e+00   2.2590170e+01
   4.9995000e+01   1.0784965e+01   2.4500000e+01
   4.9995000e+01   1.2013771e+01   2.6191306e+01
   4.9995000e+01   1.3567366e+01   2.7590170e+01
   4.9995000e+01   1.5377853e+01   2.8635455e+01
   4.9995000e+01   1.7366102e+01   2.9281476e+01
   4.7975000e+01   1.9445219e+01   2.9500000e+01
   4.7975000e+01   2.1524336e+01   2.9281476e+01
   4.7975000e+01   2.3512585e+01   2.8635455e+01
   4.7975000e+01   2.5323071e+01   2.7590170e+01
   4.7975000e+01   2.6876667e+01   2.6191306e+01
   4.7975000e+01   2.8105473e+01   2.4500000e+01
   4.7975000e+01   2.8955784e+01   2.2590170e+01
   4.7975000e+01   2.9390438e+01   2.0545285e+01
   4.7975000e+01   2.9390438e+01   1.8454715e+01
   4.7975000e+01   2.8955784e+01   1.6409830e+01
   4.7975000e+01   2.8105473e+01   1.4500000e+01
   4.7975000e+01   2.6876667e+01   1.2808694e+01
   4.7975000e+01   2.5323071e+01   1.1409830e+01
   4.7975000e+01   2.3512585e+01   1.0364545e+01
   4.7975000e+01   2.1524336e+01   9.7185240e+00
   4.7975000e+01   1.9445219e+01   9.5000000e+00
   4.7975000e+01   1.7366102e+01   9.7185240e+00
   4.7975000e+01   1.5377853e+01   1.0364545e+01
   4.7975000e+01   1.3567366e+01   1.1409830e+01
   4.7975000e+01   1.2013771e+01   1.2808694e+01
   4.7975000e+01   1.0784965e+01   1.4500000e+01
   4.7975000e+01   9.9346538e+00   1.6409830e+01
   4.7975000e+01   9.5000000e+00   1.8454715e+01
   4.7975000e+01   9.5000000e+00   2.0545285e+01
   4.7975000e+01   9.9346538e+00   2.2590170e+01
   4.7975000e+01   1.0784965e+01   2.4500000e+01
   4.7975000e+01   1.2013771e+01   2.6191306e+01
   4.7975000e+01   1.3567366e+01   2.7590170e+01
   4.7975000e+01   1.5377853e+01   2.8635455e+01
   4.7975000e+01   1.7366102e+01   2.9281476e+01
   4.5955000e+01   1.9445219e+01   2.9500000e+01
   4.5955000e+01   2.1524336e+01   2.9281476e+01
   4.5955000e+01   2.3512585e+01   2.8635455e+01
   4.5955000e+01   2.5323071e+01   2.7590170e+01
   4.5955000e+01   2.6876667e+01   2.6191306e+01
   4.5955000e+01   2.8105473e+01   2.4500000e+01
   4.5955000e+01   2.8955784e+01   2.2590170e+01
   4.5955000e+01   2.9390438e+01   2.0545285e+01
   4.5955000e+01   2.9390438e+01   1.8454715e+01
   4.5955000e+01   2.8955784e+01   1.6409830e+01
   4.5955000e+01   2.8105473e+01   1.4500000e+01
   4.5955000e+01   2.6876667e+01   1.2808694e+01
   4.5955000e+01   2.5323071e+01   1.1409830e+01
   4.5955000e+01   2.3512585e+01   1.0364545e+01
   4.5955000e+01   2.1524336e+01   9.7185240e+00
   4.5955000e+01   1.9445219e+01   9.5000000e+00
   4.5955000e+01   1.7366102e+01   9.7185240e+00
   4.5955000e+01   1.5377853e+01   1.0364545e+01
   4.5955000e+01   1.3567366e+01   1.1409830e+01
   4.5955000e+01   1.2013771e+01   1.2808694e+01
   4.5955000e+01   1.0784965e+01   1.4500000e+01
   4.5955000e+01   9.9346538e+00   1.6409830e+01
   4.5955000e+01   9.5000000e+00   1.8454715e+01
   4.5955000e+01   9.5000000e+00   2.0545285e+01
   4.5955000e+01   9.9346538e+00   2.2590170e+01
   4.5955000e+01   1.0784965e+01   2.4500000e+01
   4.5955000e+01   1.2013771e+01   2.6191306e+01
   4.5955000e+01   1.3567366e+01   2.7590170e+01
   4.5955000e+01   1.5377853e+01   2.8635455e+01
   4.5955000e+01   1.7366102e+01   2.9281476e+01
   4.3935000e+01   1.9445219e+01   2.9500000e+01
   4.3935000e+01   2.1524336e+01   2.9281476e+01
   4.3935000e+01   2.3512585e+01   2.8635455e+01
   4.3935000e+01   2.5323071e+01   2.7590170e+01
   4.3935000e+01   2.6876667e+01   2.6191306e+01
   4.3935000e+01   2.8105473e+01   2.4500000e+01
   4.3935000e+01   2.8955784e+01   2.2590170e+01
   4.3935000e+01   2.9390438e+01   2.0545285e+01
   4.3935000e+01   2.9390438e+01   1.8454715e+01
   4.3935000e+01   2.8955784e+01   1.6409830e+01
   4.3935000e+01   2.8105473e+01   1.4500000e+01
   4.3935000e+01   2.6876667e+01   1.2808694e+01
   4.3935000e+01   2.5323071e+01   1.1409830e+01
   4.3935000e+01   2.3512585e+01   1.0364545e+01
   4.3935000e+01   2.1524336e+01   9.7185240e+00
   4.3935000e+01   1.9445219e+01   9.5000000e+00
   4.3935000e+01   1.7366102e+01   9.7185240e+00
   4.3935000e+01   1.5377853e+01   1.0364545e+01
   4.3935000e+01   1.3567366e+01   1.1409830e+01
   4.3935000e+01   1.2013771e+01   1.2808694e+01
   4.3935000e+01   1.0784965e+01   1.4500000e+01
   4.3935000e+01   9.9346538e+00   1.6409830e+01
   4.3935000e+01   9.5000000e+00   1.8454715e+01
   4.3935000e+01   9.5000000e+00   2.0545285e+01
   4.3935000e+01   9.9346538e+00   2.2590170e+01
   4.3935000e+01   1.0784965e+01   2.4500000e+01
   4.3935000e+01   1.2013771e+01   2.6191306e+01
   4.3935000e+01   1.3567366e+01   2.7590170e+01
   4.3935000e+01   1.5377853e+01   2.8635455e+01
   4.3935000e+01   1.7366102e+01   2.9281476e+01
   4.1915000e+01   1.9445219e+01   2.9500000e+01
   4.1915000e+01   2.1524336e+01   2.9281476e+01
   4.1915000e+01   2.3512585e+01   2.8635455e+01
   4.1915000e+01   2.5323071e+01   2.7590170e+01
   4.1915000e+01   2.6876667e+01   2.6191306e+01
   4.1915000e+01   2.8105473e+01   2.4500000e+01
   4.1915000e+01   2.8955784e+01   2.2590170e+01
   4.1915000e+01   2.9390438e+01   2.0545285e+01
   4.1915000e+01   2.9390438e+01   1.8454715e+01
   4.1915000e+01   2.8955784e+01   1.6409830e+01
   4.1915000e+01   2.8105473e+01   1.4500000e+01
   4.1915000e+01   2.6876667e+01   1.2808694e+01
   4.1915000e+01   2.5323071e+01   1.1409830e+01
   4.1915000e+01   2.3512585e+01   1.0364545e+01
   4.1915000e+01   2.1524336e+01   9.7185240e+00
   4.1915000e+01   1.9445219e+01   9.5000000e+00
   4.1915000e+01   1.7366102e+01   9.7185240e+00
   4.1915000e+01   1.5377853e+01   1.0364545e+01
   4.1915000e+01   1.3567366e+01   1.1409830e+01
   4.1915000e+01   1.2013771e+01   1.2808694e+01
   4.1915000e+01   1.0784965e+01   1.4500000e+01
   4.1915000e+01   9.9346538e+00   1.6409830e+01
   4.1915000e+01   9.5000000e+00   1.8454715e+01
   4.1915000e+01   9.5000000e+00   2.0545285e+01
   4.1915000e+01   9.9346538e+00   2.2590170e+01
   4.1915000e+01   1.0784965e+01   2.4500000e+01
   4.1915000e+01   1.2013771e+01   2.6191306e+01
   4.1915000e+01   1.3567366e+01   2.7590170e+01
   4.1915000e+01   1.5377853e+01   2.8635455e+01
   4.1915000e+01   1.7366102e+01   2.9281476e+01
   3.9895000e+01   1.9445219e+01   2.9500000e+01
   3.9895000e+01   2.1524336e+01   2.9281476e+01
   3.9895000e+01   2.3512585e+01   2.8635455e+01
   3.9895000e+01   2.5323071e+01   2.7590170e+01
   3.9895000e+01   2.6876667e+01   2.6191306e+01
   3.9895000e+01   2.8105473e+01   2.4500000e+01
   3.9895000e+01   2.8955784e+01   2.2590170e+01
   3.9895000e+01   2.9390438e+01   2.0545285e+01
   3.9895000e+01   2.9390438e+01   1.8454715e+01
   3.9895000e+01   2.8955784e+01   1.6409830e+01
   3.9895000e+01   2.8105473e+01   1.4500000e+01
   3.9895000e+01   2.6876667e+01   1.2808694e+01
   3.9895000e+01   2.5323071e+01   1.1409830e+01
   3.9895000e+01   2.3512585e+01   1.0364545e+01
   3.9895000e+01   2.1524336e+01   9.7185240e+00
   3.9895000e+01   1.9445219e+01   9.5000000e+00
   3.9895000e+01   1.7366102e+01   9.7185240e+00
   3.9895000e+01   1.5377853e+01   1.0364545e+01
   3.9895000e+01   1.3567366e+01   1.1409830e+01
   3.9895000e+01   1.2013771e+01   1.2808694e+01
   3.9895000e+01   1.0784965e+01   1.4500000e+01
   3.9895000e+01   9.9346538e+00   1.6409830e+01
   3.9895000e+01   9.5000000e+00   1.8454715e+01
   3.9895000e+01   9.5000000e+00   2.0545285e+01
   3.9895000e+01   9.9346538e+00   2.2590170e+01
   3.9895000e+01   1.0784965e+01   2.4500000e+01
   3.9895000e+01   1.2013771e+01   2.6191306e+01
   3.9895000e+01   1.3567366e+01   2.7590170e+01
   3.9895000e+01   1.5377853e+01   2.8635455e+01
   3.9895000e+01   1.7366102e+01   2.9281476e+01
   3.7875000e+01   1.9445219e+01   2.9500000e+01
   3.7875000e+01   2.1524336e+01   2.9281476e+01
   3.7875000e+01   2.3512585e+01   2.8635455e+01
   3.7875000e+01   2.5323071e+01   2.7590170e+01
   3.7875000e+01   2.6876667e+01   2.6191306e+01
   3.7875000e+01   2.8105473e+01   2.4500000e+01
   3.7875000e+01   2.8955784e+01   2.2590170e+01
   3.7875000e+01   2.9390438e+01   2.0545285e+01
   3.7875000e+01   2.9390438e+01   1.8454715e+01
   3.7875000e+01   2.8955784e+01   1.6409830e+01
   3.7875000e+01   2.8105473e+01   1.4500000e+01
   3.7875000e+01   2.6876667e+01   1.2808694e+01
   3.7875000e+01   2.5323071e+01   1.1409830e+01
   3.7875000e+01   2.3512585e+01   1.0364545e+01
   3.7875000e+01   2.1524336e+01   9.7185240e+00
   3.7875000e+01   1.9445219e+01   9.5000000e+00
   3.7875000e+01   1.7366102e+01   9.7185240e+00
   3.7875000e+01   1.5377853e+01   1.0364545e+01
   3.7875000e+01   1.3567366e+01   1.1409830e+01
   3.7875000e+01   1.2013771e+01   1.2808694e+01
   3.7875000e+01   1.0784965e+01   1.4500000e+01
   3.7875000e+01   9.9346538e+00   1.6409830e+01
   3.7875000e+01   9.5000000e+00   1.8454715e+01
   3.7875000e+01   9.5000000e+00   2.0545285e+01
   3.7875000e+01   9.9346538e+00   2.2590170e+01
   3.7875000e+01   1.0784965e+01   2.4500000e+01
   3.7875000e+01   1.2013771e+01   2.6191306e+01
   3.7875000e+01   1.3567366e+01   2.7590170e+01
   3.7875000e+01   1.5377853e+01   2.8635455e+01
   3.7875000e+01   1.7366102e+01   2.9281476e+01
   3.5855000e+01   1.9445219e+01   2.9500000e+01
   3.5855000e+01   2.1524336e+01   2.9281476e+01
   3.5855000e+01   2.3512585e+01   2.8635455e+01
   3.5855000e+01   2.5323071e+01   2.7590170e+01
   3.5855000e+01   2.6876667e+01   2.6191306e+01
   3.5855000e+01   2.8105473e+01   2.4500000e+01
   3.5855000e+01   2.8955784e+01   2.2590170e+01
   3.5855000e+01   2.9390438e+01   2.0545285e+01
   3.5855000e+01   2.9390438e+01   1.8454715e+01
   3.5855000e+01   2.8955784e+01   1.6409830e+01
   3.5855000e+01   2.8105473e+01   1.4500000e+01
   3.5855000e+01   2.6876667e+01   1.2808694e+01
   3.5855000e+01   2.5323071e+01   1.1409830e+01
   3.5855000e+01   2.3512585e+01   1.0364545e+01
   3.5855000e+01   2.1524336e+01   9.7185240e+00
   3.5855000e+01   1.9445219e+01   9.5000000e+00
   3.5855000e+01   1.7366102e+01   9.7185240e+00
   3.5855000e+01   1.5377853e+01   1.0364545e+01
   3.5855000e+01   1.3567366e+01   1.1409830e+01
   3.5855000e+01   1.2013771e+01   1.2808694e+01
   3.5855000e+01   1.0784965e+01   1.4500000e+01
   3.5855000e+01   9.9346538e+00   1.6409830e+01
   3.5855000e+01   9.5000000e+00   1.8454715e+01
   3.5855000e+01   9.5000000e+00   2.0545285e+01
   3.5855000e+01   9.9346538e+00   2.2590170e+01
   3.5855000e+01   1.0784965e+01   2.4500000e+01
   3.5855000e+01   1.2013771e+01   2.6191306e+01
   3.5855000e+01   1.3567366e+01   2.7590170e+01
   3.5855000e+01   1.5377853e+01   2.8635455e+01
   3.5855000e+01   1.7366102e+01   2.9281476e+01
   3.3835000e+01   1.9445219e+01   2.9500000e+01
   3.3835000e+01   2.1524336e+01   2.9281476e+01
   3.3835000e+01   2.3512585e+01   2.8635455e+01
   3.3835000e+01   2.5323071e+01   2.7590170e+01
   3.3835000e+01   2.6876667e+01   2.6191306e+01
   3.3835000e+01   2.8105473e+01   2.4500000e+01
   3.3835000e+01   2.8955784e+01   2.2590170e+01
   3.3835000e+01   2.9390438e+01   2.0545285e+01
   3.3835000e+01   2.9390438e+01   1.8454715e+01
   3.3835000e+01   2.8955784e+01   1.6409830e+01
   3.3835000e+01   2.8105473e+01   1.4500000e+01
   3.3835000e+01   2.6876667e+01   1.2808694e+01
   3.3835000e+01   2.5323071e+01   1.1409830e+01
   3.3835000e+01   2.3512585e+01   1.0364545e+01
   3.3835000e+01   2.1524336e+01   9.7185240e+00
   3.3835000e+01   1.9445219e+01   9.5000000e+00
   3.3835000e+01   1.7366102e+01   9.7185240e+00
   3.3835000e+01   1.5377853e+01   1.0364545e+01
   3.3835000e+01   1.3567366e+01   1.1409830e+01
   3.3835000e+01   1.2013771e+01   1.2808694e+01
   3.3835000e+01   1.0784965e+01   1.4500000e+01
   3.3835000e+01   9.9346538e+00   1.6409830e+01
   3.3835000e+01   9.5000000e+00   1.8454715e+01
   3.3835000e+01   9.5000000e+00   2.0545285e+01
   3.3835000e+01   9.9346538e+00   2.2590170e+01
   3.3835000e+01   1.0784965e+01   2.4500000e+01
   3.3835000e+01   1.2013771e+01   2.6191306e+01
   3.3835000e+01   1.3567366e+01   2.7590170e+01
   3.3835000e+01   1.5377853e+01   2.8635455e+01
   3.3835000e+01   1.7366102e+01   2.9281476e+01
   3.1815000e+01   1.9445219e+01   2.9500000e+01
   3.1815000e+01   2.1524336e+01   2.9281476e+01
   3.1815000e+01   2.3512585e+01   2.8635455e+01
   3.1815000e+01   2.5323071e+01   2.7590170e+01
   3.1815000e+01   2.6876667e+01   2.6191306e+01
   3.1815000e+01   2.8105473e+01   2.4500000e+01
   3.1815000e+01   2.8955784e+01   2.2590170e+01
   3.1815000e+01   2.9390438e+01   2.0545285e+01
   3.1815000e+01   2.9390438e+01   1.8454715e+01
   3.1815000e+01   2.8955784e+01   1.6409830e+01
   3.1815000e+01   2.8105473e+01   1.4500000e+01
   3.1815000e+01   2.6876667e+01   1.2808694e+01
   3.1815000e+01   2.5323071e+01   1.1409830e+01
   3.1815000e+01   2.3512585e+01   1.0364545e+01
   3.1815000e+01   2.1524336e+01   9.7185240e+00
   3.1815000e+01   1.9445219e+01   9.5000000e+00
   3.1815000e+01   1.7366102e+01   9.7185240e+00
   3.1815000e+01   1.5377853e+01   1.0364545e+01
   3.1815000e+01   1.3567366e+01   1.1409830e+01
   3.1815000e+01   1.2013771e+01   1.2808694e+01
   3.1815000e+01   1.0784965e+01   1.4500000e+01
   3.1815000e+01   9.9346538e+00   1.6409830e+01
   3.1815000e+01   9.5000000e+00   1.8454715e+01
   3.1815000e+01   9.5000000e+00   2.0545285e+01
   3.1815000e+01   9.9346538e+00   2.2590170e+01
   3.1815000e+01   1.0784965e+01   2.4500000e+01
   3.1815000e+01   1.2013771e+01   2.6191306e+01
   3.1815000e+01   1.3567366e+01   2.7590170e+01
   3.1815000e+01   1.5377853e+01   2.8635455e+01
   3.1815000e+01   1.7366102e+01   2.9281476e+01
   2.9795000e+01   1.9445219e+01   2.9500000e+01
   2.9795000e+01   2.1524336e+01   2.9281476e+01
   2.9795000e+01   2.3512585e+01   2.8635455e+01
   2.9795000e+01   2.5323071e+01   2.7590170e+01
   2.9795000e+01   2.6876667e+01   2.6191306e+01
   2.9795000e+01   2.8105473e+01   2.4500000e+01
   2.9795000e+01   2.8955784e+01   2.2590170e+01
   2.9795000e+01   2.9390438e+01   2.0545285e+01
   2.9795000e+01   2.9390438e+01   1.8454715e+01
   2.9795000e+01   2.8955784e+01   1.6409830e+01
   2.9795000e+01   2.8105473e+01   1.4500000e+01
   2.9795000e+01   2.6876667e+01   1.2808694e+01
   2.9795000e+01   2.5323071e+01   1.1409830e+01
   2.9795000e+01   2.3512585e+01   1.0364545e+01
   2.9795000e+01   2.1524336e+01   9.7185240e+00
   2.9795000e+01   1.9445219e+01   9.5000000e+00
   2.9795000e+01   1.7366102e+01   9.7185240e+00
   2.9795000e+01   1.5377853e+01   1.0364545e+01
   2.9795000e+01   1.3567366e+01   1.1409830e+01
   2.9795000e+01   1.2013771e+01   1.2808694e+01
   2.9795000e+01   1.0784965e+01   1.4500000e+01
   2.9795000e+01   9.9346538e+00   1.6409830e+01
   2.9795000e+01   9.5000000e+00   1.8454715e+01
   2.9795000e+01   9.5000000e+00   2.0545285e+01
   2.9795000e+01   9.9346538e+00   2.2590170e+01
   2.9795000e+01   1.0784965e+01   2.4500000e+01
   2.9795000e+01   1.2013771e+01   2.6191306e+01
   2.9795000e+01   1.3567366e+01   2.7590170e+01
   2.9795000e+01   1.5377853e+01   2.8635455e+01
   2.9795000e+01   1.7366102e+01   2.9281476e+01
   2.7775000e+01   1.9445219e+01   2.9500000e+01
   2.7775000e+01   2.1524336e+01   2.9281476e+01
   2.7775000e+01   2.3512585e+01   2.8635455e+01
   2.7775000e+01   2.5323071e+01   2.7590170e+01
   2.7775000e+01   2.6876667e+01   2.6191306e+01
   2.7775000e+01   2.8105473e+01   2.4500000e+01
   2.7775000e+01   2.8955784e+01   2.2590170e+01
   2.7775000e+01   2.9390438e+01   2.0545285e+01
   2.7775000e+01   2.9390438e+01   1.8454715e+01
   2.7775000e+01   2.8955784e+01   1.6409830e+01
   2.7775000e+01   2.8105473e+01   1.4500000e+01
   2.7775000e+01   2.6876667e+01   1.2808694e+01
   2.7775000e+01   2.5323071e+01   1.1409830e+01
   2.7775000e+01   2.3512585e+01   1.0364545e+01
   2.7775000e+01   2.1524336e+01   9.7185240e+00
   2.7775000e+01   1.9445219e+01   9.5000000e+00
   2.7775000e+01   1.7366102e+01   9.7185240e+00
   2.7775000e+01   1.5377853e+01   1.0364545e+01
   2.7775000e+01   1.3567366e+01   1.1409830e+01
   2.7775000e+01   1.2013771e+01   1.2808694e+01
   2.7775000e+01   1.0784965e+01   1.4500000e+01
   2.7775000e+01   9.9346538e+00   1.6409830e+01
   2.7775000e+01   9.5000000e+00   1.8454715e+01
   2.7775000e+01   9.5000000e+00   2.0545285e+01
   2.7775000e+01   9.9346538e+00   2.2590170e+01
   2.7775000e+01   1.0784965e+01   2.4500000e+01
   2.7775000e+01   1.2013771e+01   2.6191306e+01
   2.7775000e+01   1.3567366e+01   2.7590170e+01
   2.7775000e+01   1.5377853e+01   2.8635455e+01
   2.7775000e+01   1.7366102e+01   2.9281476e+01
   2.5755000e+01   1.9445219e+01   2.9500000e+01
   2.5755000e+01   2.1524336e+01   2.9281476e+01
   2.5755000e+01   2.3512585e+01   2.8635455e+01
   2.5755000e+01   2.5323071e+01   2.7590170e+01
   2.5755000e+01   2.6876667e+01   2.6191306e+01
   2.5755000e+01   2.8105473e+01   2.4500000e+01
   2.5755000e+01   2.8955784e+01   2.2590170e+01
   2.5755000e+01   2.9390438e+01   2.0545285e+01
   2.5755000e+01   2.9390438e+01   1.8454715e+01
   2.5755000e+01   2.8955784e+01   1.6409830e+01
   2.5755000e+01   2.8105473e+01   1.4500000e+01
   2.5755000e+01   2.6876667e+01   1.2808694e+01
   2.5755000e+01   2.5323071e+01   1.1409830e+01
   2.5755000e+01   2.3512585e+01   1.0364545e+01
   2.5755000e+01   2.1524336e+01   9.7185240e+00
   2.5755000e+01   1.9445219e+01   9.5000000e+00
   2.5755000e+01   1.7366102e+01   9.7185240e+00
   2.5755000e+01   1.5377853e+01   1.0364545e+01
   2.5755000e+01   1.3567366e+01   1.1409830e+01
   2.5755000e+01   1.2013771e+01   1.2808694e+01
   2.5755000e+01   1.0784965e+01   1.4500000e+01
   2.5755000e+01   9.9346538e+00   1.6409830e+01
   2.5755000e+01   9.5000000e+00   1.8454715e+01
   2.5755000e+01   9.5000000e+00   2.0545285e+01
   2.5755000e+01   9.9346538e+00   2.2590170e+01
   2.5755000e+01   1.0784965e+01   2.4500000e+01
   2.5755000e+01   1.2013771e+01   2.6191306e+01
   2.5755000e+01   1.3567366e+01   2.7590170e+01
   2.5755000e+01   1.5377853e+01   2.8635455e+01
   2.5755000e+01   1.7366102e+01   2.9281476e+01
   2.3735000e+01   1.9445219e+01   2.9500000e+01
   2.3735000e+01   2.1524336e+01   2.9281476e+01
   2.3735000e+01   2.3512585e+01   2.8635455e+01
   2.3735000e+01   2.5323071e+01   2.7590170e+01
   2.3735000e+01   2.6876667e+01   2.6191306e+01
   2.3735000e+01   2.8105473e+01   2.4500000e+01
   2.3735000e+01   2.8955784e+01   2.2590170e+01
   2.3735000e+01   2.9390438e+01   2.0545285e+01
   2.3735000e+01   2.9390438e+01   1.8454715e+01
   2.3735000e+01   2.8955784e+01   1.6409830e+01
   2.3735000e+01   2.8105473e+01   1.4500000e+01
   2.3735000e+01   2.6876667e+01   1.2808694e+01
   2.3735000e+01   2.5323071e+01   1.1409830e+01
   2.3735000e+01   2.3512585e+01   1.0364545e+01
   2.3735000e+01   2.1524336e+01   9.7185240e+00
   2.3735000e+01   1.9445219e+01   9.5000000e+00
   2.3735000e+01   1.7366102e+01   9.7185240e+00
   2.3735000e+01   1.5377853e+01   1.0364545e+01
   2.3735000e+01   1.3567366e+01   1.1409830e+01
   2.3735000e+01   1.2013771e+01   1.2808694e+01
   2.3735000e+01   1.0784965e+01   1.4500000e+01
   2.3735000e+01   9.9346538e+00   1.6409830e+01
   2.3735000e+01   9.5000000e+00   1.8454715e+01
   2.3735000e+01   9.5000000e+00   2.0545285e+01
   2.3735000e+01   9.9346538e+00   2.2590170e+01
   2.3735000e+01   1.0784965e+01   2.4500000e+01
   2.3735000e+01   1.2013771e+01   2.6191306e+01
   2.3735000e+01   1.3567366e+01   2.7590170e+01
   2.3735000e+01   1.5377853e+01   2.8635455e+01
   2.3735000e+01   1.7366102e+01   2.9281476e+01
   2.1715000e+01   1.9445219e+01   2.9500000e+01
   2.1715000e+01   2.1524336e+01   2.9281476e+01
   2.1715000e+01   2.3512585e+01   2.8635455e+01
   2.1715000e+01   2.5323071e+01   2.7590170e+01
   2.1715000e+01   2.6876667e+01   2.6191306e+01
   2.1715000e+01   2.8105473e+01   2.4500000e+01
   2.1715000e+01   2.8955784e+01   2.2590170e+01
   2.1715000e+01   2.9390438e+01   2.0545285e+01
   2.1715000e+01   2.9390438e+01   1.8454715e+01
   2.1715000e+01   2.8955784e+01   1.6409830e+01
   2.1715000e+01   2.8105473e+01   1.4500000e+01
   2.1715000e+01   2.6876667e+01   1.2808694e+01
   2.1715000e+01   2.5323071e+01   1.1409830e+01
   2.1715000e+01   2.3512585e+01   1.0364545e+01
   2.1715000e+01   2.1524336e+01   9.7185240e+00
   2.1715000e+01   1.9445219e+01   9.5000000e+00
   2.1715000e+01   1.7366102e+01   9.7185240e+00
   2.1715000e+01   1.5377853e+01   1.0364545e+01
   2.1715000e+01   1.3567366e+01   1.1409830e+01
   2.1715000e+01   1.2013771e+01   1.2808694e+01
   2.1715000e+01   1.0784965e+01   1.4500000e+01
   2.1715000e+01   9.9346538e+00   1.6409830e+01
   2.1715000e+01   9.5000000e+00   1.8454715e+01
   2.1715000e+01   9.5000000e+00   2.0545285e+01
   2.1715000e+01   9.9346538e+00   2.2590170e+01
   2.1715000e+01   1.0784965e+01   2.4500000e+01
   2.1715000e+01   1.2013771e+01   2.6191306e+01
   2.1715000e+01   1.3567366e+01   2.7590170e+01
   2.1715000e+01   1.5377853e+01   2.8635455e+01
   2.1715000e+01   1.7366102e+01   2.9281476e+01
   1.9695000e+01   1.9445219e+01   2.9500000e+01
   1.9695000e+01   2.1524336e+01   2.9281476e+01
   1.9695000e+01   2.3512585e+01   2.8635455e+01
   1.9695000e+01   2.5323071e+01   2.7590170e+01
   1.9695000e+01   2.6876667e+01   2.6191306e+01
   1.9695000e+01   2.8105473e+01   2.4500000e+01
   1.9695000e+01   2.8955784e+01   2.2590170e+01
   1.9695000e+01   2.9390438e+01   2.0545285e+01
   1.9695000e+01   2.9390438e+01   1.8454715e+01
   1.9695000e+01   2.8955784e+01   1.6409830e+01
   1.9695000e+01   2.8105473e+01   1.4500000e+01
   1.9695000e+01   2.6876667e+01   1.2808694e+01
   1.9695000e+01   2.5323071e+01   1.1409830e+01
   1.9695000e+01   2.3512585e+01   1.0364545e+01
   1.9695000e+01   2.1524336e+01   9.7185240e+00
   1.9695000e+01   1.9445219e+01   9.5000000e+00
   1.9695000e+01   1.7366102e+01   9.7185240e+00
   1.9695000e+01   1.5377853e+01   1.0364545e+01
   1.9695000e+01   1.3567366e+01   1.1409830e+01
   1.9695000e+01   1.2013771e+01   1.2808694e+01
   1.9695000e+01   1.0784965e+01   1.4500000e+01
   1.9695000e+01   9.9346538e+00   1.6409830e+01
   1.9695000e+01   9.5000000e+00   1.8454715e+01
   1.9695000e+01   9.5000000e+00   2.0545285e+01
   1.9695000e+01   9.9346538e+00   2.2590170e+01
   1.9695000e+01   1.0784965e+01   2.4500000e+01
   1.9695000e+01   1.2013771e+01   2.6191306e+01
   1.9695000e+01   1.3567366e+01   2.7590170e+01
   1.9695000e+01   1.5377853e+01   2.8635455e+01
   1.9695000e+01   1.7366102e+01   2.9281476e+01
   1.7675000e+01   1.9445219e+01   2.9500000e+01
   1.7675000e+01   2.1524336e+01   2.9281476e+01
   1.7675000e+01   2.3512585e+01   2.8635455e+01
   1.7675000e+01   2.5323071e+01   2.7590170e+01
   1.7675000e+01   2.6876667e+01   2.6191306e+01
   1.7675000e+01   2.8105473e+01   2.4500000e+01
   1.7675000e+01   2.8955784e+01   2.2590170e+01
   1.7675000e+01   2.9390438e+01   2.0545285e+01
   1.7675000e+01   2.9390438e+01   1.8454715e+01
   1.7675000e+01   2.8955784e+01   1.6409830e+01
   1.7675000e+01   2.8105473e+01   1.4500000e+01
   1.7675000e+01   2.6876667e+01   1.2808694e+01
   1.7675000e+01   2.5323071e+01   1.1409830e+01
   1.7675000e+01   2.3512585e+01   1.0364545e+01
   1.7675000e+01   2.1524336e+01   9.7185240e+00
   1.7675000e+01   1.9445219e+01   9.5000000e+00
   1.7675000e+01   1.7366102e+01   9.7185240e+00
   1.7675000e+01   1.5377853e+01   1.0364545e+01
   1.7675000e+01   1.3567366e+01   1.1409830e+01
   1.7675000e+01   1.2013771e+01   1.2808694e+01
   1.7675000e+01   1.0784965e+01   1.4500000e+01
   1.7675000e+01   9.9346538e+00   1.6409830e+01
   1.7675000e+01   9.5000000e+00   1.8454715e+01
   1.7675000e+01   9.5000000e+00   2.0545285e+01
   1.7675000e+01   9.9346538e+00   2.2590170e+01
   1.7675000e+01   1.0784965e+01   2.4500000e+01
   1.7675000e+01   1.2013771e+01   2.6191306e+01
   1.7675000e+01   1.3567366e+01   2.7590170e+01
   1.7675000e+01   1.5377853e+01   2.8635455e+01
   1.7675000e+01   1.7366102e+01   2.9281476e+01
   1.5655000e+01   1.9445219e+01   2.9500000e+01
   1.5655000e+01   2.1524336e+01   2.9281476e+01
   1.5655000e+01   2.3512585e+01   2.8635455e+01
   1.5655000e+01   2.5323071e+01   2.7590170e+01
   1.5655000e+01   2.6876667e+01   2.6191306e+01
   1.5655000e+01   2.8105473e+01   2.4500000e+01
   1.5655000e+01   2.8955784e+01   2.2590170e+01
   1.5655000e+01   2.9390438e+01   2.0545285e+01
   1.5655000e+01   2.9390438e+01   1.8454715e+01
   1.5655000e+01   2.8955784e+01   1.6409830e+01
   1.5655000e+01   2.8105473e+01   1.4500000e+01
   1.5655000e+01   2.6876667e+01   1.2808694e+01
   1.5655000e+01   2.5323071e+01   1.1409830e+01
   1.5655000e+01   2.3512585e+01   1.0364545e+01
   1.5655000e+01   2.1524336e+01   9.7185240e+00
   1.5655000e+01   1.9445219e+01   9.5000000e+00
   1.5655000e+01   1.7366102e+01   9.7185240e+00
   1.5655000e+01   1.5377853e+01   1.0364545e+01
   1.5655000e+01   1.3567366e+01   1.1409830e+01
   1.5655000e+01   1.2013771e+01   1.2808694e+01
   1.5655000e+01   1.0784965e+01   1.4500000e+01
   1.5655000e+01   9.9346538e+00   1.6409830e+01
   1.5655000e+01   9.5000000e+00   1.8454715e+01
   1.5655000e+01   9.5000000e+00   2.0545285e+01
   1.5655000e+01   9.9346538e+00   2.2590170e+01
   1.5655000e+01   1.0784965e+01   2.4500000e+01
   1.5655000e+01   1.2013771e+01   2.6191306e+01
   1.5655000e+01   1.3567366e+01   2.7590170e+01
   1.5655000e+01   1.5377853e+01   2.8635455e+01
   1.5655000e+01   1.7366102e+01   2.9281476e+01
   1.3635000e+01   1.9445219e+01   2.9500000e+01
   1.3635000e+01   2.1524336e+01   2.9281476e+01
   1.3635000e+01   2.3512585e+01   2.8635455e+01
   1.3635000e+01   2.5323071e+01   2.7590170e+01
   1.3635000e+01   2.6876667e+01   2.6191306e+01
   1.3635000e+01   2.8105473e+01   2.4500000e+01
   1.3635000e+01   2.8955784e+01   2.2590170e+01
   1.3635000e+01   2.9390438e+01   2.0545285e+01
   1.3635000e+01   2.9390438e+01   1.8454715e+01
   1.3635000e+01   2.8955784e+01   1.6409830e+01
   1.3635000e+01   2.8105473e+01   1.4500000e+01
   1.3635000e+01   2.6876667e+01   1.2808694e+01
   1.3635000e+01   2.5323071e+01   1.1409830e+01
   1.3635000e+01   2.3512585e+01   1.0364545e+01
   1.3635000e+01   2.1524336e+01   9.7185240e+00
   1.3635000e+01   1.9445219e+01   9.5000000e+00
   1.3635000e+01   1.7366102e+01   9.7185240e+00
   1.3635000e+01   1.5377853e+01   1.0364545e+01
   1.3635000e+01   1.3567366e+01   1.1409830e+01
   1.3635000e+01   1.2013771e+01   1.2808694e+01
   1.3635000e+01   1.0784965e+01   1.4500000e+01
   1.3635000e+01   9.9346538e+00   1.6409830e+01
   1.3635000e+01   9.5000000e+00   1.8454715e+01
   1.3635000e+01   9.5000000e+00   2.0545285e+01
   1.3635000e+01   9.9346538e+00   2.2590170e+01
   1.3635000e+01   1.0784965e+01   2.4500000e+01
   1.3635000e+01   1.2013771e+01   2.6191306e+01
   1.3635000e+01   1.3567366e+01   2.7590170e+01
   1.3635000e+01   1.5377853e+01   2.8635455e+01
   1.3635000e+01   1.7366102e+01   2.9281476e+01
   1.1615000e+01   1.9445219e+01   2.9500000e+01
   1.1615000e+01   2.1524336e+01   2.9281476e+01
   1.1615000e+01   2.3512585e+01   2.8635455e+01
   1.1615000e+01   2.5323071e+01   2.7590170e+01
   1.1615000e+01   2.6876667e+01   2.6191306e+01
   1.1615000e+01   2.8105473e+01   2.4500000e+01
   1.1615000e+01   2.8955784e+01   2.2590170e+01
   1.1615000e+01   2.9390438e+01   2.0545285e+01
   1.1615000e+01   2.9390438e+01   1.8454715e+01
   1.1615000e+01   2.8955784e+01   1.6409830e+01
   1.1615000e+01   2.8105473e+01   1.4500000e+01
   1.1615000e+01   2.6876667e+01   1.2808694e+01
   1.1615000e+01   2.5323071e+01   1.1409830e+01
   1.1615000e+01   2.3512585e+01   1.0364545e+01
   1.1615000e+01   2.1524336e+01   9.7185240e+00
   1.1615000e+01   1.9445219e+01   9.5000000e+00
   1.1615000e+01   1.7366102e+01   9.7185240e+00
   1.1615000e+01   1.5377853e+01   1.0364545e+01
   1.1615000e+01   1.3567366e+01   1.1409830e+01
   1.1615000e+01   1.2013771e+01   1.2808694e+01
   1.1615000e+01   1.0784965e+01   1.4500000e+01
   1.1615000e+01   9.9346538e+00   1.6409830e+01
   1.1615000e+01   9.5000000e+00   1.8454715e+01
   1.1615000e+01   9.5000000e+00   2.0545285e+01
   1.1615000e+01   9.9346538e+00   2.2590170e+01
   1.1615000e+01   1.0784965e+01   2.4500000e+01
   1.1615000e+01   1.2013771e+01   2.6191306e+01
   1.1615000e+01   1.3567366e+01   2.7590170e+01
   1.1615000e+01   1.5377853e+01   2.8635455e+01
   1.1615000e+01   1.7366102e+01   2.9281476e+01
   9.5950000e+00   1.9445219e+01   2.9500000e+01
   9.5950000e+00   2.1524336e+01   2.9281476e+01
   9.5950000e+00   2.3512585e+01   2.8635455e+01
   9.5950000e+00   2.5323071e+01   2.7590170e+01
   9.5950000e+00   2.6876667e+01   2.6191306e+01
   9.5950000e+00   2.8105473e+01   2.4500000e+01
   9.5950000e+00   2.8955784e+01   2.2590170e+01
   9.5950000e+00   2.9390438e+01   2.0545285e+01
   9.5950000e+00   2.9390438e+01   1.8454715e+01
   9.5950000e+00   2.8955784e+01   1.6409830e+01
   9.5950000e+00   2.8105473e+01   1.4500000e+01
   9.5950000e+00   2.6876667e+01   1.2808694e+01
   9.5950000e+00   2.5323071e+01   1.1409830e+01
   9.5950000e+00   2.3512585e+01   1.0364545e+01
   9.5950000e+00   2.1524336e+01   9.7185240e+00
   9.5950000e+00   1.9445219e+01   9.5000000e+00
   9.5950000e+00   1.7366102e+01   9.7185240e+00
   9.5950000e+00   1.5377853e+01   1.0364545e+01
   9.5950000e+00   1.3567366e+01   1.1409830e+01
   9.5950000e+00   1.2013771e+01   1.2808694e+01
   9.5950000e+00   1.0784965e+01   1.4500000e+01
   9.5950000e+00   9.9346538e+00   1.6409830e+01
   9.5950000e+00   9.5000000e+00   1.8454715e+01
   9.5950000e+00   9.5000000e+00   2.0545285e+01
   9.5950000e+00   9.9346538e+00   2.2590170e+01
   9.5950000e+00   1.0784965e+01   2.4500000e+01
   9.5950000e+00   1.2013771e+01   2.6191306e+01
   9.5950000e+00   1.3567366e+01   2.7590170e+01
   9.5950000e+00   1.5377853e+01   2.8635455e+01
   9.5950000e+00   1.7366102e+01   2.9281476e+01
   7.5750000e+00   1.9445219e+01   2.9500000e+01
   7.5750000e+00   2.1524336e+01   2.9281476e+01
   7.5750000e+00   2.3512585e+01   2.8635455e+01
   7.5750000e+00   2.5323071e+01   2.7590170e+01
   7.5750000e+00   2.6876667e+01   2.6191306e+01
   7.5750000e+00   2.8105473e+01   2.4500000e+01
   7.5750000e+00   2.8955784e+01   2.2590170e+01
   7.5750000e+00   2.9390438e+01   2.0545285e+01
   7.5750000e+00   2.9390438e+01   1.8454715e+01
   7.5750000e+00   2.8955784e+01   1.6409830e+01
   7.5750000e+00   2.8105473e+01   1.4500000e+01
   7.5750000e+00   2.6876667e+01   1.2808694e+01
   7.5750000e+00   2.5323071e+01   1.1409830e+01
   7.5750000e+00   2.3512585e+01   1.0364545e+01
   7.5750000e+00   2.1524336e+01   9.7185240e+00
   7.5750000e+00   1.9445219e+01   9.5000000e+00
   7.5750000e+00   1.7366102e+01   9.7185240e+00
   7.5750000e+00   1.5377853e+01   1.0364545e+01
   7.5750000e+00   1.3567366e+01   1.1409830e+01
   7.5750000e+00   1.2013771e+01   1.2808694e+01
   7.5750000e+00   1.0784965e+01   1.4500000e+01
   7.5750000e+00   9.9346538e+00   1.6409830e+01
   7.5750000e+00   9.5000000e+00   1.8454715e+01
   7.5750000e+00   9.5000000e+00   2.0545285e+01
   7.5750000e+00   9.9346538e+00   2.2590170e+01
   7.5750000e+00   1.0784965e+01   2.4500000e+01
   7.5750000e+00   1.2013771e+01   2.6191306e+01
   7.5750000e+00   1.3567366e+01   2.7590170e+01
   7.5750000e+00   1.5377853e+01   2.8635455e+01
   7.5750000e+00   1.7366102e+01   2.9281476e+01
   5.5550000e+00   1.9445219e+01   2.9500000e+01
   5.5550000e+00   2.1524336e+01   2.9281476e+01
   5.5550000e+00   2.3512585e+01   2.8635455e+01
   5.5550000e+00   2.5323071e+01   2.7590170e+01
   5.5550000e+00   2.6876667e+01   2.6191306e+01
   5.5550000e+00   2.8105473e+01   2.4500000e+01
   5.5550000e+00   2.8955784e+01   2.2590170e+01
   5.5550000e+00   2.9390438e+01   2.0545285e+01
   5.5550000e+00   2.9390438e+01   1.8454715e+01
   5.5550000e+00   2.8955784e+01   1.6409830e+01
   5.5550000e+00   2.8105473e+01   1.4500000e+01
   5.5550000e+00   2.6876667e+01   1.2808694e+01
   5.5550000e+00   2.5323071e+01   1.1409830e+01
   5.5550000e+00   2.3512585e+01   1.0364545e+01
   5.5550000e+00   2.1524336e+01   9.7185240e+00
   5.5550000e+00   1.9445219e+01   9.5000000e+00
   5.5550000e+00   1.7366102e+01   9.7185240e+00
   5.5550000e+00   1.5377853e+01   1.0364545e+01
   5.5550000e+00   1.3567366e+01   1.1409830e+01
   5.5550000e+00   1.2013771e+01   1.2808694e+01
   5.5550000e+00   1.0784965e+01   1.4500000e+01
   5.5550000e+00   9.9346538e+00   1.6409830e+01
   5.5550000e+00   9.5000000e+00   1.8454715e+01
   5.5550000e+00   9.5000000e+00   2.0545285e+01
   5.5550000e+00   9.9346538e+00   2.2590170e+01
   5.5550000e+00   1.0784965e+01   2.4500000e+01
   5.5550000e+00   1.2013771e+01   2.6191306e+01
   5.5550000e+00   1.3567366e+01   2.7590170e+01
   5.5550000e+00   1.5377853e+01   2.8635455e+01
   5.5550000e+00   1.7366102e+01   2.9281476e+01
   3.5350000e+00   1.9445219e+01   2.9500000e+01
   3.5350000e+00   2.1524336e+01   2.9281476e+01
   3.5350000e+00   2.3512585e+01   2.8635455e+01
   3.5350000e+00   2.5323071e+01   2.7590170e+01
   3.5350000e+00   2.6876667e+01   2.6191306e+01
   3.5350000e+00   2.8105473e+01   2.4500000e+01
   3.5350000e+00   2.8955784e+01   2.2590170e+01
   3.5350000e+00   2.9390438e+01   2.0545285e+01
   3.5350000e+00   2.9390438e+01   1.8454715e+01
   3.5350000e+00   2.8955784e+01   1.6409830e+01
   3.5350000e+00   2.8105473e+01   1.4500000e+01
   3.5350000e+00   2.6876667e+01   1.2808694e+01
   3.5350000e+00   2.5323071e+01   1.1409830e+01
   3.5350000e+00   2.3512585e+01   1.0364545e+01
   3.5350000e+00   2.1524336e+01   9.7185240e+00
   3.5350000e+00   1.9445219e+01   9.5000000e+00
   3.5350000e+00   1.7366102e+01   9.7185240e+00
   3.5350000e+00   1.5377853e+01   1.0364545e+01
   3.5350000e+00   1.3567366e+01   1.1409830e+01
   3.5350000e+00   1.2013771e+01   1.2808694e+01
   3.5350000e+00   1.0784965e+01   1.4500000e+01
   3.5350000e+00   9.9346538e+00   1.6409830e+01
   3.5350000e+00   9.5000000e+00   1.8454715e+01
   3.5350000e+00   9.5000000e+00   2.0545285e+01
   3.5350000e+00   9.9346538e+00   2.2590170e+01
   3.5350000e+00   1.0784965e+01   2.4500000e+01
   3.5350000e+00   1.2013771e+01   2.6191306e+01
   3.5350000e+00   1.3567366e+01   2.7590170e+01
   3.5350000e+00   1.5377853e+01   2.8635455e+01
   3.5350000e+00   1.7366102e+01   2.9281476e+01
   1.5150000e+00   1.9445219e+01   2.9500000e+01
   1.5150000e+00   2.1524336e+01   2.9281476e+01
   1.5150000e+00   2.3512585e+01   2.8635455e+01
   1.5150000e+00   2.5323071e+01   2.7590170e+01
   1.5150000e+00   2.6876667e+01   2.6191306e+01
   1.5150000e+00   2.8105473e+01   2.4500000e+01
   1.5150000e+00   2.8955784e+01   2.2590170e+01
   1.5150000e+00   2.9390438e+01   2.0545285e+01
   1.5150000e+00   2.9390438e+01   1.8454715e+01
   1.5150000e+00   2.8955784e+01   1.6409830e+01
   1.5150000e+00   2.8105473e+01   1.4500000e+01
   1.5150000e+00   2.6876667e+01   1.2808694e+01
   1.5150000e+00   2.5323071e+01   1.1409830e+01
   1.5150000e+00   2.3512585e+01   1.0364545e+01
   1.5150000e+00   2.1524336e+01   9.7185240e+00
   1.5150000e+00   1.9445219e+01   9.5000000e+00
   1.5150000e+00   1.7366102e+01   9.7185240e+00
   1.5150000e+00   1.5377853e+01   1.0364545e+01
   1.5150000e+00   1.3567366e+01   1.1409830e+01
   1.5150000e+00   1.2013771e+01   1.2808694e+01
   1.5150000e+00   1.0784965e+01   1.4500000e+01
   1.5150000e+00   9.9346538e+00   1.6409830e+01
   1.5150000e+00   9.5000000e+00   1.8454715e+01
   1.5150000e+00   9.5000000e+00   2.0545285e+01
   1.5150000e+00   9.9346538e+00   2.2590170e+01
   1.5150000e+00   1.0784965e+01   2.4500000e+01
   1.5150000e+00   1.2013771e+01   2.6191306e+01
   1.5150000e+00   1.3567366e+01   2.7590170e+01
   1.5150000e+00   1.5377853e+01   2.8635455e+01
   1.5150000e+00   1.7366102e+01   2.9281476e+01
  -5.0500000e-01   1.9445219e+01   2.9500000e+01
  -5.0500000e-01   2.1524336e+01   2.9281476e+01
  -5.0500000e-01   2.3512585e+01   2.8635455e+01
  -5.0500000e-01   2.5323071e+01   2.7590170e+01
  -5.0500000e-01   2.6876667e+01   2.6191306e+01
  -5.0500000e-01   2.8105473e+01   2.4500000e+01
  -5.0500000e-01   2.8955784e+01   2.2590170e+01
  -5.0500000e-01   2.9390438e+01   2.0545285e+01
  -5.0500000e-01   2.9390438e+01   1.8454715e+01
  -5.0500000e-01   2.8955784e+01   1.6409830e+01
  -5.0500000e-01   2.8105473e+01   1.4500000e+01
  -5.0500000e-01   2.6876667e+01   1.2808694e+01
  -5.0500000e-01   2.5323071e+01   1.1409830e+01
  -5.0500000e-01   2.3512585e+01   1.0364545e+01
  -5.0500000e-01   2.1524336e+01   9.7185240e+00
  -5.0500000e-01   1.9445219e+01   9.5000000e+00
  -5.0500000e-01   1.7366102e+01   9.7185240e+00
  -5.0500000e-01   1.5377853e+01   1.0364545e+01
  -5.0500000e-01   1.3567366e+01   1.1409830e+01
  -5.0500000e-01   1.2013771e+01   1.2808694e+01
  -5.0500000e-01   1.0784965e+01   1.4500000e+01
  -5.0500000e-01   9.9346538e+00   1.6409830e+01
  -5.0500000e-01   9.5000000e+00   1.8454715e+01
  -5.0500000e-01   9.5000000e+00   2.0545285e+01
  -5.0500000e-01   9.9346538e+00   2.2590170e+01
  -5.0500000e-01   1.0784965e+01   2.4500000e+01
  -5.0500000e-01   1.2013771e+01   2.6191306e+01
  -5.0500000e-01   1.3567366e+01   2.7590170e+01
  -5.0500000e-01   1.5377853e+01   2.8635455e+01
  -5.0500000e-01   1.7366102e+01   2.9281476e+01
   3.8000000e+01   9.5000000e+00   8.9337107e+00
   3.8000000e+01   1.2833333e+01   8.9337107e+00
   3.8000000e+01   1.6166667e+01   8.9337107e+00
   3.8000000e+01   1.9500000e+01   8.9337107e+00
   3.8000000e+01   2.2833333e+01   8.9337107e+00
   3.8000000e+01   2.6166667e+01   8.9337107e+00
   3.8000000e+01   2.9500000e+01   8.9337107e+00
   3.9781204e+01   9.5000000e+00   9.6624203e+00
   3.9781204e+01   1.2833333e+01   9.6624203e+00
   3.9781204e+01   1.6166667e+01   9.6624203e+00
   3.9781204e+01   1.9500000e+01   9.6624203e+00
   3.9781204e+01   2.2833333e+01   9.6624203e+00
   3.9781204e+01   2.6166667e+01   9.6624203e+00
   3.9781204e+01   2.9500000e+01   9.6624203e+00
   4.1562407e+01   9.5000000e+00   1.0391130e+01
   4.1562407e+01   1.2833333e+01   1.0391130e+01
   4.1562407e+01   1.6166667e+01   1.0391130e+01
   4.1562407e+01   1.9500000e+01   1.0391130e+01
   4.1562407e+01   2.2833333e+01   1.0391130e+01
   4.1562407e+01   2.6166667e+01   1.0391130e+01
   4.1562407e+01   2.9500000e+01   1.0391130e+01
   4.3343611e+01   9.5000000e+00   1.1119840e+01
   4.3343611e+01   1.2833333e+01   1.1119840e+01
   4.3343611e+01   1.6166667e+01   1.1119840e+01
   4.3343611e+01   1.9500000e+01   1.1119840e+01
   4.3343611e+01   2.2833333e+01   1.1119840e+01
   4.3343611e+01   2.6166667e+01   1.1119840e+01
   4.3343611e+01   2.9500000e+01   1.1119840e+01
   4.5124814e+01   9.5000000e+00   1.1848549e+01
   4.5124814e+01   1.2833333e+01   1.1848549e+01
   4.5124814e+01   1.6166667e+01   1.1848549e+01
   4.5124814e+01   1.9500000e+01   1.1848549e+01
   4.5124814e+01   2.2833333e+01   1.1848549e+01
   4.5124814e+01   2.6166667e+01   1.1848549e+01
   4.5124814e+01   2.9500000e+01   1.1848549e+01
   4.6906018e+01   9.5000000e+00   1.2577259e+01
   4.6906018e+01   1.2833333e+01   1.2577259e+01
   4.6906018e+01   1.6166667e+01   1.2577259e+01
   4.6906018e+01   1.9500000e+01   1.2577259e+01
   4.6906018e+01   2.2833333e+01   1.2577259e+01
   4.6906018e+01   2.6166667e+01   1.2577259e+01
   4.6906018e+01   2.9500000e+01   1.2577259e+01
   4.8687221e+01   9.5000000e+00   1.3305968e+01
   4.8687221e+01   1.2833333e+01   1.3305968e+01
   4.8687221e+01   1.6166667e+01   1.3305968e+01
   4.8687221e+01   1.9500000e+01   1.3305968e+01
   4.8687221e+01   2.2833333e+01   1.3305968e+01
   4.8687221e+01   2.6166667e+01   1.3305968e+01
   4.8687221e+01   2.9500000e+01   1.3305968e+01
   5.0468425e+01   9.5000000e+00   1.4034678e+01
   5.0468425e+01   1.2833333e+01   1.4034678e+01
   5.0468425e+01   1.6166667e+01   1.4034678e+01
   5.0468425e+01   1.9500000e+01   1.4034678e+01
   5.0468425e+01   2.2833333e+01   1.4034678e+01
   5.0468425e+01   2.6166667e+01   1.4034678e+01
   5.0468425e+01   2.9500000e+01   1.4034678e+01
   5.2249628e+01   9.5000000e+00   1.4763388e+01
   5.2249628e+01   1.2833333e+01   1.4763388e+01
   5.2249628e+01   1.6166667e+01   1.4763388e+01
   5.2249628e+01   1.9500000e+01   1.4763388e+01
   5.2249628e+01   2.2833333e+01   1.4763388e+01
   5.2249628e+01   2.6166667e+01   1.4763388e+01
   5.2249628e+01   2.9500000e+01   1.4763388e+01
   5.4030832e+01   9.5000000e+00   1.5492097e+01
   5.4030832e+01   1.2833333e+01   1.5492097e+01
   5.4030832e+01   1.6166667e+01   1.5492097e+01
   5.4030832e+01   1.9500000e+01   1.5492097e+01
   5.4030832e+01   2.2833333e+01   1.5492097e+01
   5.4030832e+01   2.6166667e+01   1.5492097e+01
   5.4030832e+01   2.9500000e+01   1.5492097e+01
   5.5812035e+01   9.5000000e+00   1.6220807e+01
   5.5812035e+01   1.2833333e+01   1.6220807e+01
   5.5812035e+01   1.6166667e+01   1.6220807e+01
   5.5812035e+01   1.9500000e+01   1.6220807e+01
   5.5812035e+01   2.2833333e+01   1.6220807e+01
   5.5812035e+01   2.6166667e+01   1.6220807e+01
   5.5812035e+01   2.9500000e+01   1.6220807e+01
   5.7593239e+01   9.5000000e+00   1.6949516e+01
   5.7593239e+01   1.2833333e+01   1.6949516e+01
   5.7593239e+01   1.6166667e+01   1.6949516e+01
   5.7593239e+01   1.9500000e+01   1.6949516e+01
   5.7593239e+01   2.2833333e+01   1.6949516e+01
   5.7593239e+01   2.6166667e+01   1.6949516e+01
   5.7593239e+01   2.9500000e+01   1.6949516e+01
   5.9374442e+01   9.5000000e+00   1.7678226e+01
   5.9374442e+01   1.2833333e+01   1.7678226e+01
   5.9464411e+01   1.6166667e+01   1.7715033e+01
   5.9199749e+01   1.9500000e+01   1.7606757e+01
   5.9464411e+01   2.2833333e+01   1.7715033e+01
   5.9374442e+01   2.6166667e+01   1.7678226e+01
   5.9374442e+01   2.9500000e+01   1.7678226e+01
   6.1155646e+01   9.5000000e+00   1.8406936e+01
   6.0378165e+01   1.2833333e+01   1.8088860e+01
   6.0378165e+01   2.6166667e+01   1.8088860e+01
   6.1155646e+01   2.9500000e+01   1.8406936e+01
   6.3827451e+01   9.5000000e+00   1.9500000e+01
   6.3827451e+01   2.9500000e+01   1.9500000e+01
   3.8000000e+01   1.1166667e+01   8.9337107e+00
   3.8000000e+01   1.4500000e+01   8.9337107e+00
   3.8000000e+01   1.7833333e+01   8.9337107e+00
   3.8000000e+01   2.1166667e+01   8.9337107e+00
   3.8000000e+01   2.4500000e+01   8.9337107e+00
   3.8000000e+01   2.7833333e+01   8.9337107e+00
   3.8890602e+01   1.1166667e+01   9.2980655e+00
   3.8890602e+01   1.4500000e+01   9.2980655e+00
   3.8890602e+01   1.7833333e+01   9.2980655e+00
   3.8890602e+01   2.1166667e+01   9.2980655e+00
   3.8890602e+01   2.4500000e+01   9.2980655e+00
   3.8890602e+01   2.7833333e+01   9.2980655e+00
   4.0671805e+01   1.1166667e+01   1.0026775e+01
   4.0671805e+01   1.4500000e+01   1.0026775e+01
   4.0671805e+01   1.7833333e+01   1.0026775e+01
   4.0671805e+01   2.1166667e+01   1.0026775e+01
   4.0671805e+01   2.4500000e+01   1.0026775e+01
   4.0671805e+01   2.7833333e+01   1.0026775e+01
   4.2453009e+01   1.1166667e+01   1.0755485e+01
   4.2453009e+01   1.4500000e+01   1.0755485e+01
   4.2453009e+01   1.7833333e+01   1.0755485e+01
   4.2453009e+01   2.1166667e+01   1.0755485e+01
   4.2453009e+01   2.4500000e+01   1.0755485e+01
   4.2453009e+01   2.7833333e+01   1.0755485e+01
   4.4234212e+01   1.1166667e+01   1.1484194e+01
   4.4234212e+01   1.4500000e+01   1.1484194e+01
   4.4234212e+01   1.7833333e+01   1.1484194e+01
   4.4234212e+01   2.1166667e+01   1.1484194e+01
   4.4234212e+01   2.4500000e+01   1.1484194e+01
   4.4234212e+01   2.7833333e+01   1.1484194e+01
   4.6015416e+01   1.1166667e+01   1.2212904e+01
   4.6015416e+01   1.4500000e+01   1.2212904e+01
   4.6015416e+01   1.7833333e+01   1.2212904e+01
   4.6015416e+01   2.1166667e+01   1.2212904e+01
   4.6015416e+01   2.4500000e+01   1.2212904e+01
   4.6015416e+01   2.7833333e+01   1.2212904e+01
   4.7796619e+01   1.1166667e+01   1.2941614e+01
   4.7796619e+01   1.4500000e+01   1.2941614e+01
   4.7796619e+01   1.7833333e+01   1.2941614e+01
   4.7796619e+01   2.1166667e+01   1.2941614e+01
   4.7796619e+01   2.4500000e+01   1.2941614e+01
   4.7796619e+01   2.7833333e+01   1.2941614e+01
   4.9577823e+01   1.1166667e+01   1.3670323e+01
   4.9577823e+01   1.4500000e+01   1.3670323e+01
   4.9577823e+01   1.7833333e+01   1.3670323e+01
   4.9577823e+01   2.1166667e+01   1.3670323e+01
   4.9577823e+01   2.4500000e+01   1.3670323e+01
   4.9577823e+01   2.7833333e+01   1.3670323e+01
   5.1359026e+01   1.1166667e+01   1.4399033e+01
   5.1359026e+01   1.4500000e+01   1.4399033e+01
   5.1359026e+01   1.7833333e+01   1.4399033e+01
   5.1359026e+01   2.1166667e+01   1.4399033e+01
   5.1359026e+01   2.4500000e+01   1.4399033e+01
   5.1359026e+01   2.7833333e+01   1.4399033e+01
   5.3140230e+01   1.1166667e+01   1.5127742e+01
   5.3140230e+01   1.4500000e+01   1.5127742e+01
   5.3140230e+01   1.7833333e+01   1.5127742e+01
   5.3140230e+01   2.1166667e+01   1.5127742e+01
   5.3140230e+01   2.4500000e+01   1.5127742e+01
   5.3140230e+01   2.7833333e+01   1.5127742e+01
   5.4921434e+01   1.1166667e+01   1.5856452e+01
   5.4921434e+01   1.4500000e+01   1.5856452e+01
   5.4921434e+01   1.7833333e+01   1.5856452e+01
   5.4921434e+01   2.1166667e+01   1.5856452e+01
   5.4921434e+01   2.4500000e+01   1.5856452e+01
   5.4921434e+01   2.7833333e+01   1.5856452e+01
   5.6702637e+01   1.1166667e+01   1.6585162e+01
   5.6702637e+01   1.4500000e+01   1.6585162e+01
   5.6702637e+01   1.7833333e+01   1.6585162e+01
   5.6702637e+01   2.1166667e+01   1.6585162e+01
   5.6702637e+01   2.4500000e+01   1.6585162e+01
   5.6702637e+01   2.7833333e+01   1.6585162e+01
   5.8483841e+01   1.1166667e+01   1.7313871e+01
   5.8483841e+01   1.4500000e+01   1.7313871e+01
   5.8483841e+01   1.7833333e+01   1.7313871e+01
   5.8483841e+01   2.1166667e+01   1.7313871e+01
   5.8483841e+01   2.4500000e+01   1.7313871e+01
   5.8483841e+01   2.7833333e+01   1.7313871e+01
   6.0265044e+01   1.1166667e+01   1.8042581e+01
   5.9819743e+01   1.4500000e+01   1.7860403e+01
   5.9264475e+01   1.7833333e+01   1.7633237e+01
   5.9264475e+01   2.1166667e+01   1.7633237e+01
   5.9819743e+01   2.4500000e+01   1.7860403e+01
   6.0265044e+01   2.7833333e+01   1.8042581e+01
   6.1269392e+01   1.1166667e+01   1.8453471e+01
   6.1269392e+01   2.7833333e+01   1.8453471e+01
   3.8000000e+01   9.5000000e+00   3.0066289e+01
   3.8000000e+01   1.2833333e+01   3.0066289e+01
   3.8000000e+01   1.6166667e+01   3.0066289e+01
   3.8000000e+01   1.9500000e+01   3.0066289e+01
   3.8000000e+01   2.2833333e+01   3.0066289e+01
   3.8000000e+01   2.6166667e+01   3.0066289e+01
   3.8000000e+01   2.9500000e+01   3.0066289e+01
   3.9781204e+01   9.5000000e+00   2.9337580e+01
   3.9781204e+01   1.2833333e+01   2.9337580e+01
   3.9781204e+01   1.6166667e+01   2.9337580e+01
   3.9781204e+01   1.9500000e+01   2.9337580e+01
   3.9781204e+01   2.2833333e+01   2.9337580e+01
   3.9781204e+01   2.6166667e+01   2.9337580e+01
   3.9781204e+01   2.9500000e+01   2.9337580e+01
   4.1562407e+01   9.5000000e+00   2.8608870e+01
   4.1562407e+01   1.2833333e+01   2.8608870e+01
   4.1562407e+01   1.6166667e+01   2.8608870e+01
   4.1562407e+01   1.9500000e+01   2.8608870e+01
   4.1562407e+01   2.2833333e+01   2.8608870e+01
   4.1562407e+01   2.6166667e+01   2.8608870e+01
   4.1562407e+01   2.9500000e+01   2.8608870e+01
   4.3343611e+01   9.5000000e+00   2.7880160e+01
   4.3343611e+01   1.2833333e+01   2.7880160e+01
   4.3343611e+01   1.6166667e+01   2.7880160e+01
   4.3343611e+01   1.9500000e+01   2.7880160e+01
   4.3343611e+01   2.2833333e+01   2.7880160e+01
   4.3343611e+01   2.6166667e+01   2.7880160e+01
   4.3343611e+01   2.9500000e+01   2.7880160e+01
   4.5124814e+01   9.5000000e+00   2.7151451e+01
   4.5124814e+01   1.2833333e+01   2.7151451e+01
   4.5124814e+01   1.6166667e+01   2.7151451e+01
   4.5124814e+01   1.9500000e+01   2.7151451e+01
   4.5124814e+01   2.2833333e+01   2.7151451e+01
   4.5124814e+01   2.6166667e+01   2.7151451e+01
   4.5124814e+01   2.9500000e+01   2.7151451e+01
   4.6906018e+01   9.5000000e+00   2.6422741e+01
   4.6906018e+01   1.2833333e+01   2.6422741e+01
   4.6906018e+01   1.6166667e+01   2.6422741e+01
   4.6906018e+01   1.9500000e+01   2.6422741e+01
   4.6906018e+01   2.2833333e+01   2.6422741e+01
   4.6906018e+01   2.6166667e+01   2.6422741e+01
   4.6906018e+01   2.9500000e+01   2.6422741e+01
   4.8687221e+01   9.5000000e+00   2.5694032e+01
   4.8687221e+01   1.2833333e+01   2.5694032e+01
   4.8687221e+01   1.6166667e+01   2.5694032e+01
   4.8687221e+01   1.9500000e+01   2.5694032e+01
   4.8687221e+01   2.2833333e+01   2.5694032e+01
   4.8687221e+01   2.6166667e+01   2.5694032e+01
   4.8687221e+01   2.9500000e+01   2.5694032e+01
   5.0468425e+01   9.5000000e+00   2.4965322e+01
   5.0468425e+01   1.2833333e+01   2.4965322e+01
   5.0468425e+01   1.6166667e+01   2.4965322e+01
   5.0468425e+01   1.9500000e+01   2.4965322e+01
   5.0468425e+01   2.2833333e+01   2.4965322e+01
   5.0468425e+01   2.6166667e+01   2.4965322e+01
   5.0468425e+01   2.9500000e+01   2.4965322e+01
   5.2249628e+01   9.5000000e+00   2.4236612e+01
   5.2249628e+01   1.2833333e+01   2.4236612e+01
   5.2249628e+01   1.6166667e+01   2.4236612e+01
   5.2249628e+01   1.9500000e+01   2.4236612e+01
   5.2249628e+01   2.2833333e+01   2.4236612e+01
   5.2249628e+01   2.6166667e+01   2.4236612e+01
   5.2249628e+01   2.9500000e+01   2.4236612e+01
   5.4030832e+01   9.5000000e+00   2.3507903e+01
   5.4030832e+01   1.2833333e+01   2.3507903e+01
   5.4030832e+01   1.6166667e+01   2.3507903e+01
   5.4030832e+01   1.9500000e+01   2.3507903e+01
   5.4030832e+01   2.2833333e+01   2.3507903e+01
   5.4030832e+01   2.6166667e+01   2.3507903e+01
   5.4030832e+01   2.9500000e+01   2.3507903e+01
   5.5812035e+01   9.5000000e+00   2.2779193e+01
   5.5812035e+01   1.2833333e+01   2.2779193e+01
   5.5812035e+01   1.6166667e+01   2.2779193e+01
   5.5812035e+01   1.9500000e+01   2.2779193e+01
   5.5812035e+01   2.2833333e+01   2.2779193e+01
   5.5812035e+01   2.6166667e+01   2.2779193e+01
   5.5812035e+01   2.9500000e+01   2.2779193e+01
   5.7593239e+01   9.5000000e+00   2.2050484e+01
   5.7593239e+01   1.2833333e+01   2.2050484e+01
   5.7593239e+01   1.6166667e+01   2.2050484e+01
   5.7593239e+01   1.9500000e+01   2.2050484e+01
   5.7593239e+01   2.2833333e+01   2.2050484e+01
   5.7593239e+01   2.6166667e+01   2.2050484e+01
   5.7593239e+01   2.9500000e+01   2.2050484e+01
   5.9374442e+01   9.5000000e+00   2.1321774e+01
   5.9374442e+01   1.2833333e+01   2.1321774e+01
   5.9464411e+01   1.6166667e+01   2.1284967e+01
   5.9199749e+01   1.9500000e+01   2.1393243e+01
   5.9464411e+01   2.2833333e+01   2.1284967e+01
   5.9374442e+01   2.6166667e+01   2.1321774e+01
   5.9374442e+01   2.9500000e+01   2.1321774e+01
   6.1155646e+01   9.5000000e+00   2.0593064e+01
   6.0378165e+01   1.2833333e+01   2.0911140e+01
   6.0378165e+01   2.6166667e+01   2.0911140e+01
   6.1155646e+01   2.9500000e+01   2.0593064e+01
   6.3827451e+01   9.5000000e+00   1.9500000e+01
   6.3827451e+01   2.9500000e+01   1.9500000e+01
   3.8000000e+01   1.1166667e+01   3.0066289e+01
   3.8000000e+01   1.4500000e+01   3.0066289e+01
   3.8000000e+01   1.7833333e+01   3.0066289e+01
   3.8000000e+01   2.1166667e+01   3.0066289e+01
   3.8000000e+01   2.4500000e+01   3.0066289e+01
   3.8000000e+01   2.7833333e+01   3.0066289e+01
   3.8890602e+01   1.1166667e+01   2.9701934e+01
   3.8890602e+01   1.4500000e+01   2.9701934e+01
   3.8890602e+01   1.7833333e+01   2.9701934e+01
   3.8890602e+01   2.1166667e+01   2.9701934e+01
   3.8890602e+01   2.4500000e+01   2.9701934e+01
   3.8890602e+01   2.7833333e+01   2.9701934e+01
   4.0671805e+01   1.1166667e+01   2.8973225e+01
   4.0671805e+01   1.4500000e+01   2.8973225e+01
   4.0671805e+01   1.7833333e+01   2.8973225e+01
   4.0671805e+01   2.1166667e+01   2.8973225e+01
   4.0671805e+01   2.4500000e+01   2.8973225e+01
   4.0671805e+01   2.7833333e+01   2.8973225e+01
   4.2453009e+01   1.1166667e+01   2.8244515e+01
   4.2453009e+01   1.4500000e+01   2.8244515e+01
   4.2453009e+01   1.7833333e+01   2.8244515e+01
   4.2453009e+01   2.1166667e+01   2.8244515e+01
   4.2453009e+01   2.4500000e+01   2.8244515e+01
   4.2453009e+01   2.7833333e+01   2.8244515e+01
   4.4234212e+01   1.1166667e+01   2.7515806e+01
   4.4234212e+01   1.4500000e+01   2.7515806e+01
   4.4234212e+01   1.7833333e+01   2.7515806e+01
   4.4234212e+01   2.1166667e+01   2.7515806e+01
   4.4234212e+01   2.4500000e+01   2.7515806e+01
   4.4234212e+01   2.7833333e+01   2.7515806e+01
   4.6015416e+01   1.1166667e+01   2.6787096e+01
   4.6015416e+01   1.4500000e+01   2.6787096e+01
   4.6015416e+01   1.7833333e+01   2.6787096e+01
   4.6015416e+01   2.1166667e+01   2.6787096e+01
   4.6015416e+01   2.4500000e+01   2.6787096e+01
   4.6015416e+01   2.7833333e+01   2.6787096e+01
   4.7796619e+01   1.1166667e+01   2.6058386e+01
   4.7796619e+01   1.4500000e+01   2.6058386e+01
   4.7796619e+01   1.7833333e+01   2.6058386e+01
   4.7796619e+01   2.1166667e+01   2.6058386e+01
   4.7796619e+01   2.4500000e+01   2.6058386e+01
   4.7796619e+01   2.7833333e+01   2.6058386e+01
   4.9577823e+01   1.1166667e+01   2.5329677e+01
   4.9577823e+01   1.4500000e+01   2.5329677e+01
   4.9577823e+01   1.7833333e+01   2.5329677e+01
   4.9577823e+01   2.1166667e+01   2.5329677e+01
   4.9577823e+01   2.4500000e+01   2.5329677e+01
   4.9577823e+01   2.7833333e+01   2.5329677e+01
   5.1359026e+01   1.1166667e+01   2.4600967e+01
   5.1359026e+01   1.4500000e+01   2.4600967e+01
   5.1359026e+01   1.7833333e+01   2.4600967e+01
   5.1359026e+01   2.1166667e+01   2.4600967e+01
   5.1359026e+01   2.4500000e+01   2.4600967e+01
   5.1359026e+01   2.7833333e+01   2.4600967e+01
   5.3140230e+01   1.1166667e+01   2.3872258e+01
   5.3140230e+01   1.4500000e+01   2.3872258e+01
   5.3140230e+01   1.7833333e+01   2.3872258e+01
   5.3140230e+01   2.1166667e+01   2.3872258e+01
   5.3140230e+01   2.4500000e+01   2.3872258e+01
   5.3140230e+01   2.7833333e+01   2.3872258e+01
   5.4921434e+01   1.1166667e+01   2.3143548e+01
   5.4921434e+01   1.4500000e+01   2.3143548e+01
   5.4921434e+01   1.7833333e+01   2.3143548e+01
   5.4921434e+01   2.1166667e+01   2.3143548e+01
   5.4921434e+01   2.4500000e+01   2.3143548e+01
   5.4921434e+01   2.7833333e+01   2.3143548e+01
   5.6702637e+01   1.1166667e+01   2.2414838e+01
   5.6702637e+01   1.4500000e+01   2.2414838e+01
   5.6702637e+01   1.7833333e+01   2.2414838e+01
   5.6702637e+01   2.1166667e+01   2.2414838e+01
   5.6702637e+01   2.4500000e+01   2.2414838e+01
   5.6702637e+01   2.7833333e+01   2.2414838e+01
   5.8483841e+01   1.1166667e+01   2.1686129e+01
   5.8483841e+01   1.4500000e+01   2.1686129e+01
   5.8483841e+01   1.7833333e+01   2.1686129e+01
   5.8483841e+01   2.1166667e+01   2.1686129e+01
   5.8483841e+01   2.4500000e+01   2.1686129e+01
   5.8483841e+01   2.7833333e+01   2.1686129e+01
   6.0265044e+01   1.1166667e+01   2.0957419e+01
   5.9819743e+01   1.4500000e+01   2.1139597e+01
   5.9264475e+01   1.7833333e+01   2.1366763e+01
   5.9264475e+01   2.1166667e+01   2.1366763e+01
   5.9819743e+01   2.4500000e+01   2.1139597e+01
   6.0265044e+01   2.7833333e+01   2.0957419e+01
   6.1269392e+01   1.1166667e+01   2.0546529e+01
   6.1269392e+01   2.7833333e+01   2.0546529e+01
   1.6300000e+02   9.5000000e+00   8.9337107e+00
   1.6300000e+02   1.2833333e+01   8.9337107e+00
   1.6300000e+02   1.6166667e+01   8.9337107e+00
   1.6300000e+02   1.9500000e+01   8.9337107e+00
   1.6300000e+02   2.2833333e+01   8.9337107e+00
   1.6300000e+02   2.6166667e+01   8.9337107e+00
   1.6300000e+02   2.9500000e+01   8.9337107e+00
   1.6478120e+02   9.5000000e+00   9.6624203e+00
   1.6478120e+02   1.2833333e+01   9.6624203e+00
   1.6478120e+02   1.6166667e+01   9.6624203e+00
   1.6478120e+02   1.9500000e+01   9.6624203e+00
   1.6478120e+02   2.2833333e+01   9.6624203e+00
   1.6478120e+02   2.6166667e+01   9.6624203e+00
   1.6478120e+02   2.9500000e+01   9.6624203e+00
   1.6656241e+02   9.5000000e+00   1.0391130e+01
   1.6656241e+02   1.2833333e+01   1.0391130e+01
   1.6656241e+02   1.6166667e+01   1.0391130e+01
   1.6656241e+02   1.9500000e+01   1.0391130e+01
   1.6656241e+02   2.2833333e+01   1.0391130e+01
   1.6656241e+02   2.6166667e+01   1.0391130e+01
   1.6656241e+02   2.9500000e+01   1.0391130e+01
   1.6834361e+02   9.5000000e+00   1.1119840e+01
   1.6834361e+02   1.2833333e+01   1.1119840e+01
   1.6834361e+02   1.6166667e+01   1.1119840e+01
   1.6834361e+02   1.9500000e+01   1.1119840e+01
   1.6834361e+02   2.2833333e+01   1.1119840e+01
   1.6834361e+02   2.6166667e+01   1.1119840e+01
   1.6834361e+02   2.9500000e+01   1.1119840e+01
   1.7012481e+02   9.5000000e+00   1.1848549e+01
   1.7012481e+02   1.2833333e+01   1.1848549e+01
   1.7012481e+02   1.6166667e+01   1.1848549e+01
   1.7012481e+02   1.9500000e+01   1.1848549e+01
   1.7012481e+02   2.2833333e+01   1.1848549e+01
   1.7012481e+02   2.6166667e+01   1.1848549e+01
   1.7012481e+02   2.9500000e+01   1.1848549e+01
   1.7190602e+02   9.5000000e+00   1.2577259e+01
   1.7190602e+02   1.2833333e+01   1.2577259e+01
   1.7190602e+02   1.6166667e+01   1.2577259e+01
   1.7190602e+02   1.9500000e+01   1.2577259e+01
   1.7190602e+02   2.2833333e+01   1.2577259e+01
   1.7190602e+02   2.6166667e+01   1.2577259e+01
   1.7190602e+02   2.9500000e+01   1.2577259e+01
   1.7368722e+02   9.5000000e+00   1.3305968e+01
   1.7368722e+02   1.2833333e+01   1.3305968e+01
   1.7368722e+02   1.6166667e+01   1.3305968e+01
   1.7368722e+02   1.9500000e+01   1.3305968e+01
   1.7368722e+02   2.2833333e+01   1.3305968e+01
   1.7368722e+02   2.6166667e+01   1.3305968e+01
   1.7368722e+02   2.9500000e+01   1.3305968e+01
   1.7546842e+02   9.5000000e+00   1.4034678e+01
   1.7546842e+02   1.2833333e+01   1.4034678e+01
   1.7546842e+02   1.6166667e+01   1.4034678e+01
   1.7546842e+02   1.9500000e+01   1.4034678e+01
   1.7546842e+02   2.2833333e+01   1.4034678e+01
   1.7546842e+02   2.6166667e+01   1.4034678e+01
   1.7546842e+02   2.9500000e+01   1.4034678e+01
   1.7724963e+02   9.5000000e+00   1.4763388e+01
   1.7724963e+02   1.2833333e+01   1.4763388e+01
   1.7724963e+02   1.6166667e+01   1.4763388e+01
   1.7724963e+02   1.9500000e+01   1.4763388e+01
   1.7724963e+02   2.2833333e+01   1.4763388e+01
   1.7724963e+02   2.6166667e+01   1.4763388e+01
   1.7724963e+02   2.9500000e+01   1.4763388e+01
   1.7903083e+02   9.5000000e+00   1.5492097e+01
   1.7903083e+02   1.2833333e+01   1.5492097e+01
   1.7903083e+02   1.6166667e+01   1.5492097e+01
   1.7903083e+02   1.9500000e+01   1.5492097e+01
   1.7903083e+02   2.2833333e+01   1.5492097e+01
   1.7903083e+02   2.6166667e+01   1.5492097e+01
   1.7903083e+02   2.9500000e+01   1.5492097e+01
   1.8081204e+02   9.5000000e+00   1.6220807e+01
   1.8081204e+02   1.2833333e+01   1.6220807e+01
   1.8081204e+02   1.6166667e+01   1.6220807e+01
   1.8081204e+02   1.9500000e+01   1.6220807e+01
   1.8081204e+02   2.2833333e+01   1.6220807e+01
   1.8081204e+02   2.6166667e+01   1.6220807e+01
   1.8081204e+02   2.9500000e+01   1.6220807e+01
   1.8259324e+02   9.5000000e+00   1.6949516e+01
   1.8259324e+02   1.2833333e+01   1.6949516e+01
   1.8259324e+02   1.6166667e+01   1.6949516e+01
   1.8259324e+02   1.9500000e+01   1.6949516e+01
   1.8259324e+02   2.2833333e+01   1.6949516e+01
   1.8259324e+02   2.6166667e+01   1.6949516e+01
   1.8259324e+02   2.9500000e+01   1.6949516e+01
   1.8437444e+02   9.5000000e+00   1.7678226e+01
   1.8437444e+02   1.2833333e+01   1.7678226e+01
   1.8446441e+02   1.6166667e+01   1.7715033e+01
   1.8419975e+02   1.9500000e+01   1.7606757e+01
   1.8446441e+02   2.2833333e+01   1.7715033e+01
   1.8437444e+02   2.6166667e+01   1.7678226e+01
   1.8437444e+02   2.9500000e+01   1.7678226e+01
   1.8615565e+02   9.5000000e+00   1.8406936e+01
   1.8537817e+02   1.2833333e+01   1.8088860e+01
   1.8537817e+02   2.6166667e+01   1.8088860e+01
   1.8615565e+02   2.9500000e+01   1.8406936e+01
   1.8882745e+02   9.5000000e+00   1.9500000e+01
   1.8882745e+02   2.9500000e+01   1.9500000e+01
   1.6300000e+02   1.1166667e+01   8.9337107e+00
   1.6300000e+02   1.4500000e+01   8.9337107e+00
   1.6300000e+02   1.7833333e+01   8.9337107e+00
   1.6300000e+02   2.1166667e+01   8.9337107e+00
   1.6300000e+02   2.4500000e+01   8.9337107e+00
   1.6300000e+02   2.7833333e+01   8.9337107e+00
   1.6389060e+02   1.1166667e+01   9.2980655e+00
   1.6389060e+02   1.4500000e+01   9.2980655e+00
   1.6389060e+02   1.7833333e+01   9.2980655e+00
   1.6389060e+02   2.1166667e+01   9.2980655e+00
   1.6389060e+02   2.4500000e+01   9.2980655e+00
   1.6389060e+02   2.7833333e+01   9.2980655e+00
   1.6567181e+02   1.1166667e+01   1.0026775e+01
   1.6567181e+02   1.4500000e+01   1.0026775e+01
   1.6567181e+02   1.7833333e+01   1.0026775e+01
   1.6567181e+02   2.1166667e+01   1.0026775e+01
   1.6567181e+02   2.4500000e+01   1.0026775e+01
   1.6567181e+02   2.7833333e+01   1.0026775e+01
   1.6745301e+02   1.1166667e+01   1.0755485e+01
   1.6745301e+02   1.4500000e+01   1.0755485e+01
   1.6745301e+02   1.7833333e+01   1.0755485e+01
   1.6745301e+02   2.1166667e+01   1.0755485e+01
   1.6745301e+02   2.4500000e+01   1.0755485e+01
   1.6745301e+02   2.7833333e+01   1.0755485e+01
   1.6923421e+02   1.1166667e+01   1.1484194e+01
   1.6923421e+02   1.4500000e+01   1.1484194e+01
   1.6923421e+02   1.7833333e+01   1.1484194e+01
   1.6923421e+02   2.1166667e+01   1.1484194e+01
   1.6923421e+02   2.4500000e+01   1.1484194e+01
   1.6923421e+02   2.7833333e+01   1.1484194e+01
   1.7101542e+02   1.1166667e+01   1.2212904e+01
   1.7101542e+02   1.4500000e+01   1.2212904e+01
   1.7101542e+02   1.7833333e+01   1.2212904e+01
   1.7101542e+02   2.1166667e+01   1.2212904e+01
   1.7101542e+02   2.4500000e+01   1.2212904e+01
   1.7101542e+02   2.7833333e+01   1.2212904e+01
   1.7279662e+02   1.1166667e+01   1.2941614e+01
   1.7279662e+02   1.4500000e+01   1.2941614e+01
   1.7279662e+02   1.7833333e+01   1.2941614e+01
   1.7279662e+02   2.1166667e+01   1.2941614e+01
   1.7279662e+02   2.4500000e+01   1.2941614e+01
   1.7279662e+02   2.7833333e+01   1.2941614e+01
   1.7457782e+02   1.1166667e+01   1.3670323e+01
   1.7457782e+02   1.4500000e+01   1.3670323e+01
   1.7457782e+02   1.7833333e+01   1.3670323e+01
   1.7457782e+02   2.1166667e+01   1.3670323e+01
   1.7457782e+02   2.4500000e+01   1.3670323e+01
   1.7457782e+02   2.7833333e+01   1.3670323e+01
   1.7635903e+02   1.1166667e+01   1.4399033e+01
   1.7635903e+02   1.4500000e+01   1.4399033e+01
   1.7635903e+02   1.7833333e+01   1.4399033e+01
   1.7635903e+02   2.1166667e+01   1.4399033e+01
   1.7635903e+02   2.4500000e+01   1.4399033e+01
   1.7635903e+02   2.7833333e+01   1.4399033e+01
   1.7814023e+02   1.1166667e+01   1.5127742e+01
   1.7814023e+02   1.4500000e+01   1.5127742e+01
   1.7814023e+02   1.7833333e+01   1.5127742e+01
   1.7814023e+02   2.1166667e+01   1.5127742e+01
   1.7814023e+02   2.4500000e+01   1.5127742e+01
   1.7814023e+02   2.7833333e+01   1.5127742e+01
   1.7992143e+02   1.1166667e+01   1.5856452e+01
   1.7992143e+02   1.4500000e+01   1.5856452e+01
   1.7992143e+02   1.7833333e+01   1.5856452e+01
   1.7992143e+02   2.1166667e+01   1.5856452e+01
   1.7992143e+02   2.4500000e+01   1.5856452e+01
   1.7992143e+02   2.7833333e+01   1.5856452e+01
   1.8170264e+02   1.1166667e+01   1.6585162e+01
   1.8170264e+02   1.4500000e+01   1.6585162e+01
   1.8170264e+02   1.7833333e+01   1.6585162e+01
   1.8170264e+02   2.1166667e+01   1.6585162e+01
   1.8170264e+02   2.4500000e+01   1.6585162e+01
   1.8170264e+02   2.7833333e+01   1.6585162e+01
   1.8348384e+02   1.1166667e+01   1.7313871e+01
   1.8348384e+02   1.4500000e+01   1.7313871e+01
   1.8348384e+02   1.7833333e+01   1.7313871e+01
   1.8348384e+02   2.1166667e+01   1.7313871e+01
   1.8348384e+02   2.4500000e+01   1.7313871e+01
   1.8348384e+02   2.7833333e+01   1.7313871e+01
   1.8526504e+02   1.1166667e+01   1.8042581e+01
   1.8481974e+02   1.4500000e+01   1.7860403e+01
   1.8426447e+02   1.7833333e+01   1.7633237e+01
   1.8426447e+02   2.1166667e+01   1.7633237e+01
   1.8481974e+02   2.4500000e+01   1.7860403e+01
   1.8526504e+02   2.7833333e+01   1.8042581e+01
   1.8626939e+02   1.1166667e+01   1.8453471e+01
   1.8626939e+02   2.7833333e+01   1.8453471e+01
   1.6300000e+02   9.5000000e+00   3.0066289e+01
   1.6300000e+02   1.2833333e+01   3.0066289e+01
   1.6300000e+02   1.6166667e+01   3.0066289e+01
   1.6300000e+02   1.9500000e+01   3.0066289e+01
   1.6300000e+02   2.2833333e+01   3.0066289e+01
   1.6300000e+02   2.6166667e+01   3.0066289e+01
   1.6300000e+02   2.9500000e+01   3.0066289e+01
   1.6478120e+02   9.5000000e+00   2.9337580e+01
   1.6478120e+02   1.2833333e+01   2.9337580e+01
   1.6478120e+02   1.6166667e+01   2.9337580e+01
   1.6478120e+02   1.9500000e+01   2.9337580e+01
   1.6478120e+02   2.2833333e+01   2.9337580e+01
   1.6478120e+02   2.6166667e+01   2.9337580e+01
   1.6478120e+02   2.9500000e+01   2.9337580e+01
   1.6656241e+02   9.5000000e+00   2.8608870e+01
   1.6656241e+02   1.2833333e+01   2.8608870e+01
   1.6656241e+02   1.6166667e+01   2.8608870e+01
   1.6656241e+02   1.9500000e+01   2.8608870e+01
   1.6656241e+02   2.2833333e+01   2.8608870e+01
   1.6656241e+02   2.6166667e+01   2.8608870e+01
   1.6656241e+02   2.9500000e+01   2.8608870e+01
   1.6834361e+02   9.5000000e+00   2.7880160e+01
   1.6834361e+02   1.2833333e+01   2.7880160e+01
   1.6834361e+02   1.6166667e+01   2.7880160e+01
   1.6834361e+02   1.9500000e+01   2.7880160e+01
   1.6834361e+02   2.2833333e+01   2.7880160e+01
   1.6834361e+02   2.6166667e+01   2.7880160e+01
   1.6834361e+02   2.9500000e+01   2.7880160e+01
   1.7012481e+02   9.5000000e+00   2.7151451e+01
   1.7012481e+02   1.2833333e+01   2.7151451e+01
   1.7012481e+02   1.6166667e+01   2.7151451e+01
   1.7012481e+02   1.9500000e+01   2.7151451e+01
   1.7012481e+02   2.2833333e+01   2.7151451e+01
   1.7012481e+02   2.6166667e+01   2.7151451e+01
   1.7012481e+02   2.9500000e+01   2.7151451e+01
   1.7190602e+02   9.5000000e+00   2.6422741e+01
   1.7190602e+02   1.2833333e+01   2.6422741e+01
   1.7190602e+02   1.6166667e+01   2.6422741e+01
   1.7190602e+02   1.9500000e+01   2.6422741e+01
   1.7190602e+02   2.2833333e+01   2.6422741e+01
   1.7190602e+02   2.6166667e+01   2.6422741e+01
   1.7190602e+02   2.9500000e+01   2.6422741e+01
   1.7368722e+02   9.5000000e+00   2.5694032e+01
   1.7368722e+02   1.2833333e+01   2.5694032e+01
   1.7368722e+02   1.6166667e+01   2.5694032e+01
   1.7368722e+02   1.9500000e+01   2.5694032e+01
   1.7368722e+02   2.2833333e+01   2.5694032e+01
   1.7368722e+02   2.6166667e+01   2.5694032e+01
   1.7368722e+02   2.9500000e+01   2.5694032e+01
   1.7546842e+02   9.5000000e+00   2.4965322e+01
   1.7546842e+02   1.2833333e+01   2.4965322e+01
   1.7546842e+02   1.6166667e+01   2.4965322e+01
   1.7546842e+02   1.9500000e+01   2.4965322e+01
   1.7546842e+02   2.2833333e+01   2.4965322e+01
   1.7546842e+02   2.6166667e+01   2.4965322e+01
   1.7546842e+02   2.9500000e+01   2.4965322e+01
   1.7724963e+02   9.5000000e+00   2.4236612e+01
   1.7724963e+02   1.2833333e+01   2.4236612e+01
   1.7724963e+02   1.6166667e+01   2.4236612e+01
   1.7724963e+02   1.9500000e+01   2.4236612e+01
   1.7724963e+02   2.2833333e+01   2.4236612e+01
   1.7724963e+02   2.6166667e+01   2.4236612e+01
   1.7724963e+02   2.9500000e+01   2.4236612e+01
   1.7903083e+02   9.5000000e+00   2.3507903e+01
   1.7903083e+02   1.2833333e+01   2.3507903e+01
   1.7903083e+02   1.6166667e+01   2.3507903e+01
   1.7903083e+02   1.9500000e+01   2.3507903e+01
   1.7903083e+02   2.2833333e+01   2.3507903e+01
   1.7903083e+02   2.6166667e+01   2.3507903e+01
   1.7903083e+02   2.9500000e+01   2.3507903e+01
   1.8081204e+02   9.5000000e+00   2.2779193e+01
   1.8081204e+02   1.2833333e+01   2.2779193e+01
   1.8081204e+02   1.6166667e+01   2.2779193e+01
   1.8081204e+02   1.9500000e+01   2.2779193e+01
   1.8081204e+02   2.2833333e+01   2.2779193e+01
   1.8081204e+02   2.6166667e+01   2.2779193e+01
   1.8081204e+02   2.9500000e+01   2.2779193e+01
   1.8259324e+02   9.5000000e+00   2.2050484e+01
   1.8259324e+02   1.2833333e+01   2.2050484e+01
   1.8259324e+02   1.6166667e+01   2.2050484e+01
   1.8259324e+02   1.9500000e+01   2.2050484e+01
   1.8259324e+02   2.2833333e+01   2.2050484e+01
   1.8259324e+02   2.6166667e+01   2.2050484e+01
   1.8259324e+02   2.9500000e+01   2.2050484e+01
   1.8437444e+02   9.5000000e+00   2.1321774e+01
   1.8437444e+02   1.2833333e+01   2.1321774e+01
   1.8446441e+02   1.6166667e+01   2.1284967e+01
   1.8419975e+02   1.9500000e+01   2.1393243e+01
   1.8446441e+02   2.2833333e+01   2.1284967e+01
   1.8437444e+02   2.6166667e+01   2.1321774e+01
   1.8437444e+02   2.9500000e+01   2.1321774e+01
   1.8615565e+02   9.5000000e+00   2.0593064e+01
   1.8537817e+02   1.2833333e+01   2.0911140e+01
   1.8537817e+02   2.6166667e+01   2.0911140e+01
   1.8615565e+02   2.9500000e+01   2.0593064e+01
   1.8882745e+02   9.5000000e+00   1.9500000e+01
   1.8882745e+02   2.9500000e+01   1.9500000e+01
   1.6300000e+02   1.1166667e+01   3.0066289e+01
   1.6300000e+02   1.4500000e+01   3.0066289e+01
   1.6300000e+02   1.7833333e+01   3.0066289e+01
   1.6300000e+02   2.1166667e+01   3.0066289e+01
   1.6300000e+02   2.4500000e+01   3.0066289e+01
   1.6300000e+02   2.7833333e+01   3.0066289e+01
   1.6389060e+02   1.1166667e+01   2.9701934e+01
   1.6389060e+02   1.4500000e+01   2.9701934e+01
   1.6389060e+02   1.7833333e+01   2.9701934e+01
   1.6389060e+02   2.1166667e+01   2.9701934e+01
   1.6389060e+02   2.4500000e+01   2.9701934e+01
   1.6389060e+02   2.7833333e+01   2.9701934e+01
   1.6567181e+02   1.1166667e+01   2.8973225e+01
   1.6567181e+02   1.4500000e+01   2.8973225e+01
   1.6567181e+02   1.7833333e+01   2.8973225e+01
   1.6567181e+02   2.1166667e+01   2.8973225e+01
   1.6567181e+02   2.4500000e+01   2.8973225e+01
   1.6567181e+02   2.7833333e+01   2.8973225e+01
   1.6745301e+02   1.1166667e+01   2.8244515e+01
   1.6745301e+02   1.4500000e+01   2.8244515e+01
   1.6745301e+02   1.7833333e+01   2.8244515e+01
   1.6745301e+02   2.1166667e+01   2.8244515e+01
   1.6745301e+02   2.4500000e+01   2.8244515e+01
   1.6745301e+02   2.7833333e+01   2.8244515e+01
   1.6923421e+02   1.1166667e+01   2.7515806e+01
   1.6923421e+02   1.4500000e+01   2.7515806e+01
   1.6923421e+02   1.7833333e+01   2.7515806e+01
   1.6923421e+02   2.1166667e+01   2.7515806e+01
   1.6923421e+02   2.4500000e+01   2.7515806e+01
   1.6923421e+02   2.7833333e+01   2.7515806e+01
   1.7101542e+02   1.1166667e+01   2.6787096e+01
   1.7101542e+02   1.4500000e+01   2.6787096e+01
   1.7101542e+02   1.7833333e+01   2.6787096e+01
   1.7101542e+02   2.1166667e+01   2.6787096e+01
   1.7101542e+02   2.4500000e+01   2.6787096e+01
   1.7101542e+02   2.7833333e+01   2.6787096e+01
   1.7279662e+02   1.1166667e+01   2.6058386e+01
   1.7279662e+02   1.4500000e+01   2.6058386e+01
   1.7279662e+02   1.7833333e+01   2.6058386e+01
   1.7279662e+02   2.1166667e+01   2.6058386e+01
   1.7279662e+02   2.4500000e+01   2.6058386e+01
   1.7279662e+02   2.7833333e+01   2.6058386e+01
   1.7457782e+02   1.1166667e+01   2.5329677e+01
   1.7457782e+02   1.4500000e+01   2.5329677e+01
   1.7457782e+02   1.7833333e+01   2.5329677e+01
   1.7457782e+02   2.1166667e+01   2.5329677e+01
   1.7457782e+02   2.4500000e+01   2.5329677e+01
   1.7457782e+02   2.7833333e+01   2.5329677e+01
   1.7635903e+02   1.1166667e+01   2.4600967e+01
   1.7635903e+02   1.4500000e+01   2.4600967e+01
   1.7635903e+02   1.7833333e+01   2.4600967e+01
   1.7635903e+02   2.1166667e+01   2.4600967e+01
   1.7635903e+02   2.4500000e+01   2.4600967e+01
   1.7635903e+02   2.7833333e+01   2.4600967e+01
   1.7814023e+02   1.1166667e+01   2.3872258e+01
   1.7814023e+02   1.4500000e+01   2.3872258e+01
   1.7814023e+02   1.7833333e+01   2.3872258e+01
   1.7814023e+02   2.1166667e+01   2.3872258e+01
   1.7814023e+02   2.4500000e+01   2.3872258e+01
   1.7814023e+02   2.7833333e+01   2.3872258e+01
   1.7992143e+02   1.1166667e+01   2.3143548e+01
   1.7992143e+02   1.4500000e+01   2.3143548e+01
   1.7992143e+02   1.7833333e+01   2.3143548e+01
   1.7992143e+02   2.1166667e+01   2.3143548e+01
   1.7992143e+02   2.4500000e+01   2.3143548e+01
   1.7992143e+02   2.7833333e+01   2.3143548e+01
   1.8170264e+02   1.1166667e+01   2.2414838e+01
   1.8170264e+02   1.4500000e+01   2.2414838e+01
   1.8170264e+02   1.7833333e+01   2.2414838e+01
   1.8170264e+02   2.1166667e+01   2.2414838e+01
   1.8170264e+02   2.4500000e+01   2.2414838e+01
   1.8170264e+02   2.7833333e+01   2.2414838e+01
   1.8348384e+02   1.1166667e+01   2.1686129e+01
   1.8348384e+02   1.4500000e+01   2.1686129e+01
   1.8348384e+02   1.7833333e+01   2.1686129e+01
   1.8348384e+02   2.1166667e+01   2.1686129e+01
   1.8348384e+02   2.4500000e+01   2.1686129e+01
   1.8348384e+02   2.7833333e+01   2.1686129e+01
   1.8526504e+02   1.1166667e+01   2.0957419e+01
   1.8481974e+02   1.4500000e+01   2.1139597e+01
   1.8426447e+02   1.7833333e+01   2.1366763e+01
   1.8426447e+02   2.1166667e+01   2.1366763e+01
   1.8481974e+02   2.4500000e+01   2.1139597e+01
   1.8526504e+02   2.7833333e+01   2.0957419e+01
   1.8626939e+02   1.1166667e+01   2.0546529e+01
   1.8626939e+02   2.7833333e+01   2.0546529e+01
